proj	ts	deg	stage	art	seq	rid	pass	cls	esc	rat
PRPs-agentic-eng	2026-08-03T17:18:34Z	0	code-review	figma-quota-resilience-phase-1-resource-packaging	1	R-COH-CALLER-DRIFT	1	blocking	0	-
PRPs-agentic-eng	2026-08-03T17:18:34Z	0	code-review	figma-quota-resilience-phase-1-resource-packaging	1	R-COH-CONFIG-DANGLING	1	blocking	0	-
PRPs-agentic-eng	2026-08-03T17:18:34Z	0	code-review	figma-quota-resilience-phase-1-resource-packaging	1	R-COH-DEAD-IMPORT	1	blocking	0	-
PRPs-agentic-eng	2026-08-03T17:18:34Z	0	code-review	figma-quota-resilience-phase-1-resource-packaging	1	R-COH-REGISTRY-MISSING	1	blocking	0	-
PRPs-agentic-eng	2026-08-03T17:18:34Z	0	code-review	figma-quota-resilience-phase-1-resource-packaging	1	R-COH-TASK-CONTRADICTION	0	blocking	0	-
PRPs-agentic-eng	2026-08-03T17:18:34Z	0	code-review	figma-quota-resilience-phase-1-resource-packaging	1	R-L1	1	blocking	0	-
PRPs-agentic-eng	2026-08-03T17:18:34Z	0	code-review	figma-quota-resilience-phase-1-resource-packaging	1	R-L2	1	blocking	0	-
PRPs-agentic-eng	2026-08-03T17:18:34Z	0	code-review	figma-quota-resilience-phase-1-resource-packaging	1	R-L3	1	blocking	0	-
PRPs-agentic-eng	2026-08-03T17:18:34Z	0	code-review	figma-quota-resilience-phase-1-resource-packaging	1	R-S1	0	blocking	0	-
PRPs-agentic-eng	2026-08-03T17:18:34Z	0	code-review	figma-quota-resilience-phase-1-resource-packaging	1	R-S2	0	blocking	0	-
PRPs-agentic-eng	2026-08-03T17:18:34Z	0	code-review	figma-quota-resilience-phase-1-resource-packaging	1	R-S3	1	blocking	0	-
PRPs-agentic-eng	2026-08-03T17:18:34Z	0	code-review	figma-quota-resilience-phase-1-resource-packaging	1	R-SEM	0	blocking	0	-
PRPs-agentic-eng	2026-08-03T17:18:34Z	0	code-review	figma-quota-resilience-phase-1-resource-packaging	1	R-X	1	blocking	0	-
PRPs-agentic-eng	2026-08-03T18:09:07Z	0	code-review	figma-quota-resilience-phase-1-resource-packaging	2	R-COH-CALLER-DRIFT	1	blocking	0	-
PRPs-agentic-eng	2026-08-03T18:09:07Z	0	code-review	figma-quota-resilience-phase-1-resource-packaging	2	R-COH-COMMENT-MISMATCH	1	blocking	0	-
PRPs-agentic-eng	2026-08-03T18:09:07Z	0	code-review	figma-quota-resilience-phase-1-resource-packaging	2	R-COH-CONFIG-DANGLING	1	blocking	0	-
PRPs-agentic-eng	2026-08-03T18:09:07Z	0	code-review	figma-quota-resilience-phase-1-resource-packaging	2	R-COH-DEAD-IMPORT	1	blocking	0	-
PRPs-agentic-eng	2026-08-03T18:09:07Z	0	code-review	figma-quota-resilience-phase-1-resource-packaging	2	R-COH-REGISTRY-MISSING	1	blocking	0	-
PRPs-agentic-eng	2026-08-03T18:09:07Z	0	code-review	figma-quota-resilience-phase-1-resource-packaging	2	R-COH-TASK-CONTRADICTION	1	blocking	0	-
PRPs-agentic-eng	2026-08-03T18:09:07Z	0	code-review	figma-quota-resilience-phase-1-resource-packaging	2	R-L1	1	blocking	0	-
PRPs-agentic-eng	2026-08-03T18:09:07Z	0	code-review	figma-quota-resilience-phase-1-resource-packaging	2	R-L2	1	blocking	0	-
PRPs-agentic-eng	2026-08-03T18:09:07Z	0	code-review	figma-quota-resilience-phase-1-resource-packaging	2	R-L3	1	blocking	0	-
PRPs-agentic-eng	2026-08-03T18:09:07Z	0	code-review	figma-quota-resilience-phase-1-resource-packaging	2	R-S1	1	blocking	0	-
PRPs-agentic-eng	2026-08-03T18:09:07Z	0	code-review	figma-quota-resilience-phase-1-resource-packaging	2	R-S2	1	blocking	0	-
PRPs-agentic-eng	2026-08-03T18:09:07Z	0	code-review	figma-quota-resilience-phase-1-resource-packaging	2	R-S3	1	blocking	0	-
PRPs-agentic-eng	2026-08-03T18:09:07Z	0	code-review	figma-quota-resilience-phase-1-resource-packaging	2	R-SEM	1	blocking	0	-
PRPs-agentic-eng	2026-08-03T18:09:07Z	0	code-review	figma-quota-resilience-phase-1-resource-packaging	2	R-X	1	blocking	0	-
PRPs-agentic-eng	2026-08-03T20:15:00Z	0	code-review	figma-quota-resilience-phase-2-scoped-scan-metadata-budget	1	R-COH-CALLER-DRIFT	1	blocking	0	-
PRPs-agentic-eng	2026-08-03T20:15:00Z	0	code-review	figma-quota-resilience-phase-2-scoped-scan-metadata-budget	1	R-COH-CONFIG-DANGLING	1	blocking	0	-
PRPs-agentic-eng	2026-08-03T20:15:00Z	0	code-review	figma-quota-resilience-phase-2-scoped-scan-metadata-budget	1	R-COH-DEAD-IMPORT	1	blocking	0	-
PRPs-agentic-eng	2026-08-03T20:15:00Z	0	code-review	figma-quota-resilience-phase-2-scoped-scan-metadata-budget	1	R-COH-REGISTRY-MISSING	1	blocking	0	-
PRPs-agentic-eng	2026-08-03T20:15:00Z	0	code-review	figma-quota-resilience-phase-2-scoped-scan-metadata-budget	1	R-COH-TASK-CONTRADICTION	1	blocking	0	-
PRPs-agentic-eng	2026-08-03T20:15:00Z	0	code-review	figma-quota-resilience-phase-2-scoped-scan-metadata-budget	1	R-L1	1	blocking	0	-
PRPs-agentic-eng	2026-08-03T20:15:00Z	0	code-review	figma-quota-resilience-phase-2-scoped-scan-metadata-budget	1	R-L2	1	blocking	0	-
PRPs-agentic-eng	2026-08-03T20:15:00Z	0	code-review	figma-quota-resilience-phase-2-scoped-scan-metadata-budget	1	R-L3	1	blocking	0	-
PRPs-agentic-eng	2026-08-03T20:15:00Z	0	code-review	figma-quota-resilience-phase-2-scoped-scan-metadata-budget	1	R-S1	1	blocking	0	-
PRPs-agentic-eng	2026-08-03T20:15:00Z	0	code-review	figma-quota-resilience-phase-2-scoped-scan-metadata-budget	1	R-S2	1	blocking	0	-
PRPs-agentic-eng	2026-08-03T20:15:00Z	0	code-review	figma-quota-resilience-phase-2-scoped-scan-metadata-budget	1	R-S3	1	blocking	0	-
PRPs-agentic-eng	2026-08-03T20:15:00Z	0	code-review	figma-quota-resilience-phase-2-scoped-scan-metadata-budget	1	R-SEM	1	blocking	0	-
PRPs-agentic-eng	2026-08-03T20:15:00Z	0	code-review	figma-quota-resilience-phase-2-scoped-scan-metadata-budget	1	R-X	1	blocking	0	-
PRPs-agentic-eng	2026-08-04T15:57:41Z	0	code-review	figma-quota-resilience-phase-3-quota-preflight-named-failure	1	arbitration	-	blocking	0	-
PRPs-agentic-eng	2026-08-04T17:11:59Z	0	code-review	figma-quota-resilience-phase-3-quota-preflight-named-failure	2	R-COH-CALLER-DRIFT	1	blocking	0	-
PRPs-agentic-eng	2026-08-04T17:11:59Z	0	code-review	figma-quota-resilience-phase-3-quota-preflight-named-failure	2	R-COH-CONFIG-DANGLING	1	blocking	0	-
PRPs-agentic-eng	2026-08-04T17:11:59Z	0	code-review	figma-quota-resilience-phase-3-quota-preflight-named-failure	2	R-COH-DEAD-IMPORT	1	blocking	0	-
PRPs-agentic-eng	2026-08-04T17:11:59Z	0	code-review	figma-quota-resilience-phase-3-quota-preflight-named-failure	2	R-COH-OTHER-INTERNAL-CONTRADICTION	0	blocking	0	-
PRPs-agentic-eng	2026-08-04T17:11:59Z	0	code-review	figma-quota-resilience-phase-3-quota-preflight-named-failure	2	R-COH-REGISTRY-MISSING	1	blocking	0	-
PRPs-agentic-eng	2026-08-04T17:11:59Z	0	code-review	figma-quota-resilience-phase-3-quota-preflight-named-failure	2	R-COH-TASK-CONTRADICTION	1	blocking	0	-
PRPs-agentic-eng	2026-08-04T17:11:59Z	0	code-review	figma-quota-resilience-phase-3-quota-preflight-named-failure	2	R-L1	1	blocking	0	-
PRPs-agentic-eng	2026-08-04T17:11:59Z	0	code-review	figma-quota-resilience-phase-3-quota-preflight-named-failure	2	R-L2	1	blocking	0	-
PRPs-agentic-eng	2026-08-04T17:11:59Z	0	code-review	figma-quota-resilience-phase-3-quota-preflight-named-failure	2	R-L3	1	blocking	0	-
PRPs-agentic-eng	2026-08-04T17:11:59Z	0	code-review	figma-quota-resilience-phase-3-quota-preflight-named-failure	2	R-S1	1	blocking	0	-
PRPs-agentic-eng	2026-08-04T17:11:59Z	0	code-review	figma-quota-resilience-phase-3-quota-preflight-named-failure	2	R-S2	1	blocking	0	-
PRPs-agentic-eng	2026-08-04T17:11:59Z	0	code-review	figma-quota-resilience-phase-3-quota-preflight-named-failure	2	R-S3	1	blocking	0	-
PRPs-agentic-eng	2026-08-04T17:11:59Z	0	code-review	figma-quota-resilience-phase-3-quota-preflight-named-failure	2	R-SEM	0	blocking	0	-
PRPs-agentic-eng	2026-08-04T17:11:59Z	0	code-review	figma-quota-resilience-phase-3-quota-preflight-named-failure	2	R-X	1	blocking	0	-
PRPs-agentic-eng	2026-08-04T17:36:02Z	0	code-review	figma-quota-resilience-phase-3-quota-preflight-named-failure	3	R-COH-CALLER-DRIFT	1	blocking	0	-
PRPs-agentic-eng	2026-08-04T17:36:02Z	0	code-review	figma-quota-resilience-phase-3-quota-preflight-named-failure	3	R-COH-CONFIG-DANGLING	1	blocking	0	-
PRPs-agentic-eng	2026-08-04T17:36:02Z	0	code-review	figma-quota-resilience-phase-3-quota-preflight-named-failure	3	R-COH-DEAD-IMPORT	1	blocking	0	-
PRPs-agentic-eng	2026-08-04T17:36:02Z	0	code-review	figma-quota-resilience-phase-3-quota-preflight-named-failure	3	R-COH-REGISTRY-MISSING	1	blocking	0	-
PRPs-agentic-eng	2026-08-04T17:36:02Z	0	code-review	figma-quota-resilience-phase-3-quota-preflight-named-failure	3	R-COH-TASK-CONTRADICTION	1	blocking	0	-
PRPs-agentic-eng	2026-08-04T17:36:02Z	0	code-review	figma-quota-resilience-phase-3-quota-preflight-named-failure	3	R-L1	1	blocking	0	-
PRPs-agentic-eng	2026-08-04T17:36:02Z	0	code-review	figma-quota-resilience-phase-3-quota-preflight-named-failure	3	R-L2	1	blocking	0	-
PRPs-agentic-eng	2026-08-04T17:36:02Z	0	code-review	figma-quota-resilience-phase-3-quota-preflight-named-failure	3	R-L3	1	blocking	0	-
PRPs-agentic-eng	2026-08-04T17:36:02Z	0	code-review	figma-quota-resilience-phase-3-quota-preflight-named-failure	3	R-S1	1	blocking	0	-
PRPs-agentic-eng	2026-08-04T17:36:02Z	0	code-review	figma-quota-resilience-phase-3-quota-preflight-named-failure	3	R-S2	1	blocking	0	-
PRPs-agentic-eng	2026-08-04T17:36:02Z	0	code-review	figma-quota-resilience-phase-3-quota-preflight-named-failure	3	R-S3	1	blocking	0	-
PRPs-agentic-eng	2026-08-04T17:36:02Z	0	code-review	figma-quota-resilience-phase-3-quota-preflight-named-failure	3	R-SEM	1	blocking	0	-
PRPs-agentic-eng	2026-08-04T17:36:02Z	0	code-review	figma-quota-resilience-phase-3-quota-preflight-named-failure	3	R-X	1	blocking	0	-
PRPs-agentic-eng	2026-08-04T20:03:02Z	0	code-review	figma-quota-resilience-phase-4-evidence-contract-rungs-r-dm7	1	R-COH-CALLER-DRIFT	1	blocking	0	-
PRPs-agentic-eng	2026-08-04T20:03:02Z	0	code-review	figma-quota-resilience-phase-4-evidence-contract-rungs-r-dm7	1	R-COH-CONFIG-DANGLING	1	blocking	0	-
PRPs-agentic-eng	2026-08-04T20:03:02Z	0	code-review	figma-quota-resilience-phase-4-evidence-contract-rungs-r-dm7	1	R-COH-DEAD-IMPORT	1	blocking	0	-
PRPs-agentic-eng	2026-08-04T20:03:02Z	0	code-review	figma-quota-resilience-phase-4-evidence-contract-rungs-r-dm7	1	R-COH-OTHER-INTERNAL-CONTRADICTION	0	blocking	0	-
PRPs-agentic-eng	2026-08-04T20:03:02Z	0	code-review	figma-quota-resilience-phase-4-evidence-contract-rungs-r-dm7	1	R-COH-REGISTRY-MISSING	1	blocking	0	-
PRPs-agentic-eng	2026-08-04T20:03:02Z	0	code-review	figma-quota-resilience-phase-4-evidence-contract-rungs-r-dm7	1	R-COH-TASK-CONTRADICTION	1	blocking	0	-
PRPs-agentic-eng	2026-08-04T20:03:02Z	0	code-review	figma-quota-resilience-phase-4-evidence-contract-rungs-r-dm7	1	R-L1	1	blocking	0	-
PRPs-agentic-eng	2026-08-04T20:03:02Z	0	code-review	figma-quota-resilience-phase-4-evidence-contract-rungs-r-dm7	1	R-L2	1	blocking	0	-
PRPs-agentic-eng	2026-08-04T20:03:02Z	0	code-review	figma-quota-resilience-phase-4-evidence-contract-rungs-r-dm7	1	R-L3	1	blocking	0	-
PRPs-agentic-eng	2026-08-04T20:03:02Z	0	code-review	figma-quota-resilience-phase-4-evidence-contract-rungs-r-dm7	1	R-S1	1	blocking	0	-
PRPs-agentic-eng	2026-08-04T20:03:02Z	0	code-review	figma-quota-resilience-phase-4-evidence-contract-rungs-r-dm7	1	R-S2	1	blocking	0	-
PRPs-agentic-eng	2026-08-04T20:03:02Z	0	code-review	figma-quota-resilience-phase-4-evidence-contract-rungs-r-dm7	1	R-S3	1	blocking	0	-
PRPs-agentic-eng	2026-08-04T20:03:02Z	0	code-review	figma-quota-resilience-phase-4-evidence-contract-rungs-r-dm7	1	R-SEM	1	blocking	0	-
PRPs-agentic-eng	2026-08-04T20:03:02Z	0	code-review	figma-quota-resilience-phase-4-evidence-contract-rungs-r-dm7	1	R-X	1	blocking	0	-
PRPs-agentic-eng	2026-08-04T20:26:02Z	0	code-review	figma-quota-resilience-phase-4-evidence-contract-rungs-r-dm7	2	R-COH-CALLER-DRIFT	1	blocking	0	-
PRPs-agentic-eng	2026-08-04T20:26:02Z	0	code-review	figma-quota-resilience-phase-4-evidence-contract-rungs-r-dm7	2	R-COH-CONFIG-DANGLING	1	blocking	0	-
PRPs-agentic-eng	2026-08-04T20:26:02Z	0	code-review	figma-quota-resilience-phase-4-evidence-contract-rungs-r-dm7	2	R-COH-DEAD-IMPORT	1	blocking	0	-
PRPs-agentic-eng	2026-08-04T20:26:02Z	0	code-review	figma-quota-resilience-phase-4-evidence-contract-rungs-r-dm7	2	R-COH-REGISTRY-MISSING	1	blocking	0	-
PRPs-agentic-eng	2026-08-04T20:26:02Z	0	code-review	figma-quota-resilience-phase-4-evidence-contract-rungs-r-dm7	2	R-COH-TASK-CONTRADICTION	1	blocking	0	-
PRPs-agentic-eng	2026-08-04T20:26:02Z	0	code-review	figma-quota-resilience-phase-4-evidence-contract-rungs-r-dm7	2	R-L1	1	blocking	0	-
PRPs-agentic-eng	2026-08-04T20:26:02Z	0	code-review	figma-quota-resilience-phase-4-evidence-contract-rungs-r-dm7	2	R-L2	1	blocking	0	-
PRPs-agentic-eng	2026-08-04T20:26:02Z	0	code-review	figma-quota-resilience-phase-4-evidence-contract-rungs-r-dm7	2	R-L3	1	blocking	0	-
PRPs-agentic-eng	2026-08-04T20:26:02Z	0	code-review	figma-quota-resilience-phase-4-evidence-contract-rungs-r-dm7	2	R-S1	1	blocking	0	-
PRPs-agentic-eng	2026-08-04T20:26:02Z	0	code-review	figma-quota-resilience-phase-4-evidence-contract-rungs-r-dm7	2	R-S2	1	blocking	0	-
PRPs-agentic-eng	2026-08-04T20:26:02Z	0	code-review	figma-quota-resilience-phase-4-evidence-contract-rungs-r-dm7	2	R-S3	1	blocking	0	-
PRPs-agentic-eng	2026-08-04T20:26:02Z	0	code-review	figma-quota-resilience-phase-4-evidence-contract-rungs-r-dm7	2	R-SEM	1	blocking	0	-
PRPs-agentic-eng	2026-08-04T20:26:02Z	0	code-review	figma-quota-resilience-phase-4-evidence-contract-rungs-r-dm7	2	R-X	1	blocking	0	-
PRPs-agentic-eng	2026-08-04T22:57:49Z	0	code-review	figma-quota-resilience-phase-5-checkpoint-resume	1	R-COH-CALLER-DRIFT	1	blocking	0	-
PRPs-agentic-eng	2026-08-04T22:57:49Z	0	code-review	figma-quota-resilience-phase-5-checkpoint-resume	1	R-COH-CONFIG-DANGLING	1	blocking	0	-
PRPs-agentic-eng	2026-08-04T22:57:49Z	0	code-review	figma-quota-resilience-phase-5-checkpoint-resume	1	R-COH-DEAD-IMPORT	1	blocking	0	-
PRPs-agentic-eng	2026-08-04T22:57:49Z	0	code-review	figma-quota-resilience-phase-5-checkpoint-resume	1	R-COH-OTHER-INTERNAL-CONTRADICTION	0	blocking	0	-
PRPs-agentic-eng	2026-08-04T22:57:49Z	0	code-review	figma-quota-resilience-phase-5-checkpoint-resume	1	R-COH-OTHER-INTERNAL-CONTRADICTION	0	blocking	0	-
PRPs-agentic-eng	2026-08-04T22:57:49Z	0	code-review	figma-quota-resilience-phase-5-checkpoint-resume	1	R-COH-OTHER-INTERNAL-CONTRADICTION	0	blocking	0	-
PRPs-agentic-eng	2026-08-04T22:57:49Z	0	code-review	figma-quota-resilience-phase-5-checkpoint-resume	1	R-COH-REGISTRY-MISSING	1	blocking	0	-
PRPs-agentic-eng	2026-08-04T22:57:49Z	0	code-review	figma-quota-resilience-phase-5-checkpoint-resume	1	R-COH-TASK-CONTRADICTION	1	blocking	0	-
PRPs-agentic-eng	2026-08-04T22:57:49Z	0	code-review	figma-quota-resilience-phase-5-checkpoint-resume	1	R-L1	1	blocking	0	-
PRPs-agentic-eng	2026-08-04T22:57:49Z	0	code-review	figma-quota-resilience-phase-5-checkpoint-resume	1	R-L2	1	blocking	0	-
PRPs-agentic-eng	2026-08-04T22:57:49Z	0	code-review	figma-quota-resilience-phase-5-checkpoint-resume	1	R-L3	1	blocking	0	-
PRPs-agentic-eng	2026-08-04T22:57:49Z	0	code-review	figma-quota-resilience-phase-5-checkpoint-resume	1	R-S1	1	blocking	0	-
PRPs-agentic-eng	2026-08-04T22:57:49Z	0	code-review	figma-quota-resilience-phase-5-checkpoint-resume	1	R-S2	1	blocking	0	-
PRPs-agentic-eng	2026-08-04T22:57:49Z	0	code-review	figma-quota-resilience-phase-5-checkpoint-resume	1	R-S3	1	blocking	0	-
PRPs-agentic-eng	2026-08-04T22:57:49Z	0	code-review	figma-quota-resilience-phase-5-checkpoint-resume	1	R-SEM	1	blocking	0	-
PRPs-agentic-eng	2026-08-04T22:57:49Z	0	code-review	figma-quota-resilience-phase-5-checkpoint-resume	1	R-X	1	blocking	0	-
PRPs-agentic-eng	2026-08-04T23:21:08Z	0	code-review	figma-quota-resilience-phase-5-checkpoint-resume	2	R-COH-CALLER-DRIFT	1	blocking	0	-
PRPs-agentic-eng	2026-08-04T23:21:08Z	0	code-review	figma-quota-resilience-phase-5-checkpoint-resume	2	R-COH-CONFIG-DANGLING	1	blocking	0	-
PRPs-agentic-eng	2026-08-04T23:21:08Z	0	code-review	figma-quota-resilience-phase-5-checkpoint-resume	2	R-COH-DEAD-IMPORT	1	blocking	0	-
PRPs-agentic-eng	2026-08-04T23:21:08Z	0	code-review	figma-quota-resilience-phase-5-checkpoint-resume	2	R-COH-REGISTRY-MISSING	1	blocking	0	-
PRPs-agentic-eng	2026-08-04T23:21:08Z	0	code-review	figma-quota-resilience-phase-5-checkpoint-resume	2	R-COH-TASK-CONTRADICTION	1	blocking	0	-
PRPs-agentic-eng	2026-08-04T23:21:08Z	0	code-review	figma-quota-resilience-phase-5-checkpoint-resume	2	R-L1	1	blocking	0	-
PRPs-agentic-eng	2026-08-04T23:21:08Z	0	code-review	figma-quota-resilience-phase-5-checkpoint-resume	2	R-L2	1	blocking	0	-
PRPs-agentic-eng	2026-08-04T23:21:08Z	0	code-review	figma-quota-resilience-phase-5-checkpoint-resume	2	R-L3	1	blocking	0	-
PRPs-agentic-eng	2026-08-04T23:21:08Z	0	code-review	figma-quota-resilience-phase-5-checkpoint-resume	2	R-S1	1	blocking	0	-
PRPs-agentic-eng	2026-08-04T23:21:08Z	0	code-review	figma-quota-resilience-phase-5-checkpoint-resume	2	R-S2	1	blocking	0	-
PRPs-agentic-eng	2026-08-04T23:21:08Z	0	code-review	figma-quota-resilience-phase-5-checkpoint-resume	2	R-S3	1	blocking	0	-
PRPs-agentic-eng	2026-08-04T23:21:08Z	0	code-review	figma-quota-resilience-phase-5-checkpoint-resume	2	R-SEM	1	blocking	0	-
PRPs-agentic-eng	2026-08-04T23:21:08Z	0	code-review	figma-quota-resilience-phase-5-checkpoint-resume	2	R-X	1	blocking	0	-
PRPs-agentic-eng	2026-08-06T20:17:13Z	0	code-review	figma-quota-resilience-phase-6-design-spec-quota-path	1	R-COH-CALLER-DRIFT	1	blocking	0	-
PRPs-agentic-eng	2026-08-06T20:17:13Z	0	code-review	figma-quota-resilience-phase-6-design-spec-quota-path	1	R-COH-CONFIG-DANGLING	1	blocking	0	-
PRPs-agentic-eng	2026-08-06T20:17:13Z	0	code-review	figma-quota-resilience-phase-6-design-spec-quota-path	1	R-COH-DEAD-IMPORT	1	blocking	0	-
PRPs-agentic-eng	2026-08-06T20:17:13Z	0	code-review	figma-quota-resilience-phase-6-design-spec-quota-path	1	R-COH-OTHER-INTERNAL-CONTRADICTION	0	blocking	0	-
PRPs-agentic-eng	2026-08-06T20:17:13Z	0	code-review	figma-quota-resilience-phase-6-design-spec-quota-path	1	R-COH-OTHER-INTERNAL-CONTRADICTION	0	blocking	0	-
PRPs-agentic-eng	2026-08-06T20:17:13Z	0	code-review	figma-quota-resilience-phase-6-design-spec-quota-path	1	R-COH-REGISTRY-MISSING	1	blocking	0	-
PRPs-agentic-eng	2026-08-06T20:17:13Z	0	code-review	figma-quota-resilience-phase-6-design-spec-quota-path	1	R-COH-TASK-CONTRADICTION	1	blocking	0	-
PRPs-agentic-eng	2026-08-06T20:17:13Z	0	code-review	figma-quota-resilience-phase-6-design-spec-quota-path	1	R-L1	1	blocking	0	-
PRPs-agentic-eng	2026-08-06T20:17:13Z	0	code-review	figma-quota-resilience-phase-6-design-spec-quota-path	1	R-L2	1	blocking	0	-
PRPs-agentic-eng	2026-08-06T20:17:13Z	0	code-review	figma-quota-resilience-phase-6-design-spec-quota-path	1	R-L3	1	blocking	0	-
PRPs-agentic-eng	2026-08-06T20:17:13Z	0	code-review	figma-quota-resilience-phase-6-design-spec-quota-path	1	R-S1	1	blocking	0	-
PRPs-agentic-eng	2026-08-06T20:17:13Z	0	code-review	figma-quota-resilience-phase-6-design-spec-quota-path	1	R-S2	1	blocking	0	-
PRPs-agentic-eng	2026-08-06T20:17:13Z	0	code-review	figma-quota-resilience-phase-6-design-spec-quota-path	1	R-S3	1	blocking	0	-
PRPs-agentic-eng	2026-08-06T20:17:13Z	0	code-review	figma-quota-resilience-phase-6-design-spec-quota-path	1	R-SEM	1	blocking	0	-
PRPs-agentic-eng	2026-08-06T20:17:13Z	0	code-review	figma-quota-resilience-phase-6-design-spec-quota-path	1	R-X	1	blocking	0	-
PRPs-agentic-eng	2026-08-06T20:38:39Z	0	code-review	figma-quota-resilience-phase-6-design-spec-quota-path	2	R-COH-CALLER-DRIFT	1	blocking	0	-
PRPs-agentic-eng	2026-08-06T20:38:39Z	0	code-review	figma-quota-resilience-phase-6-design-spec-quota-path	2	R-COH-CONFIG-DANGLING	1	blocking	0	-
PRPs-agentic-eng	2026-08-06T20:38:39Z	0	code-review	figma-quota-resilience-phase-6-design-spec-quota-path	2	R-COH-DEAD-IMPORT	1	blocking	0	-
PRPs-agentic-eng	2026-08-06T20:38:39Z	0	code-review	figma-quota-resilience-phase-6-design-spec-quota-path	2	R-COH-OTHER-INTERNAL-CONTRADICTION	0	blocking	0	-
PRPs-agentic-eng	2026-08-06T20:38:39Z	0	code-review	figma-quota-resilience-phase-6-design-spec-quota-path	2	R-COH-OTHER-INTERNAL-CONTRADICTION	0	blocking	0	-
PRPs-agentic-eng	2026-08-06T20:38:39Z	0	code-review	figma-quota-resilience-phase-6-design-spec-quota-path	2	R-COH-REGISTRY-MISSING	1	blocking	0	-
PRPs-agentic-eng	2026-08-06T20:38:39Z	0	code-review	figma-quota-resilience-phase-6-design-spec-quota-path	2	R-COH-TASK-CONTRADICTION	1	blocking	0	-
PRPs-agentic-eng	2026-08-06T20:38:39Z	0	code-review	figma-quota-resilience-phase-6-design-spec-quota-path	2	R-L1	1	blocking	0	-
PRPs-agentic-eng	2026-08-06T20:38:39Z	0	code-review	figma-quota-resilience-phase-6-design-spec-quota-path	2	R-L2	1	blocking	0	-
PRPs-agentic-eng	2026-08-06T20:38:39Z	0	code-review	figma-quota-resilience-phase-6-design-spec-quota-path	2	R-L3	1	blocking	0	-
PRPs-agentic-eng	2026-08-06T20:38:39Z	0	code-review	figma-quota-resilience-phase-6-design-spec-quota-path	2	R-S1	1	blocking	0	-
PRPs-agentic-eng	2026-08-06T20:38:39Z	0	code-review	figma-quota-resilience-phase-6-design-spec-quota-path	2	R-S2	1	blocking	0	-
PRPs-agentic-eng	2026-08-06T20:38:39Z	0	code-review	figma-quota-resilience-phase-6-design-spec-quota-path	2	R-S3	1	blocking	0	-
PRPs-agentic-eng	2026-08-06T20:38:39Z	0	code-review	figma-quota-resilience-phase-6-design-spec-quota-path	2	R-SEM	1	blocking	0	-
PRPs-agentic-eng	2026-08-06T20:38:39Z	0	code-review	figma-quota-resilience-phase-6-design-spec-quota-path	2	R-X	1	blocking	0	-
PRPs-agentic-eng	2026-08-06T23:00:15Z	0	code-review	figma-quota-resilience-phase-6-design-spec-quota-path	3	R-COH-CALLER-DRIFT	1	blocking	0	-
PRPs-agentic-eng	2026-08-06T23:00:15Z	0	code-review	figma-quota-resilience-phase-6-design-spec-quota-path	3	R-COH-CONFIG-DANGLING	1	blocking	0	-
PRPs-agentic-eng	2026-08-06T23:00:15Z	0	code-review	figma-quota-resilience-phase-6-design-spec-quota-path	3	R-COH-DEAD-IMPORT	1	blocking	0	-
PRPs-agentic-eng	2026-08-06T23:00:15Z	0	code-review	figma-quota-resilience-phase-6-design-spec-quota-path	3	R-COH-OTHER-INTERNAL-CONTRADICTION	0	blocking	0	-
PRPs-agentic-eng	2026-08-06T23:00:15Z	0	code-review	figma-quota-resilience-phase-6-design-spec-quota-path	3	R-COH-OTHER-INTERNAL-CONTRADICTION	0	blocking	0	-
PRPs-agentic-eng	2026-08-06T23:00:15Z	0	code-review	figma-quota-resilience-phase-6-design-spec-quota-path	3	R-COH-REGISTRY-MISSING	1	blocking	0	-
PRPs-agentic-eng	2026-08-06T23:00:15Z	0	code-review	figma-quota-resilience-phase-6-design-spec-quota-path	3	R-COH-TASK-CONTRADICTION	1	blocking	0	-
PRPs-agentic-eng	2026-08-06T23:00:15Z	0	code-review	figma-quota-resilience-phase-6-design-spec-quota-path	3	R-L1	1	blocking	0	-
PRPs-agentic-eng	2026-08-06T23:00:15Z	0	code-review	figma-quota-resilience-phase-6-design-spec-quota-path	3	R-L2	1	blocking	0	-
PRPs-agentic-eng	2026-08-06T23:00:15Z	0	code-review	figma-quota-resilience-phase-6-design-spec-quota-path	3	R-L3	1	blocking	0	-
PRPs-agentic-eng	2026-08-06T23:00:15Z	0	code-review	figma-quota-resilience-phase-6-design-spec-quota-path	3	R-S1	1	blocking	0	-
PRPs-agentic-eng	2026-08-06T23:00:15Z	0	code-review	figma-quota-resilience-phase-6-design-spec-quota-path	3	R-S2	1	blocking	0	-
PRPs-agentic-eng	2026-08-06T23:00:15Z	0	code-review	figma-quota-resilience-phase-6-design-spec-quota-path	3	R-S3	1	blocking	0	-
PRPs-agentic-eng	2026-08-06T23:00:15Z	0	code-review	figma-quota-resilience-phase-6-design-spec-quota-path	3	R-SEM	1	blocking	0	-
PRPs-agentic-eng	2026-08-06T23:00:15Z	0	code-review	figma-quota-resilience-phase-6-design-spec-quota-path	3	R-X	1	blocking	0	-
PRPs-agentic-eng	2026-08-06T23:22:32Z	0	code-review	figma-quota-resilience-phase-6-design-spec-quota-path	4	R-COH-CALLER-DRIFT	1	blocking	0	-
PRPs-agentic-eng	2026-08-06T23:22:32Z	0	code-review	figma-quota-resilience-phase-6-design-spec-quota-path	4	R-COH-CONFIG-DANGLING	1	blocking	0	-
PRPs-agentic-eng	2026-08-06T23:22:32Z	0	code-review	figma-quota-resilience-phase-6-design-spec-quota-path	4	R-COH-DEAD-IMPORT	1	blocking	0	-
PRPs-agentic-eng	2026-08-06T23:22:32Z	0	code-review	figma-quota-resilience-phase-6-design-spec-quota-path	4	R-COH-REGISTRY-MISSING	1	blocking	0	-
PRPs-agentic-eng	2026-08-06T23:22:32Z	0	code-review	figma-quota-resilience-phase-6-design-spec-quota-path	4	R-COH-TASK-CONTRADICTION	1	blocking	0	-
PRPs-agentic-eng	2026-08-06T23:22:32Z	0	code-review	figma-quota-resilience-phase-6-design-spec-quota-path	4	R-L1	1	blocking	0	-
PRPs-agentic-eng	2026-08-06T23:22:32Z	0	code-review	figma-quota-resilience-phase-6-design-spec-quota-path	4	R-L2	1	blocking	0	-
PRPs-agentic-eng	2026-08-06T23:22:32Z	0	code-review	figma-quota-resilience-phase-6-design-spec-quota-path	4	R-L3	1	blocking	0	-
PRPs-agentic-eng	2026-08-06T23:22:32Z	0	code-review	figma-quota-resilience-phase-6-design-spec-quota-path	4	R-S1	1	blocking	0	-
PRPs-agentic-eng	2026-08-06T23:22:32Z	0	code-review	figma-quota-resilience-phase-6-design-spec-quota-path	4	R-S2	1	blocking	0	-
PRPs-agentic-eng	2026-08-06T23:22:32Z	0	code-review	figma-quota-resilience-phase-6-design-spec-quota-path	4	R-S3	1	blocking	0	-
PRPs-agentic-eng	2026-08-06T23:22:32Z	0	code-review	figma-quota-resilience-phase-6-design-spec-quota-path	4	R-SEM	1	blocking	0	-
PRPs-agentic-eng	2026-08-06T23:22:32Z	0	code-review	figma-quota-resilience-phase-6-design-spec-quota-path	4	R-X	1	blocking	0	-
PRPs-agentic-eng	2026-08-05T18:10:27Z	0	code-review	fix-a-measurement-defect-in-scriptsefficiencymjs-that	1	R-COH-CALLER-DRIFT	1	blocking	0	-
PRPs-agentic-eng	2026-08-05T18:10:27Z	0	code-review	fix-a-measurement-defect-in-scriptsefficiencymjs-that	1	R-COH-CONFIG-DANGLING	1	blocking	0	-
PRPs-agentic-eng	2026-08-05T18:10:27Z	0	code-review	fix-a-measurement-defect-in-scriptsefficiencymjs-that	1	R-COH-DEAD-IMPORT	1	blocking	0	-
PRPs-agentic-eng	2026-08-05T18:10:27Z	0	code-review	fix-a-measurement-defect-in-scriptsefficiencymjs-that	1	R-COH-REGISTRY-MISSING	1	blocking	0	-
PRPs-agentic-eng	2026-08-05T18:10:27Z	0	code-review	fix-a-measurement-defect-in-scriptsefficiencymjs-that	1	R-COH-TASK-CONTRADICTION	1	blocking	0	-
PRPs-agentic-eng	2026-08-05T18:10:27Z	0	code-review	fix-a-measurement-defect-in-scriptsefficiencymjs-that	1	R-L1	1	blocking	0	-
PRPs-agentic-eng	2026-08-05T18:10:27Z	0	code-review	fix-a-measurement-defect-in-scriptsefficiencymjs-that	1	R-L2	1	blocking	0	-
PRPs-agentic-eng	2026-08-05T18:10:27Z	0	code-review	fix-a-measurement-defect-in-scriptsefficiencymjs-that	1	R-L3	1	blocking	0	-
PRPs-agentic-eng	2026-08-05T18:10:27Z	0	code-review	fix-a-measurement-defect-in-scriptsefficiencymjs-that	1	R-S1	1	blocking	0	-
PRPs-agentic-eng	2026-08-05T18:10:27Z	0	code-review	fix-a-measurement-defect-in-scriptsefficiencymjs-that	1	R-S2	1	blocking	0	-
PRPs-agentic-eng	2026-08-05T18:10:27Z	0	code-review	fix-a-measurement-defect-in-scriptsefficiencymjs-that	1	R-S3	1	blocking	0	-
PRPs-agentic-eng	2026-08-05T18:10:27Z	0	code-review	fix-a-measurement-defect-in-scriptsefficiencymjs-that	1	R-SEM	1	blocking	0	-
PRPs-agentic-eng	2026-08-05T18:10:27Z	0	code-review	fix-a-measurement-defect-in-scriptsefficiencymjs-that	1	R-X	1	blocking	0	-
PRPs-agentic-eng	2026-08-05T18:30:29Z	0	code-review	fix-a-measurement-defect-in-scriptsefficiencymjs-that	2	R-COH-CALLER-DRIFT	1	blocking	0	-
PRPs-agentic-eng	2026-08-05T18:30:29Z	0	code-review	fix-a-measurement-defect-in-scriptsefficiencymjs-that	2	R-COH-CONFIG-DANGLING	1	blocking	0	-
PRPs-agentic-eng	2026-08-05T18:30:29Z	0	code-review	fix-a-measurement-defect-in-scriptsefficiencymjs-that	2	R-COH-DEAD-IMPORT	1	blocking	0	-
PRPs-agentic-eng	2026-08-05T18:30:29Z	0	code-review	fix-a-measurement-defect-in-scriptsefficiencymjs-that	2	R-COH-REGISTRY-MISSING	1	blocking	0	-
PRPs-agentic-eng	2026-08-05T18:30:29Z	0	code-review	fix-a-measurement-defect-in-scriptsefficiencymjs-that	2	R-COH-TASK-CONTRADICTION	1	blocking	0	-
PRPs-agentic-eng	2026-08-05T18:30:29Z	0	code-review	fix-a-measurement-defect-in-scriptsefficiencymjs-that	2	R-L1	1	blocking	0	-
PRPs-agentic-eng	2026-08-05T18:30:29Z	0	code-review	fix-a-measurement-defect-in-scriptsefficiencymjs-that	2	R-L2	1	blocking	0	-
PRPs-agentic-eng	2026-08-05T18:30:29Z	0	code-review	fix-a-measurement-defect-in-scriptsefficiencymjs-that	2	R-L3	1	blocking	0	-
PRPs-agentic-eng	2026-08-05T18:30:29Z	0	code-review	fix-a-measurement-defect-in-scriptsefficiencymjs-that	2	R-S1	1	blocking	0	-
PRPs-agentic-eng	2026-08-05T18:30:29Z	0	code-review	fix-a-measurement-defect-in-scriptsefficiencymjs-that	2	R-S2	1	blocking	0	-
PRPs-agentic-eng	2026-08-05T18:30:29Z	0	code-review	fix-a-measurement-defect-in-scriptsefficiencymjs-that	2	R-S3	1	blocking	0	-
PRPs-agentic-eng	2026-08-05T18:30:29Z	0	code-review	fix-a-measurement-defect-in-scriptsefficiencymjs-that	2	R-SEM	1	blocking	0	-
PRPs-agentic-eng	2026-08-05T18:30:29Z	0	code-review	fix-a-measurement-defect-in-scriptsefficiencymjs-that	2	R-X	1	blocking	0	-
PRPs-agentic-eng	2026-08-07T03:24:41Z	0	code-review	plan-review-materiality-phase-1-class-taxonomy-gating	1	R-COH-CALLER-DRIFT	1	blocking	0	-
PRPs-agentic-eng	2026-08-07T03:24:41Z	0	code-review	plan-review-materiality-phase-1-class-taxonomy-gating	1	R-COH-CONFIG-DANGLING	1	blocking	0	-
PRPs-agentic-eng	2026-08-07T03:24:41Z	0	code-review	plan-review-materiality-phase-1-class-taxonomy-gating	1	R-COH-DEAD-IMPORT	1	blocking	0	-
PRPs-agentic-eng	2026-08-07T03:24:41Z	0	code-review	plan-review-materiality-phase-1-class-taxonomy-gating	1	R-COH-OTHER-INTERNAL-CONTRADICTION	1	blocking	0	-
PRPs-agentic-eng	2026-08-07T03:24:41Z	0	code-review	plan-review-materiality-phase-1-class-taxonomy-gating	1	R-COH-REGISTRY-MISSING	1	blocking	0	-
PRPs-agentic-eng	2026-08-07T03:24:41Z	0	code-review	plan-review-materiality-phase-1-class-taxonomy-gating	1	R-COH-TASK-CONTRADICTION	1	blocking	0	-
PRPs-agentic-eng	2026-08-07T03:24:41Z	0	code-review	plan-review-materiality-phase-1-class-taxonomy-gating	1	R-L1	1	blocking	0	-
PRPs-agentic-eng	2026-08-07T03:24:41Z	0	code-review	plan-review-materiality-phase-1-class-taxonomy-gating	1	R-L2	1	blocking	0	-
PRPs-agentic-eng	2026-08-07T03:24:41Z	0	code-review	plan-review-materiality-phase-1-class-taxonomy-gating	1	R-L3	1	blocking	0	-
PRPs-agentic-eng	2026-08-07T03:24:41Z	0	code-review	plan-review-materiality-phase-1-class-taxonomy-gating	1	R-S1	1	blocking	0	-
PRPs-agentic-eng	2026-08-07T03:24:41Z	0	code-review	plan-review-materiality-phase-1-class-taxonomy-gating	1	R-S2	1	blocking	0	-
PRPs-agentic-eng	2026-08-07T03:24:41Z	0	code-review	plan-review-materiality-phase-1-class-taxonomy-gating	1	R-S3	1	blocking	0	-
PRPs-agentic-eng	2026-08-07T03:24:41Z	0	code-review	plan-review-materiality-phase-1-class-taxonomy-gating	1	R-SEM	1	blocking	0	-
PRPs-agentic-eng	2026-08-07T03:24:41Z	0	code-review	plan-review-materiality-phase-1-class-taxonomy-gating	1	R-X	1	blocking	0	-
PRPs-agentic-eng	2026-08-07T14:50:26Z	0	code-review	plan-review-materiality-phase-2-retry-convergence-ratchet	1	R-COH-CALLER-DRIFT	1	blocking	0	-
PRPs-agentic-eng	2026-08-07T14:50:26Z	0	code-review	plan-review-materiality-phase-2-retry-convergence-ratchet	1	R-COH-CONFIG-DANGLING	1	blocking	0	-
PRPs-agentic-eng	2026-08-07T14:50:26Z	0	code-review	plan-review-materiality-phase-2-retry-convergence-ratchet	1	R-COH-DEAD-IMPORT	1	blocking	0	-
PRPs-agentic-eng	2026-08-07T14:50:26Z	0	code-review	plan-review-materiality-phase-2-retry-convergence-ratchet	1	R-COH-REGISTRY-MISSING	1	blocking	0	-
PRPs-agentic-eng	2026-08-07T14:50:26Z	0	code-review	plan-review-materiality-phase-2-retry-convergence-ratchet	1	R-COH-TASK-CONTRADICTION	1	blocking	0	-
PRPs-agentic-eng	2026-08-07T14:50:26Z	0	code-review	plan-review-materiality-phase-2-retry-convergence-ratchet	1	R-L1	1	blocking	0	-
PRPs-agentic-eng	2026-08-07T14:50:26Z	0	code-review	plan-review-materiality-phase-2-retry-convergence-ratchet	1	R-L2	1	blocking	0	-
PRPs-agentic-eng	2026-08-07T14:50:26Z	0	code-review	plan-review-materiality-phase-2-retry-convergence-ratchet	1	R-L3	1	blocking	0	-
PRPs-agentic-eng	2026-08-07T14:50:26Z	0	code-review	plan-review-materiality-phase-2-retry-convergence-ratchet	1	R-S1	1	blocking	0	-
PRPs-agentic-eng	2026-08-07T14:50:26Z	0	code-review	plan-review-materiality-phase-2-retry-convergence-ratchet	1	R-S2	1	blocking	0	-
PRPs-agentic-eng	2026-08-07T14:50:26Z	0	code-review	plan-review-materiality-phase-2-retry-convergence-ratchet	1	R-S3	1	blocking	0	-
PRPs-agentic-eng	2026-08-07T14:50:26Z	0	code-review	plan-review-materiality-phase-2-retry-convergence-ratchet	1	R-SEM	1	blocking	0	-
PRPs-agentic-eng	2026-08-07T14:50:26Z	0	code-review	plan-review-materiality-phase-2-retry-convergence-ratchet	1	R-X	1	blocking	0	-
PRPs-agentic-eng	2026-08-07T17:00:08Z	0	code-review	plan-review-materiality-phase-3-advisory-pass-through	1	R-COH-CALLER-DRIFT	1	blocking	0	-
PRPs-agentic-eng	2026-08-07T17:00:08Z	0	code-review	plan-review-materiality-phase-3-advisory-pass-through	1	R-COH-CONFIG-DANGLING	1	blocking	0	-
PRPs-agentic-eng	2026-08-07T17:00:08Z	0	code-review	plan-review-materiality-phase-3-advisory-pass-through	1	R-COH-DEAD-IMPORT	1	blocking	0	-
PRPs-agentic-eng	2026-08-07T17:00:08Z	0	code-review	plan-review-materiality-phase-3-advisory-pass-through	1	R-COH-OTHER-INTERNAL-CONTRADICTION	0	blocking	0	-
PRPs-agentic-eng	2026-08-07T17:00:08Z	0	code-review	plan-review-materiality-phase-3-advisory-pass-through	1	R-COH-REGISTRY-MISSING	1	blocking	0	-
PRPs-agentic-eng	2026-08-07T17:00:08Z	0	code-review	plan-review-materiality-phase-3-advisory-pass-through	1	R-COH-TASK-CONTRADICTION	1	blocking	0	-
PRPs-agentic-eng	2026-08-07T17:00:08Z	0	code-review	plan-review-materiality-phase-3-advisory-pass-through	1	R-L1	1	blocking	0	-
PRPs-agentic-eng	2026-08-07T17:00:08Z	0	code-review	plan-review-materiality-phase-3-advisory-pass-through	1	R-L2	1	blocking	0	-
PRPs-agentic-eng	2026-08-07T17:00:08Z	0	code-review	plan-review-materiality-phase-3-advisory-pass-through	1	R-L3	1	blocking	0	-
PRPs-agentic-eng	2026-08-07T17:00:08Z	0	code-review	plan-review-materiality-phase-3-advisory-pass-through	1	R-S1	1	blocking	0	-
PRPs-agentic-eng	2026-08-07T17:00:08Z	0	code-review	plan-review-materiality-phase-3-advisory-pass-through	1	R-S2	1	blocking	0	-
PRPs-agentic-eng	2026-08-07T17:00:08Z	0	code-review	plan-review-materiality-phase-3-advisory-pass-through	1	R-S3	1	blocking	0	-
PRPs-agentic-eng	2026-08-07T17:00:08Z	0	code-review	plan-review-materiality-phase-3-advisory-pass-through	1	R-SEM	1	blocking	0	-
PRPs-agentic-eng	2026-08-07T17:00:08Z	0	code-review	plan-review-materiality-phase-3-advisory-pass-through	1	R-X	1	blocking	0	-
PRPs-agentic-eng	2026-08-07T17:21:56Z	0	code-review	plan-review-materiality-phase-3-advisory-pass-through	2	R-COH-CALLER-DRIFT	1	blocking	0	-
PRPs-agentic-eng	2026-08-07T17:21:56Z	0	code-review	plan-review-materiality-phase-3-advisory-pass-through	2	R-COH-CONFIG-DANGLING	1	blocking	0	-
PRPs-agentic-eng	2026-08-07T17:21:56Z	0	code-review	plan-review-materiality-phase-3-advisory-pass-through	2	R-COH-DEAD-IMPORT	1	blocking	0	-
PRPs-agentic-eng	2026-08-07T17:21:56Z	0	code-review	plan-review-materiality-phase-3-advisory-pass-through	2	R-COH-REGISTRY-MISSING	1	blocking	0	-
PRPs-agentic-eng	2026-08-07T17:21:56Z	0	code-review	plan-review-materiality-phase-3-advisory-pass-through	2	R-COH-TASK-CONTRADICTION	1	blocking	0	-
PRPs-agentic-eng	2026-08-07T17:21:56Z	0	code-review	plan-review-materiality-phase-3-advisory-pass-through	2	R-L1	1	blocking	0	-
PRPs-agentic-eng	2026-08-07T17:21:56Z	0	code-review	plan-review-materiality-phase-3-advisory-pass-through	2	R-L2	1	blocking	0	-
PRPs-agentic-eng	2026-08-07T17:21:56Z	0	code-review	plan-review-materiality-phase-3-advisory-pass-through	2	R-L3	1	blocking	0	-
PRPs-agentic-eng	2026-08-07T17:21:56Z	0	code-review	plan-review-materiality-phase-3-advisory-pass-through	2	R-S1	1	blocking	0	-
PRPs-agentic-eng	2026-08-07T17:21:56Z	0	code-review	plan-review-materiality-phase-3-advisory-pass-through	2	R-S2	1	blocking	0	-
PRPs-agentic-eng	2026-08-07T17:21:56Z	0	code-review	plan-review-materiality-phase-3-advisory-pass-through	2	R-S3	1	blocking	0	-
PRPs-agentic-eng	2026-08-07T17:21:56Z	0	code-review	plan-review-materiality-phase-3-advisory-pass-through	2	R-SEM	1	blocking	0	-
PRPs-agentic-eng	2026-08-07T17:21:56Z	0	code-review	plan-review-materiality-phase-3-advisory-pass-through	2	R-X	1	blocking	0	-
PRPs-agentic-eng	2026-08-07T20:28:08Z	0	code-review	plan-review-materiality-phase-4-measurement-surfaces	1	R-COH-CALLER-DRIFT	1	blocking	0	-
PRPs-agentic-eng	2026-08-07T20:28:08Z	0	code-review	plan-review-materiality-phase-4-measurement-surfaces	1	R-COH-CONFIG-DANGLING	1	blocking	0	-
PRPs-agentic-eng	2026-08-07T20:28:08Z	0	code-review	plan-review-materiality-phase-4-measurement-surfaces	1	R-COH-DEAD-IMPORT	1	blocking	0	-
PRPs-agentic-eng	2026-08-07T20:28:08Z	0	code-review	plan-review-materiality-phase-4-measurement-surfaces	1	R-COH-REGISTRY-MISSING	1	blocking	0	-
PRPs-agentic-eng	2026-08-07T20:28:08Z	0	code-review	plan-review-materiality-phase-4-measurement-surfaces	1	R-COH-TASK-CONTRADICTION	1	blocking	0	-
PRPs-agentic-eng	2026-08-07T20:28:08Z	0	code-review	plan-review-materiality-phase-4-measurement-surfaces	1	R-L1	1	blocking	0	-
PRPs-agentic-eng	2026-08-07T20:28:08Z	0	code-review	plan-review-materiality-phase-4-measurement-surfaces	1	R-L2	1	blocking	0	-
PRPs-agentic-eng	2026-08-07T20:28:08Z	0	code-review	plan-review-materiality-phase-4-measurement-surfaces	1	R-L3	1	blocking	0	-
PRPs-agentic-eng	2026-08-07T20:28:08Z	0	code-review	plan-review-materiality-phase-4-measurement-surfaces	1	R-S1	1	blocking	0	-
PRPs-agentic-eng	2026-08-07T20:28:08Z	0	code-review	plan-review-materiality-phase-4-measurement-surfaces	1	R-S2	1	blocking	0	-
PRPs-agentic-eng	2026-08-07T20:28:08Z	0	code-review	plan-review-materiality-phase-4-measurement-surfaces	1	R-S3	1	blocking	0	-
PRPs-agentic-eng	2026-08-07T20:28:08Z	0	code-review	plan-review-materiality-phase-4-measurement-surfaces	1	R-SEM	1	blocking	0	-
PRPs-agentic-eng	2026-08-07T20:28:08Z	0	code-review	plan-review-materiality-phase-4-measurement-surfaces	1	R-X	1	blocking	0	-
PRPs-agentic-eng	2026-08-05T14:44:38Z	0	code-review	tighten-two-items-of-the-plan-writer-pre-emission-self-check	1	R-COH-CALLER-DRIFT	1	blocking	0	-
PRPs-agentic-eng	2026-08-05T14:44:38Z	0	code-review	tighten-two-items-of-the-plan-writer-pre-emission-self-check	1	R-COH-CONFIG-DANGLING	1	blocking	0	-
PRPs-agentic-eng	2026-08-05T14:44:38Z	0	code-review	tighten-two-items-of-the-plan-writer-pre-emission-self-check	1	R-COH-DEAD-IMPORT	1	blocking	0	-
PRPs-agentic-eng	2026-08-05T14:44:38Z	0	code-review	tighten-two-items-of-the-plan-writer-pre-emission-self-check	1	R-COH-OTHER-INTERNAL-CONTRADICTION	0	blocking	0	-
PRPs-agentic-eng	2026-08-05T14:44:38Z	0	code-review	tighten-two-items-of-the-plan-writer-pre-emission-self-check	1	R-COH-REGISTRY-MISSING	1	blocking	0	-
PRPs-agentic-eng	2026-08-05T14:44:38Z	0	code-review	tighten-two-items-of-the-plan-writer-pre-emission-self-check	1	R-COH-TASK-CONTRADICTION	1	blocking	0	-
PRPs-agentic-eng	2026-08-05T14:44:38Z	0	code-review	tighten-two-items-of-the-plan-writer-pre-emission-self-check	1	R-L1	1	blocking	0	-
PRPs-agentic-eng	2026-08-05T14:44:38Z	0	code-review	tighten-two-items-of-the-plan-writer-pre-emission-self-check	1	R-L2	1	blocking	0	-
PRPs-agentic-eng	2026-08-05T14:44:38Z	0	code-review	tighten-two-items-of-the-plan-writer-pre-emission-self-check	1	R-L3	1	blocking	0	-
PRPs-agentic-eng	2026-08-05T14:44:38Z	0	code-review	tighten-two-items-of-the-plan-writer-pre-emission-self-check	1	R-S1	1	blocking	0	-
PRPs-agentic-eng	2026-08-05T14:44:38Z	0	code-review	tighten-two-items-of-the-plan-writer-pre-emission-self-check	1	R-S2	1	blocking	0	-
PRPs-agentic-eng	2026-08-05T14:44:38Z	0	code-review	tighten-two-items-of-the-plan-writer-pre-emission-self-check	1	R-S3	1	blocking	0	-
PRPs-agentic-eng	2026-08-05T14:44:38Z	0	code-review	tighten-two-items-of-the-plan-writer-pre-emission-self-check	1	R-SEM	0	blocking	0	-
PRPs-agentic-eng	2026-08-05T14:44:38Z	0	code-review	tighten-two-items-of-the-plan-writer-pre-emission-self-check	1	R-X	1	blocking	0	-
PRPs-agentic-eng	2026-08-05T15:06:24Z	0	code-review	tighten-two-items-of-the-plan-writer-pre-emission-self-check	2	R-COH-CALLER-DRIFT	1	blocking	0	-
PRPs-agentic-eng	2026-08-05T15:06:24Z	0	code-review	tighten-two-items-of-the-plan-writer-pre-emission-self-check	2	R-COH-CONFIG-DANGLING	1	blocking	0	-
PRPs-agentic-eng	2026-08-05T15:06:24Z	0	code-review	tighten-two-items-of-the-plan-writer-pre-emission-self-check	2	R-COH-DEAD-IMPORT	1	blocking	0	-
PRPs-agentic-eng	2026-08-05T15:06:24Z	0	code-review	tighten-two-items-of-the-plan-writer-pre-emission-self-check	2	R-COH-OTHER-INTERNAL-CONTRADICTION	0	blocking	0	-
PRPs-agentic-eng	2026-08-05T15:06:24Z	0	code-review	tighten-two-items-of-the-plan-writer-pre-emission-self-check	2	R-COH-REGISTRY-MISSING	1	blocking	0	-
PRPs-agentic-eng	2026-08-05T15:06:24Z	0	code-review	tighten-two-items-of-the-plan-writer-pre-emission-self-check	2	R-COH-TASK-CONTRADICTION	1	blocking	0	-
PRPs-agentic-eng	2026-08-05T15:06:24Z	0	code-review	tighten-two-items-of-the-plan-writer-pre-emission-self-check	2	R-L1	1	blocking	0	-
PRPs-agentic-eng	2026-08-05T15:06:24Z	0	code-review	tighten-two-items-of-the-plan-writer-pre-emission-self-check	2	R-L2	1	blocking	0	-
PRPs-agentic-eng	2026-08-05T15:06:24Z	0	code-review	tighten-two-items-of-the-plan-writer-pre-emission-self-check	2	R-L3	1	blocking	0	-
PRPs-agentic-eng	2026-08-05T15:06:24Z	0	code-review	tighten-two-items-of-the-plan-writer-pre-emission-self-check	2	R-S1	1	blocking	0	-
PRPs-agentic-eng	2026-08-05T15:06:24Z	0	code-review	tighten-two-items-of-the-plan-writer-pre-emission-self-check	2	R-S2	1	blocking	0	-
PRPs-agentic-eng	2026-08-05T15:06:24Z	0	code-review	tighten-two-items-of-the-plan-writer-pre-emission-self-check	2	R-S3	1	blocking	0	-
PRPs-agentic-eng	2026-08-05T15:06:24Z	0	code-review	tighten-two-items-of-the-plan-writer-pre-emission-self-check	2	R-SEM	0	blocking	0	-
PRPs-agentic-eng	2026-08-05T15:06:24Z	0	code-review	tighten-two-items-of-the-plan-writer-pre-emission-self-check	2	R-X	1	blocking	0	-
PRPs-agentic-eng	2026-08-05T15:27:46Z	0	code-review	tighten-two-items-of-the-plan-writer-pre-emission-self-check	3	R-COH-CALLER-DRIFT	1	blocking	0	-
PRPs-agentic-eng	2026-08-05T15:27:46Z	0	code-review	tighten-two-items-of-the-plan-writer-pre-emission-self-check	3	R-COH-CONFIG-DANGLING	1	blocking	0	-
PRPs-agentic-eng	2026-08-05T15:27:46Z	0	code-review	tighten-two-items-of-the-plan-writer-pre-emission-self-check	3	R-COH-DEAD-IMPORT	1	blocking	0	-
PRPs-agentic-eng	2026-08-05T15:27:46Z	0	code-review	tighten-two-items-of-the-plan-writer-pre-emission-self-check	3	R-COH-OTHER-INTERNAL-CONTRADICTION	1	blocking	0	-
PRPs-agentic-eng	2026-08-05T15:27:46Z	0	code-review	tighten-two-items-of-the-plan-writer-pre-emission-self-check	3	R-COH-REGISTRY-MISSING	1	blocking	0	-
PRPs-agentic-eng	2026-08-05T15:27:46Z	0	code-review	tighten-two-items-of-the-plan-writer-pre-emission-self-check	3	R-COH-TASK-CONTRADICTION	1	blocking	0	-
PRPs-agentic-eng	2026-08-05T15:27:46Z	0	code-review	tighten-two-items-of-the-plan-writer-pre-emission-self-check	3	R-L1	1	blocking	0	-
PRPs-agentic-eng	2026-08-05T15:27:46Z	0	code-review	tighten-two-items-of-the-plan-writer-pre-emission-self-check	3	R-L2	1	blocking	0	-
PRPs-agentic-eng	2026-08-05T15:27:46Z	0	code-review	tighten-two-items-of-the-plan-writer-pre-emission-self-check	3	R-L3	1	blocking	0	-
PRPs-agentic-eng	2026-08-05T15:27:46Z	0	code-review	tighten-two-items-of-the-plan-writer-pre-emission-self-check	3	R-S1	1	blocking	0	-
PRPs-agentic-eng	2026-08-05T15:27:46Z	0	code-review	tighten-two-items-of-the-plan-writer-pre-emission-self-check	3	R-S2	1	blocking	0	-
PRPs-agentic-eng	2026-08-05T15:27:46Z	0	code-review	tighten-two-items-of-the-plan-writer-pre-emission-self-check	3	R-S3	1	blocking	0	-
PRPs-agentic-eng	2026-08-05T15:27:46Z	0	code-review	tighten-two-items-of-the-plan-writer-pre-emission-self-check	3	R-SEM	1	blocking	0	-
PRPs-agentic-eng	2026-08-05T15:27:46Z	0	code-review	tighten-two-items-of-the-plan-writer-pre-emission-self-check	3	R-X	1	blocking	0	-
PRPs-agentic-eng	2026-08-13T21:52:10Z	0	code-review	usage-metrics-phase-1-codebook-field-contract	1	R-L1	1	blocking	0	-
PRPs-agentic-eng	2026-08-13T21:52:10Z	0	code-review	usage-metrics-phase-1-codebook-field-contract	1	R-L2	1	blocking	0	-
PRPs-agentic-eng	2026-08-13T21:52:10Z	0	code-review	usage-metrics-phase-1-codebook-field-contract	1	R-L3	1	blocking	0	-
PRPs-agentic-eng	2026-08-13T21:52:10Z	0	code-review	usage-metrics-phase-1-codebook-field-contract	1	R-S1	1	blocking	0	-
PRPs-agentic-eng	2026-08-13T21:52:10Z	0	code-review	usage-metrics-phase-1-codebook-field-contract	1	R-S2	1	blocking	0	-
PRPs-agentic-eng	2026-08-13T21:52:10Z	0	code-review	usage-metrics-phase-1-codebook-field-contract	1	R-S3	1	blocking	0	-
PRPs-agentic-eng	2026-08-13T21:52:10Z	0	code-review	usage-metrics-phase-1-codebook-field-contract	1	R-SEM	0	blocking	0	-
PRPs-agentic-eng	2026-08-13T21:52:10Z	0	code-review	usage-metrics-phase-1-codebook-field-contract	1	R-X	1	blocking	0	-
PRPs-agentic-eng	2026-08-13T21:56:44Z	0	code-review	usage-metrics-phase-1-codebook-field-contract	2	R-L1	1	blocking	0	-
PRPs-agentic-eng	2026-08-13T21:56:44Z	0	code-review	usage-metrics-phase-1-codebook-field-contract	2	R-L2	1	blocking	0	-
PRPs-agentic-eng	2026-08-13T21:56:44Z	0	code-review	usage-metrics-phase-1-codebook-field-contract	2	R-L3	1	blocking	0	-
PRPs-agentic-eng	2026-08-13T21:56:44Z	0	code-review	usage-metrics-phase-1-codebook-field-contract	2	R-S1	1	blocking	0	-
PRPs-agentic-eng	2026-08-13T21:56:44Z	0	code-review	usage-metrics-phase-1-codebook-field-contract	2	R-S2	1	blocking	0	-
PRPs-agentic-eng	2026-08-13T21:56:44Z	0	code-review	usage-metrics-phase-1-codebook-field-contract	2	R-S3	1	blocking	0	-
PRPs-agentic-eng	2026-08-13T21:56:44Z	0	code-review	usage-metrics-phase-1-codebook-field-contract	2	R-SEM	1	blocking	0	-
PRPs-agentic-eng	2026-08-13T21:56:44Z	0	code-review	usage-metrics-phase-1-codebook-field-contract	2	R-X	1	blocking	0	-
PRPs-agentic-eng	2026-08-13T22:44:02Z	0	code-review	usage-metrics-phase-2-materializer-backfill	1	R-L1	0	blocking	0	-
PRPs-agentic-eng	2026-08-13T22:44:02Z	0	code-review	usage-metrics-phase-2-materializer-backfill	1	R-L2	1	blocking	0	-
PRPs-agentic-eng	2026-08-13T22:44:02Z	0	code-review	usage-metrics-phase-2-materializer-backfill	1	R-L3	1	blocking	0	-
PRPs-agentic-eng	2026-08-13T22:44:02Z	0	code-review	usage-metrics-phase-2-materializer-backfill	1	R-S1	1	blocking	0	-
PRPs-agentic-eng	2026-08-13T22:44:02Z	0	code-review	usage-metrics-phase-2-materializer-backfill	1	R-S2	1	blocking	0	-
PRPs-agentic-eng	2026-08-13T22:44:02Z	0	code-review	usage-metrics-phase-2-materializer-backfill	1	R-S3	1	blocking	0	-
PRPs-agentic-eng	2026-08-13T22:44:02Z	0	code-review	usage-metrics-phase-2-materializer-backfill	1	R-SEM	1	blocking	0	-
PRPs-agentic-eng	2026-08-13T22:44:02Z	0	code-review	usage-metrics-phase-2-materializer-backfill	1	R-X	1	blocking	0	-
PRPs-agentic-eng	2026-08-13T22:51:30Z	0	code-review	usage-metrics-phase-2-materializer-backfill	2	R-L1	1	blocking	0	-
PRPs-agentic-eng	2026-08-13T22:51:30Z	0	code-review	usage-metrics-phase-2-materializer-backfill	2	R-L2	1	blocking	0	-
PRPs-agentic-eng	2026-08-13T22:51:30Z	0	code-review	usage-metrics-phase-2-materializer-backfill	2	R-L3	1	blocking	0	-
PRPs-agentic-eng	2026-08-13T22:51:30Z	0	code-review	usage-metrics-phase-2-materializer-backfill	2	R-S1	1	blocking	0	-
PRPs-agentic-eng	2026-08-13T22:51:30Z	0	code-review	usage-metrics-phase-2-materializer-backfill	2	R-S2	1	blocking	0	-
PRPs-agentic-eng	2026-08-13T22:51:30Z	0	code-review	usage-metrics-phase-2-materializer-backfill	2	R-S3	1	blocking	0	-
PRPs-agentic-eng	2026-08-13T22:51:30Z	0	code-review	usage-metrics-phase-2-materializer-backfill	2	R-SEM	1	blocking	0	-
PRPs-agentic-eng	2026-08-13T22:51:30Z	0	code-review	usage-metrics-phase-2-materializer-backfill	2	R-X	1	blocking	0	-
PRPs-agentic-eng	2026-08-13T23:12:00Z	0	code-review	usage-metrics-phase-3-layout-scaffolding-reader	1	R-L1	1	blocking	0	-
PRPs-agentic-eng	2026-08-13T23:12:00Z	0	code-review	usage-metrics-phase-3-layout-scaffolding-reader	1	R-L2	1	blocking	0	-
PRPs-agentic-eng	2026-08-13T23:12:00Z	0	code-review	usage-metrics-phase-3-layout-scaffolding-reader	1	R-L3	1	blocking	0	-
PRPs-agentic-eng	2026-08-13T23:12:00Z	0	code-review	usage-metrics-phase-3-layout-scaffolding-reader	1	R-S1	1	blocking	0	-
PRPs-agentic-eng	2026-08-13T23:12:00Z	0	code-review	usage-metrics-phase-3-layout-scaffolding-reader	1	R-S2	1	blocking	0	-
PRPs-agentic-eng	2026-08-13T23:12:00Z	0	code-review	usage-metrics-phase-3-layout-scaffolding-reader	1	R-S3	1	blocking	0	-
PRPs-agentic-eng	2026-08-13T23:12:00Z	0	code-review	usage-metrics-phase-3-layout-scaffolding-reader	1	R-SEM	1	blocking	0	-
PRPs-agentic-eng	2026-08-13T23:12:00Z	0	code-review	usage-metrics-phase-3-layout-scaffolding-reader	1	R-X	1	blocking	0	-
PRPs-agentic-eng	2026-08-13T23:47:00Z	0	code-review	usage-metrics-phase-4-validation-registry	1	R-L1	1	blocking	0	-
PRPs-agentic-eng	2026-08-13T23:47:00Z	0	code-review	usage-metrics-phase-4-validation-registry	1	R-L2	1	blocking	0	-
PRPs-agentic-eng	2026-08-13T23:47:00Z	0	code-review	usage-metrics-phase-4-validation-registry	1	R-L3	1	blocking	0	-
PRPs-agentic-eng	2026-08-13T23:47:00Z	0	code-review	usage-metrics-phase-4-validation-registry	1	R-S1	1	blocking	0	-
PRPs-agentic-eng	2026-08-13T23:47:00Z	0	code-review	usage-metrics-phase-4-validation-registry	1	R-S2	1	blocking	0	-
PRPs-agentic-eng	2026-08-13T23:47:00Z	0	code-review	usage-metrics-phase-4-validation-registry	1	R-S3	1	blocking	0	-
PRPs-agentic-eng	2026-08-13T23:47:00Z	0	code-review	usage-metrics-phase-4-validation-registry	1	R-SEM	1	blocking	0	-
PRPs-agentic-eng	2026-08-13T23:47:00Z	0	code-review	usage-metrics-phase-4-validation-registry	1	R-X	1	blocking	0	-
PRPs-agentic-eng	2026-08-03T15:37:02Z	0	plan-review	figma-quota-resilience-phase-1-resource-packaging	1	R-COH-ACTION-VALIDATE-CONTRADICTION	1	blocking	0	-
PRPs-agentic-eng	2026-08-03T15:37:02Z	0	plan-review	figma-quota-resilience-phase-1-resource-packaging	1	R-COH-FILES-UNTOUCHED	1	blocking	0	-
PRPs-agentic-eng	2026-08-03T15:37:02Z	0	plan-review	figma-quota-resilience-phase-1-resource-packaging	1	R-COH-MANDATORY-READING-MISSING	1	blocking	0	-
PRPs-agentic-eng	2026-08-03T15:37:02Z	0	plan-review	figma-quota-resilience-phase-1-resource-packaging	1	R-COH-OTHER-INTERNAL-CONTRADICTION	0	blocking	0	-
PRPs-agentic-eng	2026-08-03T15:37:02Z	0	plan-review	figma-quota-resilience-phase-1-resource-packaging	1	R-COH-PATTERN-SOURCE-MISSING	1	blocking	0	-
PRPs-agentic-eng	2026-08-03T15:37:02Z	0	plan-review	figma-quota-resilience-phase-1-resource-packaging	1	R-COH-TASK-AC-MISSING	0	blocking	0	-
PRPs-agentic-eng	2026-08-03T15:37:02Z	0	plan-review	figma-quota-resilience-phase-1-resource-packaging	1	R-COH-VALIDATE-ALWAYS-PASS	1	blocking	0	-
PRPs-agentic-eng	2026-08-03T15:37:02Z	0	plan-review	figma-quota-resilience-phase-1-resource-packaging	1	R-COH-VALIDATE-FORBIDDEN-GREP-SCOPE	1	blocking	0	-
PRPs-agentic-eng	2026-08-03T15:37:02Z	0	plan-review	figma-quota-resilience-phase-1-resource-packaging	1	R-COH-VALIDATE-FRAMEWORK-MISMATCH	0	blocking	0	-
PRPs-agentic-eng	2026-08-03T15:37:02Z	0	plan-review	figma-quota-resilience-phase-1-resource-packaging	1	R-COH-VALIDATE-SEARCH-AMBIGUOUS	1	blocking	0	-
PRPs-agentic-eng	2026-08-03T15:37:02Z	0	plan-review	figma-quota-resilience-phase-1-resource-packaging	1	R1	1	blocking	0	-
PRPs-agentic-eng	2026-08-03T15:37:02Z	0	plan-review	figma-quota-resilience-phase-1-resource-packaging	1	R2	1	blocking	0	-
PRPs-agentic-eng	2026-08-03T15:37:02Z	0	plan-review	figma-quota-resilience-phase-1-resource-packaging	1	R3	1	blocking	0	-
PRPs-agentic-eng	2026-08-03T15:37:02Z	0	plan-review	figma-quota-resilience-phase-1-resource-packaging	1	R4	1	blocking	0	-
PRPs-agentic-eng	2026-08-03T15:37:02Z	0	plan-review	figma-quota-resilience-phase-1-resource-packaging	1	R5	1	blocking	0	-
PRPs-agentic-eng	2026-08-03T15:37:02Z	0	plan-review	figma-quota-resilience-phase-1-resource-packaging	1	R6	1	blocking	0	-
PRPs-agentic-eng	2026-08-03T15:37:02Z	0	plan-review	figma-quota-resilience-phase-1-resource-packaging	1	R7	1	blocking	0	-
PRPs-agentic-eng	2026-08-03T15:37:02Z	0	plan-review	figma-quota-resilience-phase-1-resource-packaging	1	R8	1	blocking	0	-
PRPs-agentic-eng	2026-08-03T16:10:47Z	0	plan-review	figma-quota-resilience-phase-1-resource-packaging	2	R-COH-ACTION-VALIDATE-CONTRADICTION	1	blocking	0	-
PRPs-agentic-eng	2026-08-03T16:10:47Z	0	plan-review	figma-quota-resilience-phase-1-resource-packaging	2	R-COH-FILES-UNTOUCHED	1	blocking	0	-
PRPs-agentic-eng	2026-08-03T16:10:47Z	0	plan-review	figma-quota-resilience-phase-1-resource-packaging	2	R-COH-MANDATORY-READING-MISSING	1	blocking	0	-
PRPs-agentic-eng	2026-08-03T16:10:47Z	0	plan-review	figma-quota-resilience-phase-1-resource-packaging	2	R-COH-PATTERN-SOURCE-MISSING	1	blocking	0	-
PRPs-agentic-eng	2026-08-03T16:10:47Z	0	plan-review	figma-quota-resilience-phase-1-resource-packaging	2	R-COH-PATTERN-TASK-DRIFT	0	blocking	0	-
PRPs-agentic-eng	2026-08-03T16:10:47Z	0	plan-review	figma-quota-resilience-phase-1-resource-packaging	2	R-COH-TASK-AC-MISSING	1	blocking	0	-
PRPs-agentic-eng	2026-08-03T16:10:47Z	0	plan-review	figma-quota-resilience-phase-1-resource-packaging	2	R-COH-VALIDATE-ALWAYS-PASS	1	blocking	0	-
PRPs-agentic-eng	2026-08-03T16:10:47Z	0	plan-review	figma-quota-resilience-phase-1-resource-packaging	2	R-COH-VALIDATE-FORBIDDEN-GREP-SCOPE	1	blocking	0	-
PRPs-agentic-eng	2026-08-03T16:10:47Z	0	plan-review	figma-quota-resilience-phase-1-resource-packaging	2	R-COH-VALIDATE-FRAMEWORK-MISMATCH	0	blocking	0	-
PRPs-agentic-eng	2026-08-03T16:10:47Z	0	plan-review	figma-quota-resilience-phase-1-resource-packaging	2	R-COH-VALIDATE-SEARCH-AMBIGUOUS	1	blocking	0	-
PRPs-agentic-eng	2026-08-03T16:10:47Z	0	plan-review	figma-quota-resilience-phase-1-resource-packaging	2	R1	1	blocking	0	-
PRPs-agentic-eng	2026-08-03T16:10:47Z	0	plan-review	figma-quota-resilience-phase-1-resource-packaging	2	R2	1	blocking	0	-
PRPs-agentic-eng	2026-08-03T16:10:47Z	0	plan-review	figma-quota-resilience-phase-1-resource-packaging	2	R3	1	blocking	0	-
PRPs-agentic-eng	2026-08-03T16:10:47Z	0	plan-review	figma-quota-resilience-phase-1-resource-packaging	2	R4	1	blocking	0	-
PRPs-agentic-eng	2026-08-03T16:10:47Z	0	plan-review	figma-quota-resilience-phase-1-resource-packaging	2	R5	1	blocking	0	-
PRPs-agentic-eng	2026-08-03T16:10:47Z	0	plan-review	figma-quota-resilience-phase-1-resource-packaging	2	R6	1	blocking	0	-
PRPs-agentic-eng	2026-08-03T16:10:47Z	0	plan-review	figma-quota-resilience-phase-1-resource-packaging	2	R7	1	blocking	0	-
PRPs-agentic-eng	2026-08-03T16:10:47Z	0	plan-review	figma-quota-resilience-phase-1-resource-packaging	2	R8	1	blocking	0	-
PRPs-agentic-eng	2026-08-03T16:34:10Z	0	plan-review	figma-quota-resilience-phase-1-resource-packaging	3	R-COH-ACTION-VALIDATE-CONTRADICTION	1	blocking	0	-
PRPs-agentic-eng	2026-08-03T16:34:10Z	0	plan-review	figma-quota-resilience-phase-1-resource-packaging	3	R-COH-FILES-UNTOUCHED	1	blocking	0	-
PRPs-agentic-eng	2026-08-03T16:34:10Z	0	plan-review	figma-quota-resilience-phase-1-resource-packaging	3	R-COH-MANDATORY-READING-MISSING	1	blocking	0	-
PRPs-agentic-eng	2026-08-03T16:34:10Z	0	plan-review	figma-quota-resilience-phase-1-resource-packaging	3	R-COH-PATTERN-SOURCE-MISSING	1	blocking	0	-
PRPs-agentic-eng	2026-08-03T16:34:10Z	0	plan-review	figma-quota-resilience-phase-1-resource-packaging	3	R-COH-TASK-AC-MISSING	1	blocking	0	-
PRPs-agentic-eng	2026-08-03T16:34:10Z	0	plan-review	figma-quota-resilience-phase-1-resource-packaging	3	R-COH-VALIDATE-ALWAYS-PASS	1	blocking	0	-
PRPs-agentic-eng	2026-08-03T16:34:10Z	0	plan-review	figma-quota-resilience-phase-1-resource-packaging	3	R-COH-VALIDATE-FORBIDDEN-GREP-SCOPE	1	blocking	0	-
PRPs-agentic-eng	2026-08-03T16:34:10Z	0	plan-review	figma-quota-resilience-phase-1-resource-packaging	3	R-COH-VALIDATE-FRAMEWORK-MISMATCH	1	blocking	0	-
PRPs-agentic-eng	2026-08-03T16:34:10Z	0	plan-review	figma-quota-resilience-phase-1-resource-packaging	3	R-COH-VALIDATE-SEARCH-AMBIGUOUS	1	blocking	0	-
PRPs-agentic-eng	2026-08-03T16:34:10Z	0	plan-review	figma-quota-resilience-phase-1-resource-packaging	3	R1	1	blocking	0	-
PRPs-agentic-eng	2026-08-03T16:34:10Z	0	plan-review	figma-quota-resilience-phase-1-resource-packaging	3	R2	1	blocking	0	-
PRPs-agentic-eng	2026-08-03T16:34:10Z	0	plan-review	figma-quota-resilience-phase-1-resource-packaging	3	R3	1	blocking	0	-
PRPs-agentic-eng	2026-08-03T16:34:10Z	0	plan-review	figma-quota-resilience-phase-1-resource-packaging	3	R4	1	blocking	0	-
PRPs-agentic-eng	2026-08-03T16:34:10Z	0	plan-review	figma-quota-resilience-phase-1-resource-packaging	3	R5	1	blocking	0	-
PRPs-agentic-eng	2026-08-03T16:34:10Z	0	plan-review	figma-quota-resilience-phase-1-resource-packaging	3	R6	1	blocking	0	-
PRPs-agentic-eng	2026-08-03T16:34:10Z	0	plan-review	figma-quota-resilience-phase-1-resource-packaging	3	R7	1	blocking	0	-
PRPs-agentic-eng	2026-08-03T16:34:10Z	0	plan-review	figma-quota-resilience-phase-1-resource-packaging	3	R8	1	blocking	0	-
PRPs-agentic-eng	2026-08-03T19:45:00Z	0	plan-review	figma-quota-resilience-phase-2-scoped-scan-metadata-budget	1	R-COH-ACTION-VALIDATE-CONTRADICTION	1	blocking	0	-
PRPs-agentic-eng	2026-08-03T19:45:00Z	0	plan-review	figma-quota-resilience-phase-2-scoped-scan-metadata-budget	1	R-COH-FILES-UNTOUCHED	1	blocking	0	-
PRPs-agentic-eng	2026-08-03T19:45:00Z	0	plan-review	figma-quota-resilience-phase-2-scoped-scan-metadata-budget	1	R-COH-MANDATORY-READING-MISSING	1	blocking	0	-
PRPs-agentic-eng	2026-08-03T19:45:00Z	0	plan-review	figma-quota-resilience-phase-2-scoped-scan-metadata-budget	1	R-COH-PATTERN-SOURCE-MISSING	1	blocking	0	-
PRPs-agentic-eng	2026-08-03T19:45:00Z	0	plan-review	figma-quota-resilience-phase-2-scoped-scan-metadata-budget	1	R-COH-TASK-AC-MISSING	1	blocking	0	-
PRPs-agentic-eng	2026-08-03T19:45:00Z	0	plan-review	figma-quota-resilience-phase-2-scoped-scan-metadata-budget	1	R-COH-VALIDATE-ALWAYS-PASS	1	blocking	0	-
PRPs-agentic-eng	2026-08-03T19:45:00Z	0	plan-review	figma-quota-resilience-phase-2-scoped-scan-metadata-budget	1	R-COH-VALIDATE-FORBIDDEN-GREP-SCOPE	1	blocking	0	-
PRPs-agentic-eng	2026-08-03T19:45:00Z	0	plan-review	figma-quota-resilience-phase-2-scoped-scan-metadata-budget	1	R-COH-VALIDATE-FRAMEWORK-MISMATCH	1	blocking	0	-
PRPs-agentic-eng	2026-08-03T19:45:00Z	0	plan-review	figma-quota-resilience-phase-2-scoped-scan-metadata-budget	1	R-COH-VALIDATE-SEARCH-AMBIGUOUS	1	blocking	0	-
PRPs-agentic-eng	2026-08-03T19:45:00Z	0	plan-review	figma-quota-resilience-phase-2-scoped-scan-metadata-budget	1	R1	1	blocking	0	-
PRPs-agentic-eng	2026-08-03T19:45:00Z	0	plan-review	figma-quota-resilience-phase-2-scoped-scan-metadata-budget	1	R2	1	blocking	0	-
PRPs-agentic-eng	2026-08-03T19:45:00Z	0	plan-review	figma-quota-resilience-phase-2-scoped-scan-metadata-budget	1	R3	1	blocking	0	-
PRPs-agentic-eng	2026-08-03T19:45:00Z	0	plan-review	figma-quota-resilience-phase-2-scoped-scan-metadata-budget	1	R4	1	blocking	0	-
PRPs-agentic-eng	2026-08-03T19:45:00Z	0	plan-review	figma-quota-resilience-phase-2-scoped-scan-metadata-budget	1	R5	1	blocking	0	-
PRPs-agentic-eng	2026-08-03T19:45:00Z	0	plan-review	figma-quota-resilience-phase-2-scoped-scan-metadata-budget	1	R6	1	blocking	0	-
PRPs-agentic-eng	2026-08-03T19:45:00Z	0	plan-review	figma-quota-resilience-phase-2-scoped-scan-metadata-budget	1	R7	1	blocking	0	-
PRPs-agentic-eng	2026-08-03T19:45:00Z	0	plan-review	figma-quota-resilience-phase-2-scoped-scan-metadata-budget	1	R8	1	blocking	0	-
PRPs-agentic-eng	2026-08-04T15:28:22Z	0	plan-review	figma-quota-resilience-phase-3-quota-preflight-named-failure	1	R-COH-ACTION-VALIDATE-CONTRADICTION	1	blocking	0	-
PRPs-agentic-eng	2026-08-04T15:28:22Z	0	plan-review	figma-quota-resilience-phase-3-quota-preflight-named-failure	1	R-COH-FILES-UNTOUCHED	1	blocking	0	-
PRPs-agentic-eng	2026-08-04T15:28:22Z	0	plan-review	figma-quota-resilience-phase-3-quota-preflight-named-failure	1	R-COH-MANDATORY-READING-MISSING	1	blocking	0	-
PRPs-agentic-eng	2026-08-04T15:28:22Z	0	plan-review	figma-quota-resilience-phase-3-quota-preflight-named-failure	1	R-COH-PATTERN-SOURCE-MISSING	1	blocking	0	-
PRPs-agentic-eng	2026-08-04T15:28:22Z	0	plan-review	figma-quota-resilience-phase-3-quota-preflight-named-failure	1	R-COH-TASK-AC-MISSING	1	blocking	0	-
PRPs-agentic-eng	2026-08-04T15:28:22Z	0	plan-review	figma-quota-resilience-phase-3-quota-preflight-named-failure	1	R-COH-VALIDATE-ALWAYS-PASS	0	blocking	0	-
PRPs-agentic-eng	2026-08-04T15:28:22Z	0	plan-review	figma-quota-resilience-phase-3-quota-preflight-named-failure	1	R-COH-VALIDATE-FORBIDDEN-GREP-SCOPE	1	blocking	0	-
PRPs-agentic-eng	2026-08-04T15:28:22Z	0	plan-review	figma-quota-resilience-phase-3-quota-preflight-named-failure	1	R-COH-VALIDATE-FRAMEWORK-MISMATCH	1	blocking	0	-
PRPs-agentic-eng	2026-08-04T15:28:22Z	0	plan-review	figma-quota-resilience-phase-3-quota-preflight-named-failure	1	R-COH-VALIDATE-SEARCH-AMBIGUOUS	1	blocking	0	-
PRPs-agentic-eng	2026-08-04T15:28:22Z	0	plan-review	figma-quota-resilience-phase-3-quota-preflight-named-failure	1	R1	1	blocking	0	-
PRPs-agentic-eng	2026-08-04T15:28:22Z	0	plan-review	figma-quota-resilience-phase-3-quota-preflight-named-failure	1	R2	1	blocking	0	-
PRPs-agentic-eng	2026-08-04T15:28:22Z	0	plan-review	figma-quota-resilience-phase-3-quota-preflight-named-failure	1	R3	1	blocking	0	-
PRPs-agentic-eng	2026-08-04T15:28:22Z	0	plan-review	figma-quota-resilience-phase-3-quota-preflight-named-failure	1	R4	1	blocking	0	-
PRPs-agentic-eng	2026-08-04T15:28:22Z	0	plan-review	figma-quota-resilience-phase-3-quota-preflight-named-failure	1	R5	1	blocking	0	-
PRPs-agentic-eng	2026-08-04T15:28:22Z	0	plan-review	figma-quota-resilience-phase-3-quota-preflight-named-failure	1	R6	1	blocking	0	-
PRPs-agentic-eng	2026-08-04T15:28:22Z	0	plan-review	figma-quota-resilience-phase-3-quota-preflight-named-failure	1	R7	1	blocking	0	-
PRPs-agentic-eng	2026-08-04T15:28:22Z	0	plan-review	figma-quota-resilience-phase-3-quota-preflight-named-failure	1	R8	1	blocking	0	-
PRPs-agentic-eng	2026-08-04T15:40:30Z	0	plan-review	figma-quota-resilience-phase-3-quota-preflight-named-failure	2	R-COH-ACTION-VALIDATE-CONTRADICTION	1	blocking	0	-
PRPs-agentic-eng	2026-08-04T15:40:30Z	0	plan-review	figma-quota-resilience-phase-3-quota-preflight-named-failure	2	R-COH-FILES-UNTOUCHED	1	blocking	0	-
PRPs-agentic-eng	2026-08-04T15:40:30Z	0	plan-review	figma-quota-resilience-phase-3-quota-preflight-named-failure	2	R-COH-MANDATORY-READING-MISSING	1	blocking	0	-
PRPs-agentic-eng	2026-08-04T15:40:30Z	0	plan-review	figma-quota-resilience-phase-3-quota-preflight-named-failure	2	R-COH-PATTERN-SOURCE-MISSING	1	blocking	0	-
PRPs-agentic-eng	2026-08-04T15:40:30Z	0	plan-review	figma-quota-resilience-phase-3-quota-preflight-named-failure	2	R-COH-TASK-AC-MISSING	1	blocking	0	-
PRPs-agentic-eng	2026-08-04T15:40:30Z	0	plan-review	figma-quota-resilience-phase-3-quota-preflight-named-failure	2	R-COH-VALIDATE-ALWAYS-PASS	1	blocking	0	-
PRPs-agentic-eng	2026-08-04T15:40:30Z	0	plan-review	figma-quota-resilience-phase-3-quota-preflight-named-failure	2	R-COH-VALIDATE-FORBIDDEN-GREP-SCOPE	1	blocking	0	-
PRPs-agentic-eng	2026-08-04T15:40:30Z	0	plan-review	figma-quota-resilience-phase-3-quota-preflight-named-failure	2	R-COH-VALIDATE-FRAMEWORK-MISMATCH	1	blocking	0	-
PRPs-agentic-eng	2026-08-04T15:40:30Z	0	plan-review	figma-quota-resilience-phase-3-quota-preflight-named-failure	2	R-COH-VALIDATE-SEARCH-AMBIGUOUS	1	blocking	0	-
PRPs-agentic-eng	2026-08-04T15:40:30Z	0	plan-review	figma-quota-resilience-phase-3-quota-preflight-named-failure	2	R1	1	blocking	0	-
PRPs-agentic-eng	2026-08-04T15:40:30Z	0	plan-review	figma-quota-resilience-phase-3-quota-preflight-named-failure	2	R2	1	blocking	0	-
PRPs-agentic-eng	2026-08-04T15:40:30Z	0	plan-review	figma-quota-resilience-phase-3-quota-preflight-named-failure	2	R3	1	blocking	0	-
PRPs-agentic-eng	2026-08-04T15:40:30Z	0	plan-review	figma-quota-resilience-phase-3-quota-preflight-named-failure	2	R4	1	blocking	0	-
PRPs-agentic-eng	2026-08-04T15:40:30Z	0	plan-review	figma-quota-resilience-phase-3-quota-preflight-named-failure	2	R5	1	blocking	0	-
PRPs-agentic-eng	2026-08-04T15:40:30Z	0	plan-review	figma-quota-resilience-phase-3-quota-preflight-named-failure	2	R6	1	blocking	0	-
PRPs-agentic-eng	2026-08-04T15:40:30Z	0	plan-review	figma-quota-resilience-phase-3-quota-preflight-named-failure	2	R7	1	blocking	0	-
PRPs-agentic-eng	2026-08-04T15:40:30Z	0	plan-review	figma-quota-resilience-phase-3-quota-preflight-named-failure	2	R8	1	blocking	0	-
PRPs-agentic-eng	2026-08-04T16:59:25Z	0	plan-review	figma-quota-resilience-phase-3-quota-preflight-named-failure	3	R-COH-ACTION-VALIDATE-CONTRADICTION	1	blocking	0	-
PRPs-agentic-eng	2026-08-04T16:59:25Z	0	plan-review	figma-quota-resilience-phase-3-quota-preflight-named-failure	3	R-COH-FILES-UNTOUCHED	1	blocking	0	-
PRPs-agentic-eng	2026-08-04T16:59:25Z	0	plan-review	figma-quota-resilience-phase-3-quota-preflight-named-failure	3	R-COH-MANDATORY-READING-MISSING	1	blocking	0	-
PRPs-agentic-eng	2026-08-04T16:59:25Z	0	plan-review	figma-quota-resilience-phase-3-quota-preflight-named-failure	3	R-COH-PATTERN-SOURCE-MISSING	1	blocking	0	-
PRPs-agentic-eng	2026-08-04T16:59:25Z	0	plan-review	figma-quota-resilience-phase-3-quota-preflight-named-failure	3	R-COH-TASK-AC-MISSING	1	blocking	0	-
PRPs-agentic-eng	2026-08-04T16:59:25Z	0	plan-review	figma-quota-resilience-phase-3-quota-preflight-named-failure	3	R-COH-VALIDATE-ALWAYS-PASS	1	blocking	0	-
PRPs-agentic-eng	2026-08-04T16:59:25Z	0	plan-review	figma-quota-resilience-phase-3-quota-preflight-named-failure	3	R-COH-VALIDATE-FORBIDDEN-GREP-SCOPE	1	blocking	0	-
PRPs-agentic-eng	2026-08-04T16:59:25Z	0	plan-review	figma-quota-resilience-phase-3-quota-preflight-named-failure	3	R-COH-VALIDATE-FRAMEWORK-MISMATCH	1	blocking	0	-
PRPs-agentic-eng	2026-08-04T16:59:25Z	0	plan-review	figma-quota-resilience-phase-3-quota-preflight-named-failure	3	R-COH-VALIDATE-SEARCH-AMBIGUOUS	1	blocking	0	-
PRPs-agentic-eng	2026-08-04T16:59:25Z	0	plan-review	figma-quota-resilience-phase-3-quota-preflight-named-failure	3	R1	1	blocking	0	-
PRPs-agentic-eng	2026-08-04T16:59:25Z	0	plan-review	figma-quota-resilience-phase-3-quota-preflight-named-failure	3	R2	1	blocking	0	-
PRPs-agentic-eng	2026-08-04T16:59:25Z	0	plan-review	figma-quota-resilience-phase-3-quota-preflight-named-failure	3	R3	1	blocking	0	-
PRPs-agentic-eng	2026-08-04T16:59:25Z	0	plan-review	figma-quota-resilience-phase-3-quota-preflight-named-failure	3	R4	1	blocking	0	-
PRPs-agentic-eng	2026-08-04T16:59:25Z	0	plan-review	figma-quota-resilience-phase-3-quota-preflight-named-failure	3	R5	1	blocking	0	-
PRPs-agentic-eng	2026-08-04T16:59:25Z	0	plan-review	figma-quota-resilience-phase-3-quota-preflight-named-failure	3	R6	1	blocking	0	-
PRPs-agentic-eng	2026-08-04T16:59:25Z	0	plan-review	figma-quota-resilience-phase-3-quota-preflight-named-failure	3	R7	1	blocking	0	-
PRPs-agentic-eng	2026-08-04T16:59:25Z	0	plan-review	figma-quota-resilience-phase-3-quota-preflight-named-failure	3	R8	1	blocking	0	-
PRPs-agentic-eng	2026-08-04T17:28:24Z	0	plan-review	figma-quota-resilience-phase-3-quota-preflight-named-failure	4	R-COH-ACTION-VALIDATE-CONTRADICTION	1	blocking	0	-
PRPs-agentic-eng	2026-08-04T17:28:24Z	0	plan-review	figma-quota-resilience-phase-3-quota-preflight-named-failure	4	R-COH-FILES-UNTOUCHED	1	blocking	0	-
PRPs-agentic-eng	2026-08-04T17:28:24Z	0	plan-review	figma-quota-resilience-phase-3-quota-preflight-named-failure	4	R-COH-MANDATORY-READING-MISSING	1	blocking	0	-
PRPs-agentic-eng	2026-08-04T17:28:24Z	0	plan-review	figma-quota-resilience-phase-3-quota-preflight-named-failure	4	R-COH-PATTERN-SOURCE-MISSING	1	blocking	0	-
PRPs-agentic-eng	2026-08-04T17:28:24Z	0	plan-review	figma-quota-resilience-phase-3-quota-preflight-named-failure	4	R-COH-TASK-AC-MISSING	1	blocking	0	-
PRPs-agentic-eng	2026-08-04T17:28:24Z	0	plan-review	figma-quota-resilience-phase-3-quota-preflight-named-failure	4	R-COH-VALIDATE-ALWAYS-PASS	1	blocking	0	-
PRPs-agentic-eng	2026-08-04T17:28:24Z	0	plan-review	figma-quota-resilience-phase-3-quota-preflight-named-failure	4	R-COH-VALIDATE-FORBIDDEN-GREP-SCOPE	1	blocking	0	-
PRPs-agentic-eng	2026-08-04T17:28:24Z	0	plan-review	figma-quota-resilience-phase-3-quota-preflight-named-failure	4	R-COH-VALIDATE-FRAMEWORK-MISMATCH	1	blocking	0	-
PRPs-agentic-eng	2026-08-04T17:28:24Z	0	plan-review	figma-quota-resilience-phase-3-quota-preflight-named-failure	4	R-COH-VALIDATE-SEARCH-AMBIGUOUS	1	blocking	0	-
PRPs-agentic-eng	2026-08-04T17:28:24Z	0	plan-review	figma-quota-resilience-phase-3-quota-preflight-named-failure	4	R1	1	blocking	0	-
PRPs-agentic-eng	2026-08-04T17:28:24Z	0	plan-review	figma-quota-resilience-phase-3-quota-preflight-named-failure	4	R2	1	blocking	0	-
PRPs-agentic-eng	2026-08-04T17:28:24Z	0	plan-review	figma-quota-resilience-phase-3-quota-preflight-named-failure	4	R3	1	blocking	0	-
PRPs-agentic-eng	2026-08-04T17:28:24Z	0	plan-review	figma-quota-resilience-phase-3-quota-preflight-named-failure	4	R4	1	blocking	0	-
PRPs-agentic-eng	2026-08-04T17:28:24Z	0	plan-review	figma-quota-resilience-phase-3-quota-preflight-named-failure	4	R5	1	blocking	0	-
PRPs-agentic-eng	2026-08-04T17:28:24Z	0	plan-review	figma-quota-resilience-phase-3-quota-preflight-named-failure	4	R6	1	blocking	0	-
PRPs-agentic-eng	2026-08-04T17:28:24Z	0	plan-review	figma-quota-resilience-phase-3-quota-preflight-named-failure	4	R7	1	blocking	0	-
PRPs-agentic-eng	2026-08-04T17:28:24Z	0	plan-review	figma-quota-resilience-phase-3-quota-preflight-named-failure	4	R8	1	blocking	0	-
PRPs-agentic-eng	2026-08-04T18:53:39Z	0	plan-review	figma-quota-resilience-phase-4-evidence-contract-rungs-r-dm7	1	R-COH-AC-TASK-DECOUPLED	0	blocking	0	-
PRPs-agentic-eng	2026-08-04T18:53:39Z	0	plan-review	figma-quota-resilience-phase-4-evidence-contract-rungs-r-dm7	1	R-COH-ACTION-VALIDATE-CONTRADICTION	1	blocking	0	-
PRPs-agentic-eng	2026-08-04T18:53:39Z	0	plan-review	figma-quota-resilience-phase-4-evidence-contract-rungs-r-dm7	1	R-COH-FILES-UNTOUCHED	1	blocking	0	-
PRPs-agentic-eng	2026-08-04T18:53:39Z	0	plan-review	figma-quota-resilience-phase-4-evidence-contract-rungs-r-dm7	1	R-COH-MANDATORY-READING-MISSING	1	blocking	0	-
PRPs-agentic-eng	2026-08-04T18:53:39Z	0	plan-review	figma-quota-resilience-phase-4-evidence-contract-rungs-r-dm7	1	R-COH-PATTERN-SOURCE-MISSING	1	blocking	0	-
PRPs-agentic-eng	2026-08-04T18:53:39Z	0	plan-review	figma-quota-resilience-phase-4-evidence-contract-rungs-r-dm7	1	R-COH-TASK-AC-MISSING	0	blocking	0	-
PRPs-agentic-eng	2026-08-04T18:53:39Z	0	plan-review	figma-quota-resilience-phase-4-evidence-contract-rungs-r-dm7	1	R-COH-VALIDATE-ALWAYS-PASS	1	blocking	0	-
PRPs-agentic-eng	2026-08-04T18:53:39Z	0	plan-review	figma-quota-resilience-phase-4-evidence-contract-rungs-r-dm7	1	R-COH-VALIDATE-FORBIDDEN-GREP-SCOPE	1	blocking	0	-
PRPs-agentic-eng	2026-08-04T18:53:39Z	0	plan-review	figma-quota-resilience-phase-4-evidence-contract-rungs-r-dm7	1	R-COH-VALIDATE-FRAMEWORK-MISMATCH	1	blocking	0	-
PRPs-agentic-eng	2026-08-04T18:53:39Z	0	plan-review	figma-quota-resilience-phase-4-evidence-contract-rungs-r-dm7	1	R-COH-VALIDATE-SEARCH-AMBIGUOUS	1	blocking	0	-
PRPs-agentic-eng	2026-08-04T18:53:39Z	0	plan-review	figma-quota-resilience-phase-4-evidence-contract-rungs-r-dm7	1	R1	1	blocking	0	-
PRPs-agentic-eng	2026-08-04T18:53:39Z	0	plan-review	figma-quota-resilience-phase-4-evidence-contract-rungs-r-dm7	1	R2	1	blocking	0	-
PRPs-agentic-eng	2026-08-04T18:53:39Z	0	plan-review	figma-quota-resilience-phase-4-evidence-contract-rungs-r-dm7	1	R3	1	blocking	0	-
PRPs-agentic-eng	2026-08-04T18:53:39Z	0	plan-review	figma-quota-resilience-phase-4-evidence-contract-rungs-r-dm7	1	R4	1	blocking	0	-
PRPs-agentic-eng	2026-08-04T18:53:39Z	0	plan-review	figma-quota-resilience-phase-4-evidence-contract-rungs-r-dm7	1	R5	1	blocking	0	-
PRPs-agentic-eng	2026-08-04T18:53:39Z	0	plan-review	figma-quota-resilience-phase-4-evidence-contract-rungs-r-dm7	1	R6	1	blocking	0	-
PRPs-agentic-eng	2026-08-04T18:53:39Z	0	plan-review	figma-quota-resilience-phase-4-evidence-contract-rungs-r-dm7	1	R7	1	blocking	0	-
PRPs-agentic-eng	2026-08-04T18:53:39Z	0	plan-review	figma-quota-resilience-phase-4-evidence-contract-rungs-r-dm7	1	R8	1	blocking	0	-
PRPs-agentic-eng	2026-08-04T19:15:00Z	0	plan-review	figma-quota-resilience-phase-4-evidence-contract-rungs-r-dm7	2	R-COH-AC-TASK-DECOUPLED	0	blocking	0	-
PRPs-agentic-eng	2026-08-04T19:15:00Z	0	plan-review	figma-quota-resilience-phase-4-evidence-contract-rungs-r-dm7	2	R-COH-ACTION-VALIDATE-CONTRADICTION	1	blocking	0	-
PRPs-agentic-eng	2026-08-04T19:15:00Z	0	plan-review	figma-quota-resilience-phase-4-evidence-contract-rungs-r-dm7	2	R-COH-FILES-UNTOUCHED	1	blocking	0	-
PRPs-agentic-eng	2026-08-04T19:15:00Z	0	plan-review	figma-quota-resilience-phase-4-evidence-contract-rungs-r-dm7	2	R-COH-MANDATORY-READING-MISSING	1	blocking	0	-
PRPs-agentic-eng	2026-08-04T19:15:00Z	0	plan-review	figma-quota-resilience-phase-4-evidence-contract-rungs-r-dm7	2	R-COH-OTHER-INTERNAL-CONTRADICTION	0	blocking	0	-
PRPs-agentic-eng	2026-08-04T19:15:00Z	0	plan-review	figma-quota-resilience-phase-4-evidence-contract-rungs-r-dm7	2	R-COH-PATTERN-SOURCE-MISSING	1	blocking	0	-
PRPs-agentic-eng	2026-08-04T19:15:00Z	0	plan-review	figma-quota-resilience-phase-4-evidence-contract-rungs-r-dm7	2	R-COH-TASK-AC-MISSING	1	blocking	0	-
PRPs-agentic-eng	2026-08-04T19:15:00Z	0	plan-review	figma-quota-resilience-phase-4-evidence-contract-rungs-r-dm7	2	R-COH-VALIDATE-ALWAYS-PASS	1	blocking	0	-
PRPs-agentic-eng	2026-08-04T19:15:00Z	0	plan-review	figma-quota-resilience-phase-4-evidence-contract-rungs-r-dm7	2	R-COH-VALIDATE-FORBIDDEN-GREP-SCOPE	1	blocking	0	-
PRPs-agentic-eng	2026-08-04T19:15:00Z	0	plan-review	figma-quota-resilience-phase-4-evidence-contract-rungs-r-dm7	2	R-COH-VALIDATE-FRAMEWORK-MISMATCH	1	blocking	0	-
PRPs-agentic-eng	2026-08-04T19:15:00Z	0	plan-review	figma-quota-resilience-phase-4-evidence-contract-rungs-r-dm7	2	R-COH-VALIDATE-SEARCH-AMBIGUOUS	1	blocking	0	-
PRPs-agentic-eng	2026-08-04T19:15:00Z	0	plan-review	figma-quota-resilience-phase-4-evidence-contract-rungs-r-dm7	2	R1	1	blocking	0	-
PRPs-agentic-eng	2026-08-04T19:15:00Z	0	plan-review	figma-quota-resilience-phase-4-evidence-contract-rungs-r-dm7	2	R2	1	blocking	0	-
PRPs-agentic-eng	2026-08-04T19:15:00Z	0	plan-review	figma-quota-resilience-phase-4-evidence-contract-rungs-r-dm7	2	R3	1	blocking	0	-
PRPs-agentic-eng	2026-08-04T19:15:00Z	0	plan-review	figma-quota-resilience-phase-4-evidence-contract-rungs-r-dm7	2	R4	1	blocking	0	-
PRPs-agentic-eng	2026-08-04T19:15:00Z	0	plan-review	figma-quota-resilience-phase-4-evidence-contract-rungs-r-dm7	2	R5	1	blocking	0	-
PRPs-agentic-eng	2026-08-04T19:15:00Z	0	plan-review	figma-quota-resilience-phase-4-evidence-contract-rungs-r-dm7	2	R6	1	blocking	0	-
PRPs-agentic-eng	2026-08-04T19:15:00Z	0	plan-review	figma-quota-resilience-phase-4-evidence-contract-rungs-r-dm7	2	R7	1	blocking	0	-
PRPs-agentic-eng	2026-08-04T19:15:00Z	0	plan-review	figma-quota-resilience-phase-4-evidence-contract-rungs-r-dm7	2	R8	1	blocking	0	-
PRPs-agentic-eng	2026-08-04T19:33:25Z	0	plan-review	figma-quota-resilience-phase-4-evidence-contract-rungs-r-dm7	3	R-COH-ACTION-VALIDATE-CONTRADICTION	1	blocking	0	-
PRPs-agentic-eng	2026-08-04T19:33:25Z	0	plan-review	figma-quota-resilience-phase-4-evidence-contract-rungs-r-dm7	3	R-COH-FILES-UNTOUCHED	1	blocking	0	-
PRPs-agentic-eng	2026-08-04T19:33:25Z	0	plan-review	figma-quota-resilience-phase-4-evidence-contract-rungs-r-dm7	3	R-COH-MANDATORY-READING-MISSING	1	blocking	0	-
PRPs-agentic-eng	2026-08-04T19:33:25Z	0	plan-review	figma-quota-resilience-phase-4-evidence-contract-rungs-r-dm7	3	R-COH-OTHER-INTERNAL-CONTRADICTION	1	blocking	0	-
PRPs-agentic-eng	2026-08-04T19:33:25Z	0	plan-review	figma-quota-resilience-phase-4-evidence-contract-rungs-r-dm7	3	R-COH-PATTERN-SOURCE-MISSING	1	blocking	0	-
PRPs-agentic-eng	2026-08-04T19:33:25Z	0	plan-review	figma-quota-resilience-phase-4-evidence-contract-rungs-r-dm7	3	R-COH-TASK-AC-MISSING	1	blocking	0	-
PRPs-agentic-eng	2026-08-04T19:33:25Z	0	plan-review	figma-quota-resilience-phase-4-evidence-contract-rungs-r-dm7	3	R-COH-VALIDATE-ALWAYS-PASS	1	blocking	0	-
PRPs-agentic-eng	2026-08-04T19:33:25Z	0	plan-review	figma-quota-resilience-phase-4-evidence-contract-rungs-r-dm7	3	R-COH-VALIDATE-FORBIDDEN-GREP-SCOPE	1	blocking	0	-
PRPs-agentic-eng	2026-08-04T19:33:25Z	0	plan-review	figma-quota-resilience-phase-4-evidence-contract-rungs-r-dm7	3	R-COH-VALIDATE-FRAMEWORK-MISMATCH	1	blocking	0	-
PRPs-agentic-eng	2026-08-04T19:33:25Z	0	plan-review	figma-quota-resilience-phase-4-evidence-contract-rungs-r-dm7	3	R-COH-VALIDATE-SEARCH-AMBIGUOUS	1	blocking	0	-
PRPs-agentic-eng	2026-08-04T19:33:25Z	0	plan-review	figma-quota-resilience-phase-4-evidence-contract-rungs-r-dm7	3	R1	1	blocking	0	-
PRPs-agentic-eng	2026-08-04T19:33:25Z	0	plan-review	figma-quota-resilience-phase-4-evidence-contract-rungs-r-dm7	3	R2	1	blocking	0	-
PRPs-agentic-eng	2026-08-04T19:33:25Z	0	plan-review	figma-quota-resilience-phase-4-evidence-contract-rungs-r-dm7	3	R3	1	blocking	0	-
PRPs-agentic-eng	2026-08-04T19:33:25Z	0	plan-review	figma-quota-resilience-phase-4-evidence-contract-rungs-r-dm7	3	R4	1	blocking	0	-
PRPs-agentic-eng	2026-08-04T19:33:25Z	0	plan-review	figma-quota-resilience-phase-4-evidence-contract-rungs-r-dm7	3	R5	1	blocking	0	-
PRPs-agentic-eng	2026-08-04T19:33:25Z	0	plan-review	figma-quota-resilience-phase-4-evidence-contract-rungs-r-dm7	3	R6	1	blocking	0	-
PRPs-agentic-eng	2026-08-04T19:33:25Z	0	plan-review	figma-quota-resilience-phase-4-evidence-contract-rungs-r-dm7	3	R7	1	blocking	0	-
PRPs-agentic-eng	2026-08-04T19:33:25Z	0	plan-review	figma-quota-resilience-phase-4-evidence-contract-rungs-r-dm7	3	R8	1	blocking	0	-
PRPs-agentic-eng	2026-08-04T19:56:53Z	0	plan-review	figma-quota-resilience-phase-4-evidence-contract-rungs-r-dm7	4	R-COH-ACTION-VALIDATE-CONTRADICTION	1	blocking	0	-
PRPs-agentic-eng	2026-08-04T19:56:53Z	0	plan-review	figma-quota-resilience-phase-4-evidence-contract-rungs-r-dm7	4	R-COH-FILES-UNTOUCHED	1	blocking	0	-
PRPs-agentic-eng	2026-08-04T19:56:53Z	0	plan-review	figma-quota-resilience-phase-4-evidence-contract-rungs-r-dm7	4	R-COH-MANDATORY-READING-MISSING	1	blocking	0	-
PRPs-agentic-eng	2026-08-04T19:56:53Z	0	plan-review	figma-quota-resilience-phase-4-evidence-contract-rungs-r-dm7	4	R-COH-OTHER-INTERNAL-CONTRADICTION	1	blocking	0	-
PRPs-agentic-eng	2026-08-04T19:56:53Z	0	plan-review	figma-quota-resilience-phase-4-evidence-contract-rungs-r-dm7	4	R-COH-PATTERN-SOURCE-MISSING	1	blocking	0	-
PRPs-agentic-eng	2026-08-04T19:56:53Z	0	plan-review	figma-quota-resilience-phase-4-evidence-contract-rungs-r-dm7	4	R-COH-TASK-AC-MISSING	1	blocking	0	-
PRPs-agentic-eng	2026-08-04T19:56:53Z	0	plan-review	figma-quota-resilience-phase-4-evidence-contract-rungs-r-dm7	4	R-COH-VALIDATE-ALWAYS-PASS	1	blocking	0	-
PRPs-agentic-eng	2026-08-04T19:56:53Z	0	plan-review	figma-quota-resilience-phase-4-evidence-contract-rungs-r-dm7	4	R-COH-VALIDATE-FORBIDDEN-GREP-SCOPE	1	blocking	0	-
PRPs-agentic-eng	2026-08-04T19:56:53Z	0	plan-review	figma-quota-resilience-phase-4-evidence-contract-rungs-r-dm7	4	R-COH-VALIDATE-FRAMEWORK-MISMATCH	1	blocking	0	-
PRPs-agentic-eng	2026-08-04T19:56:53Z	0	plan-review	figma-quota-resilience-phase-4-evidence-contract-rungs-r-dm7	4	R-COH-VALIDATE-SEARCH-AMBIGUOUS	1	blocking	0	-
PRPs-agentic-eng	2026-08-04T19:56:53Z	0	plan-review	figma-quota-resilience-phase-4-evidence-contract-rungs-r-dm7	4	R1	1	blocking	0	-
PRPs-agentic-eng	2026-08-04T19:56:53Z	0	plan-review	figma-quota-resilience-phase-4-evidence-contract-rungs-r-dm7	4	R2	1	blocking	0	-
PRPs-agentic-eng	2026-08-04T19:56:53Z	0	plan-review	figma-quota-resilience-phase-4-evidence-contract-rungs-r-dm7	4	R3	1	blocking	0	-
PRPs-agentic-eng	2026-08-04T19:56:53Z	0	plan-review	figma-quota-resilience-phase-4-evidence-contract-rungs-r-dm7	4	R4	1	blocking	0	-
PRPs-agentic-eng	2026-08-04T19:56:53Z	0	plan-review	figma-quota-resilience-phase-4-evidence-contract-rungs-r-dm7	4	R5	1	blocking	0	-
PRPs-agentic-eng	2026-08-04T19:56:53Z	0	plan-review	figma-quota-resilience-phase-4-evidence-contract-rungs-r-dm7	4	R6	1	blocking	0	-
PRPs-agentic-eng	2026-08-04T19:56:53Z	0	plan-review	figma-quota-resilience-phase-4-evidence-contract-rungs-r-dm7	4	R7	1	blocking	0	-
PRPs-agentic-eng	2026-08-04T19:56:53Z	0	plan-review	figma-quota-resilience-phase-4-evidence-contract-rungs-r-dm7	4	R8	1	blocking	0	-
PRPs-agentic-eng	2026-08-04T22:12:06Z	0	plan-review	figma-quota-resilience-phase-5-checkpoint-resume	1	R-COH-AC-TASK-DECOUPLED	0	blocking	0	-
PRPs-agentic-eng	2026-08-04T22:12:06Z	0	plan-review	figma-quota-resilience-phase-5-checkpoint-resume	1	R-COH-ACTION-VALIDATE-CONTRADICTION	1	blocking	0	-
PRPs-agentic-eng	2026-08-04T22:12:06Z	0	plan-review	figma-quota-resilience-phase-5-checkpoint-resume	1	R-COH-FILES-UNTOUCHED	1	blocking	0	-
PRPs-agentic-eng	2026-08-04T22:12:06Z	0	plan-review	figma-quota-resilience-phase-5-checkpoint-resume	1	R-COH-MANDATORY-READING-MISSING	1	blocking	0	-
PRPs-agentic-eng	2026-08-04T22:12:06Z	0	plan-review	figma-quota-resilience-phase-5-checkpoint-resume	1	R-COH-OTHER-INTERNAL-CONTRADICTION	0	blocking	0	-
PRPs-agentic-eng	2026-08-04T22:12:06Z	0	plan-review	figma-quota-resilience-phase-5-checkpoint-resume	1	R-COH-OTHER-INTERNAL-CONTRADICTION	0	blocking	0	-
PRPs-agentic-eng	2026-08-04T22:12:06Z	0	plan-review	figma-quota-resilience-phase-5-checkpoint-resume	1	R-COH-PATTERN-SOURCE-MISSING	1	blocking	0	-
PRPs-agentic-eng	2026-08-04T22:12:06Z	0	plan-review	figma-quota-resilience-phase-5-checkpoint-resume	1	R-COH-TASK-AC-MISSING	1	blocking	0	-
PRPs-agentic-eng	2026-08-04T22:12:06Z	0	plan-review	figma-quota-resilience-phase-5-checkpoint-resume	1	R-COH-VALIDATE-ALWAYS-PASS	1	blocking	0	-
PRPs-agentic-eng	2026-08-04T22:12:06Z	0	plan-review	figma-quota-resilience-phase-5-checkpoint-resume	1	R-COH-VALIDATE-FORBIDDEN-GREP-SCOPE	1	blocking	0	-
PRPs-agentic-eng	2026-08-04T22:12:06Z	0	plan-review	figma-quota-resilience-phase-5-checkpoint-resume	1	R-COH-VALIDATE-FRAMEWORK-MISMATCH	1	blocking	0	-
PRPs-agentic-eng	2026-08-04T22:12:06Z	0	plan-review	figma-quota-resilience-phase-5-checkpoint-resume	1	R-COH-VALIDATE-SEARCH-AMBIGUOUS	1	blocking	0	-
PRPs-agentic-eng	2026-08-04T22:12:06Z	0	plan-review	figma-quota-resilience-phase-5-checkpoint-resume	1	R1	1	blocking	0	-
PRPs-agentic-eng	2026-08-04T22:12:06Z	0	plan-review	figma-quota-resilience-phase-5-checkpoint-resume	1	R2	1	blocking	0	-
PRPs-agentic-eng	2026-08-04T22:12:06Z	0	plan-review	figma-quota-resilience-phase-5-checkpoint-resume	1	R3	1	blocking	0	-
PRPs-agentic-eng	2026-08-04T22:12:06Z	0	plan-review	figma-quota-resilience-phase-5-checkpoint-resume	1	R4	1	blocking	0	-
PRPs-agentic-eng	2026-08-04T22:12:06Z	0	plan-review	figma-quota-resilience-phase-5-checkpoint-resume	1	R5	1	blocking	0	-
PRPs-agentic-eng	2026-08-04T22:12:06Z	0	plan-review	figma-quota-resilience-phase-5-checkpoint-resume	1	R6	1	blocking	0	-
PRPs-agentic-eng	2026-08-04T22:12:06Z	0	plan-review	figma-quota-resilience-phase-5-checkpoint-resume	1	R7	1	blocking	0	-
PRPs-agentic-eng	2026-08-04T22:12:06Z	0	plan-review	figma-quota-resilience-phase-5-checkpoint-resume	1	R8	1	blocking	0	-
PRPs-agentic-eng	2026-08-04T22:35:40Z	0	plan-review	figma-quota-resilience-phase-5-checkpoint-resume	2	R-COH-ACTION-VALIDATE-CONTRADICTION	1	blocking	0	-
PRPs-agentic-eng	2026-08-04T22:35:40Z	0	plan-review	figma-quota-resilience-phase-5-checkpoint-resume	2	R-COH-FILES-UNTOUCHED	1	blocking	0	-
PRPs-agentic-eng	2026-08-04T22:35:40Z	0	plan-review	figma-quota-resilience-phase-5-checkpoint-resume	2	R-COH-MANDATORY-READING-MISSING	1	blocking	0	-
PRPs-agentic-eng	2026-08-04T22:35:40Z	0	plan-review	figma-quota-resilience-phase-5-checkpoint-resume	2	R-COH-PATTERN-SOURCE-MISSING	1	blocking	0	-
PRPs-agentic-eng	2026-08-04T22:35:40Z	0	plan-review	figma-quota-resilience-phase-5-checkpoint-resume	2	R-COH-TASK-AC-MISSING	1	blocking	0	-
PRPs-agentic-eng	2026-08-04T22:35:40Z	0	plan-review	figma-quota-resilience-phase-5-checkpoint-resume	2	R-COH-VALIDATE-ALWAYS-PASS	1	blocking	0	-
PRPs-agentic-eng	2026-08-04T22:35:40Z	0	plan-review	figma-quota-resilience-phase-5-checkpoint-resume	2	R-COH-VALIDATE-FORBIDDEN-GREP-SCOPE	1	blocking	0	-
PRPs-agentic-eng	2026-08-04T22:35:40Z	0	plan-review	figma-quota-resilience-phase-5-checkpoint-resume	2	R-COH-VALIDATE-FRAMEWORK-MISMATCH	1	blocking	0	-
PRPs-agentic-eng	2026-08-04T22:35:40Z	0	plan-review	figma-quota-resilience-phase-5-checkpoint-resume	2	R-COH-VALIDATE-SEARCH-AMBIGUOUS	1	blocking	0	-
PRPs-agentic-eng	2026-08-04T22:35:40Z	0	plan-review	figma-quota-resilience-phase-5-checkpoint-resume	2	R1	1	blocking	0	-
PRPs-agentic-eng	2026-08-04T22:35:40Z	0	plan-review	figma-quota-resilience-phase-5-checkpoint-resume	2	R2	1	blocking	0	-
PRPs-agentic-eng	2026-08-04T22:35:40Z	0	plan-review	figma-quota-resilience-phase-5-checkpoint-resume	2	R3	1	blocking	0	-
PRPs-agentic-eng	2026-08-04T22:35:40Z	0	plan-review	figma-quota-resilience-phase-5-checkpoint-resume	2	R4	1	blocking	0	-
PRPs-agentic-eng	2026-08-04T22:35:40Z	0	plan-review	figma-quota-resilience-phase-5-checkpoint-resume	2	R5	1	blocking	0	-
PRPs-agentic-eng	2026-08-04T22:35:40Z	0	plan-review	figma-quota-resilience-phase-5-checkpoint-resume	2	R6	1	blocking	0	-
PRPs-agentic-eng	2026-08-04T22:35:40Z	0	plan-review	figma-quota-resilience-phase-5-checkpoint-resume	2	R7	1	blocking	0	-
PRPs-agentic-eng	2026-08-04T22:35:40Z	0	plan-review	figma-quota-resilience-phase-5-checkpoint-resume	2	R8	1	blocking	0	-
PRPs-agentic-eng	2026-08-04T22:53:05Z	0	plan-review	figma-quota-resilience-phase-5-checkpoint-resume	3	R-COH-ACTION-VALIDATE-CONTRADICTION	1	blocking	0	-
PRPs-agentic-eng	2026-08-04T22:53:05Z	0	plan-review	figma-quota-resilience-phase-5-checkpoint-resume	3	R-COH-FILES-UNTOUCHED	1	blocking	0	-
PRPs-agentic-eng	2026-08-04T22:53:05Z	0	plan-review	figma-quota-resilience-phase-5-checkpoint-resume	3	R-COH-MANDATORY-READING-MISSING	1	blocking	0	-
PRPs-agentic-eng	2026-08-04T22:53:05Z	0	plan-review	figma-quota-resilience-phase-5-checkpoint-resume	3	R-COH-PATTERN-SOURCE-MISSING	1	blocking	0	-
PRPs-agentic-eng	2026-08-04T22:53:05Z	0	plan-review	figma-quota-resilience-phase-5-checkpoint-resume	3	R-COH-TASK-AC-MISSING	1	blocking	0	-
PRPs-agentic-eng	2026-08-04T22:53:05Z	0	plan-review	figma-quota-resilience-phase-5-checkpoint-resume	3	R-COH-VALIDATE-ALWAYS-PASS	1	blocking	0	-
PRPs-agentic-eng	2026-08-04T22:53:05Z	0	plan-review	figma-quota-resilience-phase-5-checkpoint-resume	3	R-COH-VALIDATE-FORBIDDEN-GREP-SCOPE	1	blocking	0	-
PRPs-agentic-eng	2026-08-04T22:53:05Z	0	plan-review	figma-quota-resilience-phase-5-checkpoint-resume	3	R-COH-VALIDATE-FRAMEWORK-MISMATCH	1	blocking	0	-
PRPs-agentic-eng	2026-08-04T22:53:05Z	0	plan-review	figma-quota-resilience-phase-5-checkpoint-resume	3	R-COH-VALIDATE-SEARCH-AMBIGUOUS	1	blocking	0	-
PRPs-agentic-eng	2026-08-04T22:53:05Z	0	plan-review	figma-quota-resilience-phase-5-checkpoint-resume	3	R1	1	blocking	0	-
PRPs-agentic-eng	2026-08-04T22:53:05Z	0	plan-review	figma-quota-resilience-phase-5-checkpoint-resume	3	R2	1	blocking	0	-
PRPs-agentic-eng	2026-08-04T22:53:05Z	0	plan-review	figma-quota-resilience-phase-5-checkpoint-resume	3	R3	1	blocking	0	-
PRPs-agentic-eng	2026-08-04T22:53:05Z	0	plan-review	figma-quota-resilience-phase-5-checkpoint-resume	3	R4	1	blocking	0	-
PRPs-agentic-eng	2026-08-04T22:53:05Z	0	plan-review	figma-quota-resilience-phase-5-checkpoint-resume	3	R5	1	blocking	0	-
PRPs-agentic-eng	2026-08-04T22:53:05Z	0	plan-review	figma-quota-resilience-phase-5-checkpoint-resume	3	R6	1	blocking	0	-
PRPs-agentic-eng	2026-08-04T22:53:05Z	0	plan-review	figma-quota-resilience-phase-5-checkpoint-resume	3	R7	1	blocking	0	-
PRPs-agentic-eng	2026-08-04T22:53:05Z	0	plan-review	figma-quota-resilience-phase-5-checkpoint-resume	3	R8	1	blocking	0	-
PRPs-agentic-eng	2026-08-06T20:02:05Z	0	plan-review	figma-quota-resilience-phase-6-design-spec-quota-path	1	R-COH-ACTION-VALIDATE-CONTRADICTION	1	blocking	0	-
PRPs-agentic-eng	2026-08-06T20:02:05Z	0	plan-review	figma-quota-resilience-phase-6-design-spec-quota-path	1	R-COH-FILES-UNTOUCHED	1	blocking	0	-
PRPs-agentic-eng	2026-08-06T20:02:05Z	0	plan-review	figma-quota-resilience-phase-6-design-spec-quota-path	1	R-COH-MANDATORY-READING-MISSING	1	blocking	0	-
PRPs-agentic-eng	2026-08-06T20:02:05Z	0	plan-review	figma-quota-resilience-phase-6-design-spec-quota-path	1	R-COH-PATTERN-SOURCE-MISSING	1	blocking	0	-
PRPs-agentic-eng	2026-08-06T20:02:05Z	0	plan-review	figma-quota-resilience-phase-6-design-spec-quota-path	1	R-COH-TASK-AC-MISSING	1	blocking	0	-
PRPs-agentic-eng	2026-08-06T20:02:05Z	0	plan-review	figma-quota-resilience-phase-6-design-spec-quota-path	1	R-COH-VALIDATE-ALWAYS-PASS	1	blocking	0	-
PRPs-agentic-eng	2026-08-06T20:02:05Z	0	plan-review	figma-quota-resilience-phase-6-design-spec-quota-path	1	R-COH-VALIDATE-FORBIDDEN-GREP-SCOPE	1	blocking	0	-
PRPs-agentic-eng	2026-08-06T20:02:05Z	0	plan-review	figma-quota-resilience-phase-6-design-spec-quota-path	1	R-COH-VALIDATE-FRAMEWORK-MISMATCH	1	blocking	0	-
PRPs-agentic-eng	2026-08-06T20:02:05Z	0	plan-review	figma-quota-resilience-phase-6-design-spec-quota-path	1	R-COH-VALIDATE-PATTERN-UNGROUNDED	1	blocking	0	-
PRPs-agentic-eng	2026-08-06T20:02:05Z	0	plan-review	figma-quota-resilience-phase-6-design-spec-quota-path	1	R-COH-VALIDATE-SEARCH-AMBIGUOUS	1	blocking	0	-
PRPs-agentic-eng	2026-08-06T20:02:05Z	0	plan-review	figma-quota-resilience-phase-6-design-spec-quota-path	1	R1	1	blocking	0	-
PRPs-agentic-eng	2026-08-06T20:02:05Z	0	plan-review	figma-quota-resilience-phase-6-design-spec-quota-path	1	R2	1	blocking	0	-
PRPs-agentic-eng	2026-08-06T20:02:05Z	0	plan-review	figma-quota-resilience-phase-6-design-spec-quota-path	1	R3	1	blocking	0	-
PRPs-agentic-eng	2026-08-06T20:02:05Z	0	plan-review	figma-quota-resilience-phase-6-design-spec-quota-path	1	R4	1	blocking	0	-
PRPs-agentic-eng	2026-08-06T20:02:05Z	0	plan-review	figma-quota-resilience-phase-6-design-spec-quota-path	1	R5	1	blocking	0	-
PRPs-agentic-eng	2026-08-06T20:02:05Z	0	plan-review	figma-quota-resilience-phase-6-design-spec-quota-path	1	R6	1	blocking	0	-
PRPs-agentic-eng	2026-08-06T20:02:05Z	0	plan-review	figma-quota-resilience-phase-6-design-spec-quota-path	1	R7	1	blocking	0	-
PRPs-agentic-eng	2026-08-06T20:02:05Z	0	plan-review	figma-quota-resilience-phase-6-design-spec-quota-path	1	R8	1	blocking	0	-
PRPs-agentic-eng	2026-08-05T16:24:01Z	0	plan-review	fix-a-measurement-defect-in-scriptsefficiencymjs-that	1	R-COH-ACTION-VALIDATE-CONTRADICTION	1	blocking	0	-
PRPs-agentic-eng	2026-08-05T16:24:01Z	0	plan-review	fix-a-measurement-defect-in-scriptsefficiencymjs-that	1	R-COH-FILES-UNTOUCHED	1	blocking	0	-
PRPs-agentic-eng	2026-08-05T16:24:01Z	0	plan-review	fix-a-measurement-defect-in-scriptsefficiencymjs-that	1	R-COH-MANDATORY-READING-MISSING	1	blocking	0	-
PRPs-agentic-eng	2026-08-05T16:24:01Z	0	plan-review	fix-a-measurement-defect-in-scriptsefficiencymjs-that	1	R-COH-PATTERN-SOURCE-MISSING	1	blocking	0	-
PRPs-agentic-eng	2026-08-05T16:24:01Z	0	plan-review	fix-a-measurement-defect-in-scriptsefficiencymjs-that	1	R-COH-TASK-AC-MISSING	1	blocking	0	-
PRPs-agentic-eng	2026-08-05T16:24:01Z	0	plan-review	fix-a-measurement-defect-in-scriptsefficiencymjs-that	1	R-COH-VALIDATE-ALWAYS-PASS	1	blocking	0	-
PRPs-agentic-eng	2026-08-05T16:24:01Z	0	plan-review	fix-a-measurement-defect-in-scriptsefficiencymjs-that	1	R-COH-VALIDATE-FORBIDDEN-GREP-SCOPE	1	blocking	0	-
PRPs-agentic-eng	2026-08-05T16:24:01Z	0	plan-review	fix-a-measurement-defect-in-scriptsefficiencymjs-that	1	R-COH-VALIDATE-FRAMEWORK-MISMATCH	1	blocking	0	-
PRPs-agentic-eng	2026-08-05T16:24:01Z	0	plan-review	fix-a-measurement-defect-in-scriptsefficiencymjs-that	1	R-COH-VALIDATE-PATTERN-UNGROUNDED	0	blocking	0	-
PRPs-agentic-eng	2026-08-05T16:24:01Z	0	plan-review	fix-a-measurement-defect-in-scriptsefficiencymjs-that	1	R-COH-VALIDATE-SEARCH-AMBIGUOUS	1	blocking	0	-
PRPs-agentic-eng	2026-08-05T16:24:01Z	0	plan-review	fix-a-measurement-defect-in-scriptsefficiencymjs-that	1	R1	1	blocking	0	-
PRPs-agentic-eng	2026-08-05T16:24:01Z	0	plan-review	fix-a-measurement-defect-in-scriptsefficiencymjs-that	1	R2	1	blocking	0	-
PRPs-agentic-eng	2026-08-05T16:24:01Z	0	plan-review	fix-a-measurement-defect-in-scriptsefficiencymjs-that	1	R3	1	blocking	0	-
PRPs-agentic-eng	2026-08-05T16:24:01Z	0	plan-review	fix-a-measurement-defect-in-scriptsefficiencymjs-that	1	R4	1	blocking	0	-
PRPs-agentic-eng	2026-08-05T16:24:01Z	0	plan-review	fix-a-measurement-defect-in-scriptsefficiencymjs-that	1	R5	1	blocking	0	-
PRPs-agentic-eng	2026-08-05T16:24:01Z	0	plan-review	fix-a-measurement-defect-in-scriptsefficiencymjs-that	1	R6	1	blocking	0	-
PRPs-agentic-eng	2026-08-05T16:24:01Z	0	plan-review	fix-a-measurement-defect-in-scriptsefficiencymjs-that	1	R7	1	blocking	0	-
PRPs-agentic-eng	2026-08-05T16:24:01Z	0	plan-review	fix-a-measurement-defect-in-scriptsefficiencymjs-that	1	R8-desc-min-ac	1	blocking	0	-
PRPs-agentic-eng	2026-08-05T16:24:01Z	0	plan-review	fix-a-measurement-defect-in-scriptsefficiencymjs-that	1	R8a	1	blocking	0	-
PRPs-agentic-eng	2026-08-05T16:24:01Z	0	plan-review	fix-a-measurement-defect-in-scriptsefficiencymjs-that	1	R8b	1	blocking	0	-
PRPs-agentic-eng	2026-08-05T16:24:01Z	0	plan-review	fix-a-measurement-defect-in-scriptsefficiencymjs-that	1	R8c	1	blocking	0	-
PRPs-agentic-eng	2026-08-05T16:41:56Z	0	plan-review	fix-a-measurement-defect-in-scriptsefficiencymjs-that	2	R-COH-ACTION-VALIDATE-CONTRADICTION	1	blocking	0	-
PRPs-agentic-eng	2026-08-05T16:41:56Z	0	plan-review	fix-a-measurement-defect-in-scriptsefficiencymjs-that	2	R-COH-FILES-UNTOUCHED	1	blocking	0	-
PRPs-agentic-eng	2026-08-05T16:41:56Z	0	plan-review	fix-a-measurement-defect-in-scriptsefficiencymjs-that	2	R-COH-MANDATORY-READING-MISSING	1	blocking	0	-
PRPs-agentic-eng	2026-08-05T16:41:56Z	0	plan-review	fix-a-measurement-defect-in-scriptsefficiencymjs-that	2	R-COH-OTHER-INTERNAL-CONTRADICTION	0	blocking	0	-
PRPs-agentic-eng	2026-08-05T16:41:56Z	0	plan-review	fix-a-measurement-defect-in-scriptsefficiencymjs-that	2	R-COH-PATTERN-SOURCE-MISSING	1	blocking	0	-
PRPs-agentic-eng	2026-08-05T16:41:56Z	0	plan-review	fix-a-measurement-defect-in-scriptsefficiencymjs-that	2	R-COH-TASK-AC-MISSING	1	blocking	0	-
PRPs-agentic-eng	2026-08-05T16:41:56Z	0	plan-review	fix-a-measurement-defect-in-scriptsefficiencymjs-that	2	R-COH-VALIDATE-ALWAYS-PASS	1	blocking	0	-
PRPs-agentic-eng	2026-08-05T16:41:56Z	0	plan-review	fix-a-measurement-defect-in-scriptsefficiencymjs-that	2	R-COH-VALIDATE-FORBIDDEN-GREP-SCOPE	1	blocking	0	-
PRPs-agentic-eng	2026-08-05T16:41:56Z	0	plan-review	fix-a-measurement-defect-in-scriptsefficiencymjs-that	2	R-COH-VALIDATE-FRAMEWORK-MISMATCH	1	blocking	0	-
PRPs-agentic-eng	2026-08-05T16:41:56Z	0	plan-review	fix-a-measurement-defect-in-scriptsefficiencymjs-that	2	R-COH-VALIDATE-PATTERN-UNGROUNDED	1	blocking	0	-
PRPs-agentic-eng	2026-08-05T16:41:56Z	0	plan-review	fix-a-measurement-defect-in-scriptsefficiencymjs-that	2	R-COH-VALIDATE-SEARCH-AMBIGUOUS	1	blocking	0	-
PRPs-agentic-eng	2026-08-05T16:41:56Z	0	plan-review	fix-a-measurement-defect-in-scriptsefficiencymjs-that	2	R1	1	blocking	0	-
PRPs-agentic-eng	2026-08-05T16:41:56Z	0	plan-review	fix-a-measurement-defect-in-scriptsefficiencymjs-that	2	R2	1	blocking	0	-
PRPs-agentic-eng	2026-08-05T16:41:56Z	0	plan-review	fix-a-measurement-defect-in-scriptsefficiencymjs-that	2	R3	1	blocking	0	-
PRPs-agentic-eng	2026-08-05T16:41:56Z	0	plan-review	fix-a-measurement-defect-in-scriptsefficiencymjs-that	2	R4	1	blocking	0	-
PRPs-agentic-eng	2026-08-05T16:41:56Z	0	plan-review	fix-a-measurement-defect-in-scriptsefficiencymjs-that	2	R5	1	blocking	0	-
PRPs-agentic-eng	2026-08-05T16:41:56Z	0	plan-review	fix-a-measurement-defect-in-scriptsefficiencymjs-that	2	R6	1	blocking	0	-
PRPs-agentic-eng	2026-08-05T16:41:56Z	0	plan-review	fix-a-measurement-defect-in-scriptsefficiencymjs-that	2	R7	1	blocking	0	-
PRPs-agentic-eng	2026-08-05T16:41:56Z	0	plan-review	fix-a-measurement-defect-in-scriptsefficiencymjs-that	2	R8-desc-min-ac	1	blocking	0	-
PRPs-agentic-eng	2026-08-05T16:41:56Z	0	plan-review	fix-a-measurement-defect-in-scriptsefficiencymjs-that	2	R8a	1	blocking	0	-
PRPs-agentic-eng	2026-08-05T16:41:56Z	0	plan-review	fix-a-measurement-defect-in-scriptsefficiencymjs-that	2	R8b	1	blocking	0	-
PRPs-agentic-eng	2026-08-05T16:41:56Z	0	plan-review	fix-a-measurement-defect-in-scriptsefficiencymjs-that	2	R8c	1	blocking	0	-
PRPs-agentic-eng	2026-08-05T16:58:50Z	0	plan-review	fix-a-measurement-defect-in-scriptsefficiencymjs-that	3	R-COH-ACTION-VALIDATE-CONTRADICTION	1	blocking	0	-
PRPs-agentic-eng	2026-08-05T16:58:50Z	0	plan-review	fix-a-measurement-defect-in-scriptsefficiencymjs-that	3	R-COH-FILES-UNTOUCHED	1	blocking	0	-
PRPs-agentic-eng	2026-08-05T16:58:50Z	0	plan-review	fix-a-measurement-defect-in-scriptsefficiencymjs-that	3	R-COH-MANDATORY-READING-MISSING	1	blocking	0	-
PRPs-agentic-eng	2026-08-05T16:58:50Z	0	plan-review	fix-a-measurement-defect-in-scriptsefficiencymjs-that	3	R-COH-OTHER-INTERNAL-CONTRADICTION	1	blocking	0	-
PRPs-agentic-eng	2026-08-05T16:58:50Z	0	plan-review	fix-a-measurement-defect-in-scriptsefficiencymjs-that	3	R-COH-PATTERN-SOURCE-MISSING	1	blocking	0	-
PRPs-agentic-eng	2026-08-05T16:58:50Z	0	plan-review	fix-a-measurement-defect-in-scriptsefficiencymjs-that	3	R-COH-TASK-AC-MISSING	1	blocking	0	-
PRPs-agentic-eng	2026-08-05T16:58:50Z	0	plan-review	fix-a-measurement-defect-in-scriptsefficiencymjs-that	3	R-COH-VALIDATE-ALWAYS-PASS	1	blocking	0	-
PRPs-agentic-eng	2026-08-05T16:58:50Z	0	plan-review	fix-a-measurement-defect-in-scriptsefficiencymjs-that	3	R-COH-VALIDATE-FORBIDDEN-GREP-SCOPE	1	blocking	0	-
PRPs-agentic-eng	2026-08-05T16:58:50Z	0	plan-review	fix-a-measurement-defect-in-scriptsefficiencymjs-that	3	R-COH-VALIDATE-FRAMEWORK-MISMATCH	1	blocking	0	-
PRPs-agentic-eng	2026-08-05T16:58:50Z	0	plan-review	fix-a-measurement-defect-in-scriptsefficiencymjs-that	3	R-COH-VALIDATE-PATTERN-UNGROUNDED	1	blocking	0	-
PRPs-agentic-eng	2026-08-05T16:58:50Z	0	plan-review	fix-a-measurement-defect-in-scriptsefficiencymjs-that	3	R-COH-VALIDATE-SEARCH-AMBIGUOUS	1	blocking	0	-
PRPs-agentic-eng	2026-08-05T16:58:50Z	0	plan-review	fix-a-measurement-defect-in-scriptsefficiencymjs-that	3	R1	1	blocking	0	-
PRPs-agentic-eng	2026-08-05T16:58:50Z	0	plan-review	fix-a-measurement-defect-in-scriptsefficiencymjs-that	3	R2	1	blocking	0	-
PRPs-agentic-eng	2026-08-05T16:58:50Z	0	plan-review	fix-a-measurement-defect-in-scriptsefficiencymjs-that	3	R3	1	blocking	0	-
PRPs-agentic-eng	2026-08-05T16:58:50Z	0	plan-review	fix-a-measurement-defect-in-scriptsefficiencymjs-that	3	R4	1	blocking	0	-
PRPs-agentic-eng	2026-08-05T16:58:50Z	0	plan-review	fix-a-measurement-defect-in-scriptsefficiencymjs-that	3	R5	1	blocking	0	-
PRPs-agentic-eng	2026-08-05T16:58:50Z	0	plan-review	fix-a-measurement-defect-in-scriptsefficiencymjs-that	3	R6	1	blocking	0	-
PRPs-agentic-eng	2026-08-05T16:58:50Z	0	plan-review	fix-a-measurement-defect-in-scriptsefficiencymjs-that	3	R7	1	blocking	0	-
PRPs-agentic-eng	2026-08-05T16:58:50Z	0	plan-review	fix-a-measurement-defect-in-scriptsefficiencymjs-that	3	R8-desc-min-ac	1	blocking	0	-
PRPs-agentic-eng	2026-08-05T16:58:50Z	0	plan-review	fix-a-measurement-defect-in-scriptsefficiencymjs-that	3	R8a	1	blocking	0	-
PRPs-agentic-eng	2026-08-05T16:58:50Z	0	plan-review	fix-a-measurement-defect-in-scriptsefficiencymjs-that	3	R8b	1	blocking	0	-
PRPs-agentic-eng	2026-08-05T16:58:50Z	0	plan-review	fix-a-measurement-defect-in-scriptsefficiencymjs-that	3	R8c	1	blocking	0	-
PRPs-agentic-eng	2026-08-07T02:47:19Z	0	plan-review	plan-review-materiality-phase-1-class-taxonomy-gating	1	R-COH-ACTION-VALIDATE-CONTRADICTION	1	blocking	0	-
PRPs-agentic-eng	2026-08-07T02:47:19Z	0	plan-review	plan-review-materiality-phase-1-class-taxonomy-gating	1	R-COH-FILES-UNTOUCHED	1	blocking	0	-
PRPs-agentic-eng	2026-08-07T02:47:19Z	0	plan-review	plan-review-materiality-phase-1-class-taxonomy-gating	1	R-COH-MANDATORY-READING-MISSING	1	blocking	0	-
PRPs-agentic-eng	2026-08-07T02:47:19Z	0	plan-review	plan-review-materiality-phase-1-class-taxonomy-gating	1	R-COH-PATTERN-SOURCE-MISSING	1	blocking	0	-
PRPs-agentic-eng	2026-08-07T02:47:19Z	0	plan-review	plan-review-materiality-phase-1-class-taxonomy-gating	1	R-COH-TASK-AC-MISSING	1	blocking	0	-
PRPs-agentic-eng	2026-08-07T02:47:19Z	0	plan-review	plan-review-materiality-phase-1-class-taxonomy-gating	1	R-COH-VALIDATE-ALWAYS-PASS	1	blocking	0	-
PRPs-agentic-eng	2026-08-07T02:47:19Z	0	plan-review	plan-review-materiality-phase-1-class-taxonomy-gating	1	R-COH-VALIDATE-FORBIDDEN-GREP-SCOPE	1	blocking	0	-
PRPs-agentic-eng	2026-08-07T02:47:19Z	0	plan-review	plan-review-materiality-phase-1-class-taxonomy-gating	1	R-COH-VALIDATE-FRAMEWORK-MISMATCH	1	blocking	0	-
PRPs-agentic-eng	2026-08-07T02:47:19Z	0	plan-review	plan-review-materiality-phase-1-class-taxonomy-gating	1	R-COH-VALIDATE-PATTERN-UNGROUNDED	1	blocking	0	-
PRPs-agentic-eng	2026-08-07T02:47:19Z	0	plan-review	plan-review-materiality-phase-1-class-taxonomy-gating	1	R-COH-VALIDATE-SEARCH-AMBIGUOUS	1	blocking	0	-
PRPs-agentic-eng	2026-08-07T02:47:19Z	0	plan-review	plan-review-materiality-phase-1-class-taxonomy-gating	1	R1	1	blocking	0	-
PRPs-agentic-eng	2026-08-07T02:47:19Z	0	plan-review	plan-review-materiality-phase-1-class-taxonomy-gating	1	R2	1	blocking	0	-
PRPs-agentic-eng	2026-08-07T02:47:19Z	0	plan-review	plan-review-materiality-phase-1-class-taxonomy-gating	1	R3	1	blocking	0	-
PRPs-agentic-eng	2026-08-07T02:47:19Z	0	plan-review	plan-review-materiality-phase-1-class-taxonomy-gating	1	R4	1	blocking	0	-
PRPs-agentic-eng	2026-08-07T02:47:19Z	0	plan-review	plan-review-materiality-phase-1-class-taxonomy-gating	1	R5	1	blocking	0	-
PRPs-agentic-eng	2026-08-07T02:47:19Z	0	plan-review	plan-review-materiality-phase-1-class-taxonomy-gating	1	R6	1	blocking	0	-
PRPs-agentic-eng	2026-08-07T02:47:19Z	0	plan-review	plan-review-materiality-phase-1-class-taxonomy-gating	1	R7	1	blocking	0	-
PRPs-agentic-eng	2026-08-07T02:47:19Z	0	plan-review	plan-review-materiality-phase-1-class-taxonomy-gating	1	R8	1	blocking	0	-
PRPs-agentic-eng	2026-08-07T14:21:10Z	0	plan-review	plan-review-materiality-phase-2-retry-convergence-ratchet	1	R-COH-ACTION-VALIDATE-CONTRADICTION	1	blocking	0	-
PRPs-agentic-eng	2026-08-07T14:21:10Z	0	plan-review	plan-review-materiality-phase-2-retry-convergence-ratchet	1	R-COH-FILES-UNTOUCHED	1	blocking	0	-
PRPs-agentic-eng	2026-08-07T14:21:10Z	0	plan-review	plan-review-materiality-phase-2-retry-convergence-ratchet	1	R-COH-MANDATORY-READING-MISSING	1	blocking	0	-
PRPs-agentic-eng	2026-08-07T14:21:10Z	0	plan-review	plan-review-materiality-phase-2-retry-convergence-ratchet	1	R-COH-PATTERN-SOURCE-MISSING	1	blocking	0	-
PRPs-agentic-eng	2026-08-07T14:21:10Z	0	plan-review	plan-review-materiality-phase-2-retry-convergence-ratchet	1	R-COH-TASK-AC-MISSING	1	blocking	0	-
PRPs-agentic-eng	2026-08-07T14:21:10Z	0	plan-review	plan-review-materiality-phase-2-retry-convergence-ratchet	1	R-COH-VALIDATE-ALWAYS-PASS	1	blocking	0	-
PRPs-agentic-eng	2026-08-07T14:21:10Z	0	plan-review	plan-review-materiality-phase-2-retry-convergence-ratchet	1	R-COH-VALIDATE-FORBIDDEN-GREP-SCOPE	1	blocking	0	-
PRPs-agentic-eng	2026-08-07T14:21:10Z	0	plan-review	plan-review-materiality-phase-2-retry-convergence-ratchet	1	R-COH-VALIDATE-FRAMEWORK-MISMATCH	1	blocking	0	-
PRPs-agentic-eng	2026-08-07T14:21:10Z	0	plan-review	plan-review-materiality-phase-2-retry-convergence-ratchet	1	R-COH-VALIDATE-PATTERN-UNGROUNDED	1	blocking	0	-
PRPs-agentic-eng	2026-08-07T14:21:10Z	0	plan-review	plan-review-materiality-phase-2-retry-convergence-ratchet	1	R-COH-VALIDATE-SEARCH-AMBIGUOUS	1	blocking	0	-
PRPs-agentic-eng	2026-08-07T14:21:10Z	0	plan-review	plan-review-materiality-phase-2-retry-convergence-ratchet	1	R1	1	blocking	0	-
PRPs-agentic-eng	2026-08-07T14:21:10Z	0	plan-review	plan-review-materiality-phase-2-retry-convergence-ratchet	1	R2	1	blocking	0	-
PRPs-agentic-eng	2026-08-07T14:21:10Z	0	plan-review	plan-review-materiality-phase-2-retry-convergence-ratchet	1	R3	1	blocking	0	-
PRPs-agentic-eng	2026-08-07T14:21:10Z	0	plan-review	plan-review-materiality-phase-2-retry-convergence-ratchet	1	R4	1	blocking	0	-
PRPs-agentic-eng	2026-08-07T14:21:10Z	0	plan-review	plan-review-materiality-phase-2-retry-convergence-ratchet	1	R5	1	blocking	0	-
PRPs-agentic-eng	2026-08-07T14:21:10Z	0	plan-review	plan-review-materiality-phase-2-retry-convergence-ratchet	1	R6	1	blocking	0	-
PRPs-agentic-eng	2026-08-07T14:21:10Z	0	plan-review	plan-review-materiality-phase-2-retry-convergence-ratchet	1	R7	1	blocking	0	-
PRPs-agentic-eng	2026-08-07T14:21:10Z	0	plan-review	plan-review-materiality-phase-2-retry-convergence-ratchet	1	R8	1	blocking	0	-
PRPs-agentic-eng	2026-08-07T16:40:45Z	0	plan-review	plan-review-materiality-phase-3-advisory-pass-through	1	R-COH-ACTION-VALIDATE-CONTRADICTION	1	blocking	0	-
PRPs-agentic-eng	2026-08-07T16:40:45Z	0	plan-review	plan-review-materiality-phase-3-advisory-pass-through	1	R-COH-FILES-UNTOUCHED	1	blocking	0	-
PRPs-agentic-eng	2026-08-07T16:40:45Z	0	plan-review	plan-review-materiality-phase-3-advisory-pass-through	1	R-COH-MANDATORY-READING-MISSING	1	blocking	0	-
PRPs-agentic-eng	2026-08-07T16:40:45Z	0	plan-review	plan-review-materiality-phase-3-advisory-pass-through	1	R-COH-PATTERN-SOURCE-MISSING	1	blocking	0	-
PRPs-agentic-eng	2026-08-07T16:40:45Z	0	plan-review	plan-review-materiality-phase-3-advisory-pass-through	1	R-COH-TASK-AC-MISSING	1	blocking	0	-
PRPs-agentic-eng	2026-08-07T16:40:45Z	0	plan-review	plan-review-materiality-phase-3-advisory-pass-through	1	R-COH-VALIDATE-ALWAYS-PASS	1	blocking	0	-
PRPs-agentic-eng	2026-08-07T16:40:45Z	0	plan-review	plan-review-materiality-phase-3-advisory-pass-through	1	R-COH-VALIDATE-FORBIDDEN-GREP-SCOPE	1	blocking	0	-
PRPs-agentic-eng	2026-08-07T16:40:45Z	0	plan-review	plan-review-materiality-phase-3-advisory-pass-through	1	R-COH-VALIDATE-FRAMEWORK-MISMATCH	1	blocking	0	-
PRPs-agentic-eng	2026-08-07T16:40:45Z	0	plan-review	plan-review-materiality-phase-3-advisory-pass-through	1	R-COH-VALIDATE-PATTERN-UNGROUNDED	1	blocking	0	-
PRPs-agentic-eng	2026-08-07T16:40:45Z	0	plan-review	plan-review-materiality-phase-3-advisory-pass-through	1	R-COH-VALIDATE-SEARCH-AMBIGUOUS	1	blocking	0	-
PRPs-agentic-eng	2026-08-07T16:40:45Z	0	plan-review	plan-review-materiality-phase-3-advisory-pass-through	1	R1	1	blocking	0	-
PRPs-agentic-eng	2026-08-07T16:40:45Z	0	plan-review	plan-review-materiality-phase-3-advisory-pass-through	1	R2	1	blocking	0	-
PRPs-agentic-eng	2026-08-07T16:40:45Z	0	plan-review	plan-review-materiality-phase-3-advisory-pass-through	1	R3	1	blocking	0	-
PRPs-agentic-eng	2026-08-07T16:40:45Z	0	plan-review	plan-review-materiality-phase-3-advisory-pass-through	1	R4	1	blocking	0	-
PRPs-agentic-eng	2026-08-07T16:40:45Z	0	plan-review	plan-review-materiality-phase-3-advisory-pass-through	1	R5	1	blocking	0	-
PRPs-agentic-eng	2026-08-07T16:40:45Z	0	plan-review	plan-review-materiality-phase-3-advisory-pass-through	1	R6	1	blocking	0	-
PRPs-agentic-eng	2026-08-07T16:40:45Z	0	plan-review	plan-review-materiality-phase-3-advisory-pass-through	1	R7	1	blocking	0	-
PRPs-agentic-eng	2026-08-07T16:40:45Z	0	plan-review	plan-review-materiality-phase-3-advisory-pass-through	1	R8	1	blocking	0	-
PRPs-agentic-eng	2026-08-07T19:06:51Z	0	plan-review	plan-review-materiality-phase-4-measurement-surfaces	1	R-COH-ACTION-VALIDATE-CONTRADICTION	1	blocking	0	-
PRPs-agentic-eng	2026-08-07T19:06:51Z	0	plan-review	plan-review-materiality-phase-4-measurement-surfaces	1	R-COH-FILES-UNTOUCHED	1	blocking	0	-
PRPs-agentic-eng	2026-08-07T19:06:51Z	0	plan-review	plan-review-materiality-phase-4-measurement-surfaces	1	R-COH-MANDATORY-READING-MISSING	1	blocking	0	-
PRPs-agentic-eng	2026-08-07T19:06:51Z	0	plan-review	plan-review-materiality-phase-4-measurement-surfaces	1	R-COH-PATTERN-SOURCE-MISSING	1	blocking	0	-
PRPs-agentic-eng	2026-08-07T19:06:51Z	0	plan-review	plan-review-materiality-phase-4-measurement-surfaces	1	R-COH-SUMMARY-TASKS-DRIFT	0	blocking	0	-
PRPs-agentic-eng	2026-08-07T19:06:51Z	0	plan-review	plan-review-materiality-phase-4-measurement-surfaces	1	R-COH-TASK-AC-MISSING	1	blocking	0	-
PRPs-agentic-eng	2026-08-07T19:06:51Z	0	plan-review	plan-review-materiality-phase-4-measurement-surfaces	1	R-COH-VALIDATE-ALWAYS-PASS	1	blocking	0	-
PRPs-agentic-eng	2026-08-07T19:06:51Z	0	plan-review	plan-review-materiality-phase-4-measurement-surfaces	1	R-COH-VALIDATE-FORBIDDEN-GREP-SCOPE	1	blocking	0	-
PRPs-agentic-eng	2026-08-07T19:06:51Z	0	plan-review	plan-review-materiality-phase-4-measurement-surfaces	1	R-COH-VALIDATE-FRAMEWORK-MISMATCH	1	blocking	0	-
PRPs-agentic-eng	2026-08-07T19:06:51Z	0	plan-review	plan-review-materiality-phase-4-measurement-surfaces	1	R-COH-VALIDATE-PATTERN-UNGROUNDED	1	blocking	0	-
PRPs-agentic-eng	2026-08-07T19:06:51Z	0	plan-review	plan-review-materiality-phase-4-measurement-surfaces	1	R-COH-VALIDATE-SEARCH-AMBIGUOUS	1	blocking	0	-
PRPs-agentic-eng	2026-08-07T19:06:51Z	0	plan-review	plan-review-materiality-phase-4-measurement-surfaces	1	R1	1	blocking	0	-
PRPs-agentic-eng	2026-08-07T19:06:51Z	0	plan-review	plan-review-materiality-phase-4-measurement-surfaces	1	R2	1	blocking	0	-
PRPs-agentic-eng	2026-08-07T19:06:51Z	0	plan-review	plan-review-materiality-phase-4-measurement-surfaces	1	R3	1	blocking	0	-
PRPs-agentic-eng	2026-08-07T19:06:51Z	0	plan-review	plan-review-materiality-phase-4-measurement-surfaces	1	R4	1	blocking	0	-
PRPs-agentic-eng	2026-08-07T19:06:51Z	0	plan-review	plan-review-materiality-phase-4-measurement-surfaces	1	R5	1	blocking	0	-
PRPs-agentic-eng	2026-08-07T19:06:51Z	0	plan-review	plan-review-materiality-phase-4-measurement-surfaces	1	R6	1	blocking	0	-
PRPs-agentic-eng	2026-08-07T19:06:51Z	0	plan-review	plan-review-materiality-phase-4-measurement-surfaces	1	R7	1	blocking	0	-
PRPs-agentic-eng	2026-08-07T19:06:51Z	0	plan-review	plan-review-materiality-phase-4-measurement-surfaces	1	R8	1	blocking	0	-
PRPs-agentic-eng	2026-08-07T19:23:53Z	0	plan-review	plan-review-materiality-phase-4-measurement-surfaces	2	R-COH-AC-TASK-DECOUPLED	0	blocking	0	-
PRPs-agentic-eng	2026-08-07T19:23:53Z	0	plan-review	plan-review-materiality-phase-4-measurement-surfaces	2	R-COH-ACTION-VALIDATE-CONTRADICTION	1	blocking	0	-
PRPs-agentic-eng	2026-08-07T19:23:53Z	0	plan-review	plan-review-materiality-phase-4-measurement-surfaces	2	R-COH-FILES-UNTOUCHED	1	blocking	0	-
PRPs-agentic-eng	2026-08-07T19:23:53Z	0	plan-review	plan-review-materiality-phase-4-measurement-surfaces	2	R-COH-MANDATORY-READING-MISSING	1	blocking	0	-
PRPs-agentic-eng	2026-08-07T19:23:53Z	0	plan-review	plan-review-materiality-phase-4-measurement-surfaces	2	R-COH-PATTERN-SOURCE-MISSING	1	blocking	0	-
PRPs-agentic-eng	2026-08-07T19:23:53Z	0	plan-review	plan-review-materiality-phase-4-measurement-surfaces	2	R-COH-TASK-AC-MISSING	1	blocking	0	-
PRPs-agentic-eng	2026-08-07T19:23:53Z	0	plan-review	plan-review-materiality-phase-4-measurement-surfaces	2	R-COH-VALIDATE-ALWAYS-PASS	1	blocking	0	-
PRPs-agentic-eng	2026-08-07T19:23:53Z	0	plan-review	plan-review-materiality-phase-4-measurement-surfaces	2	R-COH-VALIDATE-FORBIDDEN-GREP-SCOPE	1	blocking	0	-
PRPs-agentic-eng	2026-08-07T19:23:53Z	0	plan-review	plan-review-materiality-phase-4-measurement-surfaces	2	R-COH-VALIDATE-FRAMEWORK-MISMATCH	1	blocking	0	-
PRPs-agentic-eng	2026-08-07T19:23:53Z	0	plan-review	plan-review-materiality-phase-4-measurement-surfaces	2	R-COH-VALIDATE-PATTERN-UNGROUNDED	1	blocking	0	-
PRPs-agentic-eng	2026-08-07T19:23:53Z	0	plan-review	plan-review-materiality-phase-4-measurement-surfaces	2	R-COH-VALIDATE-SEARCH-AMBIGUOUS	1	blocking	0	-
PRPs-agentic-eng	2026-08-07T19:23:53Z	0	plan-review	plan-review-materiality-phase-4-measurement-surfaces	2	R1	1	blocking	0	-
PRPs-agentic-eng	2026-08-07T19:23:53Z	0	plan-review	plan-review-materiality-phase-4-measurement-surfaces	2	R2	1	blocking	0	-
PRPs-agentic-eng	2026-08-07T19:23:53Z	0	plan-review	plan-review-materiality-phase-4-measurement-surfaces	2	R3	1	blocking	0	-
PRPs-agentic-eng	2026-08-07T19:23:53Z	0	plan-review	plan-review-materiality-phase-4-measurement-surfaces	2	R4	1	blocking	0	-
PRPs-agentic-eng	2026-08-07T19:23:53Z	0	plan-review	plan-review-materiality-phase-4-measurement-surfaces	2	R5	1	blocking	0	-
PRPs-agentic-eng	2026-08-07T19:23:53Z	0	plan-review	plan-review-materiality-phase-4-measurement-surfaces	2	R6	1	blocking	0	-
PRPs-agentic-eng	2026-08-07T19:23:53Z	0	plan-review	plan-review-materiality-phase-4-measurement-surfaces	2	R7	1	blocking	0	-
PRPs-agentic-eng	2026-08-07T19:23:53Z	0	plan-review	plan-review-materiality-phase-4-measurement-surfaces	2	R8	1	blocking	0	-
PRPs-agentic-eng	2026-08-07T19:39:56Z	0	plan-review	plan-review-materiality-phase-4-measurement-surfaces	3	R-COH-ACTION-VALIDATE-CONTRADICTION	1	blocking	0	-
PRPs-agentic-eng	2026-08-07T19:39:56Z	0	plan-review	plan-review-materiality-phase-4-measurement-surfaces	3	R-COH-FILES-UNTOUCHED	1	blocking	0	-
PRPs-agentic-eng	2026-08-07T19:39:56Z	0	plan-review	plan-review-materiality-phase-4-measurement-surfaces	3	R-COH-MANDATORY-READING-MISSING	1	blocking	0	-
PRPs-agentic-eng	2026-08-07T19:39:56Z	0	plan-review	plan-review-materiality-phase-4-measurement-surfaces	3	R-COH-PATTERN-SOURCE-MISSING	1	blocking	0	-
PRPs-agentic-eng	2026-08-07T19:39:56Z	0	plan-review	plan-review-materiality-phase-4-measurement-surfaces	3	R-COH-PATTERN-TASK-DRIFT	0	blocking	0	-
PRPs-agentic-eng	2026-08-07T19:39:56Z	0	plan-review	plan-review-materiality-phase-4-measurement-surfaces	3	R-COH-TASK-AC-MISSING	1	blocking	0	-
PRPs-agentic-eng	2026-08-07T19:39:56Z	0	plan-review	plan-review-materiality-phase-4-measurement-surfaces	3	R-COH-VALIDATE-ALWAYS-PASS	1	blocking	0	-
PRPs-agentic-eng	2026-08-07T19:39:56Z	0	plan-review	plan-review-materiality-phase-4-measurement-surfaces	3	R-COH-VALIDATE-FORBIDDEN-GREP-SCOPE	1	blocking	0	-
PRPs-agentic-eng	2026-08-07T19:39:56Z	0	plan-review	plan-review-materiality-phase-4-measurement-surfaces	3	R-COH-VALIDATE-FRAMEWORK-MISMATCH	1	blocking	0	-
PRPs-agentic-eng	2026-08-07T19:39:56Z	0	plan-review	plan-review-materiality-phase-4-measurement-surfaces	3	R-COH-VALIDATE-PATTERN-UNGROUNDED	1	blocking	0	-
PRPs-agentic-eng	2026-08-07T19:39:56Z	0	plan-review	plan-review-materiality-phase-4-measurement-surfaces	3	R-COH-VALIDATE-SEARCH-AMBIGUOUS	1	blocking	0	-
PRPs-agentic-eng	2026-08-07T19:39:56Z	0	plan-review	plan-review-materiality-phase-4-measurement-surfaces	3	R1	1	blocking	0	-
PRPs-agentic-eng	2026-08-07T19:39:56Z	0	plan-review	plan-review-materiality-phase-4-measurement-surfaces	3	R2	1	blocking	0	-
PRPs-agentic-eng	2026-08-07T19:39:56Z	0	plan-review	plan-review-materiality-phase-4-measurement-surfaces	3	R3	1	blocking	0	-
PRPs-agentic-eng	2026-08-07T19:39:56Z	0	plan-review	plan-review-materiality-phase-4-measurement-surfaces	3	R4	1	blocking	0	-
PRPs-agentic-eng	2026-08-07T19:39:56Z	0	plan-review	plan-review-materiality-phase-4-measurement-surfaces	3	R5	1	blocking	0	-
PRPs-agentic-eng	2026-08-07T19:39:56Z	0	plan-review	plan-review-materiality-phase-4-measurement-surfaces	3	R6	1	blocking	0	-
PRPs-agentic-eng	2026-08-07T19:39:56Z	0	plan-review	plan-review-materiality-phase-4-measurement-surfaces	3	R7	1	blocking	0	-
PRPs-agentic-eng	2026-08-07T19:39:56Z	0	plan-review	plan-review-materiality-phase-4-measurement-surfaces	3	R8	1	blocking	0	-
PRPs-agentic-eng	2026-08-07T20:00:26Z	0	plan-review	plan-review-materiality-phase-4-measurement-surfaces	4	R-COH-ACTION-VALIDATE-CONTRADICTION	1	blocking	0	-
PRPs-agentic-eng	2026-08-07T20:00:26Z	0	plan-review	plan-review-materiality-phase-4-measurement-surfaces	4	R-COH-FILES-UNTOUCHED	1	blocking	0	-
PRPs-agentic-eng	2026-08-07T20:00:26Z	0	plan-review	plan-review-materiality-phase-4-measurement-surfaces	4	R-COH-MANDATORY-READING-MISSING	1	blocking	0	-
PRPs-agentic-eng	2026-08-07T20:00:26Z	0	plan-review	plan-review-materiality-phase-4-measurement-surfaces	4	R-COH-PATTERN-SOURCE-MISSING	1	blocking	0	-
PRPs-agentic-eng	2026-08-07T20:00:26Z	0	plan-review	plan-review-materiality-phase-4-measurement-surfaces	4	R-COH-TASK-AC-MISSING	1	blocking	0	-
PRPs-agentic-eng	2026-08-07T20:00:26Z	0	plan-review	plan-review-materiality-phase-4-measurement-surfaces	4	R-COH-VALIDATE-ALWAYS-PASS	1	blocking	0	-
PRPs-agentic-eng	2026-08-07T20:00:26Z	0	plan-review	plan-review-materiality-phase-4-measurement-surfaces	4	R-COH-VALIDATE-FORBIDDEN-GREP-SCOPE	1	blocking	0	-
PRPs-agentic-eng	2026-08-07T20:00:26Z	0	plan-review	plan-review-materiality-phase-4-measurement-surfaces	4	R-COH-VALIDATE-FRAMEWORK-MISMATCH	1	blocking	0	-
PRPs-agentic-eng	2026-08-07T20:00:26Z	0	plan-review	plan-review-materiality-phase-4-measurement-surfaces	4	R-COH-VALIDATE-PATTERN-UNGROUNDED	1	blocking	0	-
PRPs-agentic-eng	2026-08-07T20:00:26Z	0	plan-review	plan-review-materiality-phase-4-measurement-surfaces	4	R-COH-VALIDATE-SEARCH-AMBIGUOUS	1	blocking	0	-
PRPs-agentic-eng	2026-08-07T20:00:26Z	0	plan-review	plan-review-materiality-phase-4-measurement-surfaces	4	R1	1	blocking	0	-
PRPs-agentic-eng	2026-08-07T20:00:26Z	0	plan-review	plan-review-materiality-phase-4-measurement-surfaces	4	R2	1	blocking	0	-
PRPs-agentic-eng	2026-08-07T20:00:26Z	0	plan-review	plan-review-materiality-phase-4-measurement-surfaces	4	R3	1	blocking	0	-
PRPs-agentic-eng	2026-08-07T20:00:26Z	0	plan-review	plan-review-materiality-phase-4-measurement-surfaces	4	R4	1	blocking	0	-
PRPs-agentic-eng	2026-08-07T20:00:26Z	0	plan-review	plan-review-materiality-phase-4-measurement-surfaces	4	R5	1	blocking	0	-
PRPs-agentic-eng	2026-08-07T20:00:26Z	0	plan-review	plan-review-materiality-phase-4-measurement-surfaces	4	R6	1	blocking	0	-
PRPs-agentic-eng	2026-08-07T20:00:26Z	0	plan-review	plan-review-materiality-phase-4-measurement-surfaces	4	R7	1	blocking	0	-
PRPs-agentic-eng	2026-08-07T20:00:26Z	0	plan-review	plan-review-materiality-phase-4-measurement-surfaces	4	R8	1	blocking	0	-
PRPs-agentic-eng	2026-08-06T14:17:11Z	0	plan-review	repair-the-stale-document-order-anchor-in-scriptsvalidatec	1	R-COH-AC-TASK-DECOUPLED	0	blocking	0	-
PRPs-agentic-eng	2026-08-06T14:17:11Z	0	plan-review	repair-the-stale-document-order-anchor-in-scriptsvalidatec	1	R-COH-ACTION-VALIDATE-CONTRADICTION	1	blocking	0	-
PRPs-agentic-eng	2026-08-06T14:17:11Z	0	plan-review	repair-the-stale-document-order-anchor-in-scriptsvalidatec	1	R-COH-FILES-UNTOUCHED	1	blocking	0	-
PRPs-agentic-eng	2026-08-06T14:17:11Z	0	plan-review	repair-the-stale-document-order-anchor-in-scriptsvalidatec	1	R-COH-MANDATORY-READING-MISSING	1	blocking	0	-
PRPs-agentic-eng	2026-08-06T14:17:11Z	0	plan-review	repair-the-stale-document-order-anchor-in-scriptsvalidatec	1	R-COH-PATTERN-SOURCE-MISSING	0	blocking	0	-
PRPs-agentic-eng	2026-08-06T14:17:11Z	0	plan-review	repair-the-stale-document-order-anchor-in-scriptsvalidatec	1	R-COH-TASK-AC-MISSING	1	blocking	0	-
PRPs-agentic-eng	2026-08-06T14:17:11Z	0	plan-review	repair-the-stale-document-order-anchor-in-scriptsvalidatec	1	R-COH-VALIDATE-ALWAYS-PASS	1	blocking	0	-
PRPs-agentic-eng	2026-08-06T14:17:11Z	0	plan-review	repair-the-stale-document-order-anchor-in-scriptsvalidatec	1	R-COH-VALIDATE-FORBIDDEN-GREP-SCOPE	1	blocking	0	-
PRPs-agentic-eng	2026-08-06T14:17:11Z	0	plan-review	repair-the-stale-document-order-anchor-in-scriptsvalidatec	1	R-COH-VALIDATE-FRAMEWORK-MISMATCH	1	blocking	0	-
PRPs-agentic-eng	2026-08-06T14:17:11Z	0	plan-review	repair-the-stale-document-order-anchor-in-scriptsvalidatec	1	R-COH-VALIDATE-PATTERN-UNGROUNDED	1	blocking	0	-
PRPs-agentic-eng	2026-08-06T14:17:11Z	0	plan-review	repair-the-stale-document-order-anchor-in-scriptsvalidatec	1	R-COH-VALIDATE-SEARCH-AMBIGUOUS	1	blocking	0	-
PRPs-agentic-eng	2026-08-06T14:17:11Z	0	plan-review	repair-the-stale-document-order-anchor-in-scriptsvalidatec	1	R1	1	blocking	0	-
PRPs-agentic-eng	2026-08-06T14:17:11Z	0	plan-review	repair-the-stale-document-order-anchor-in-scriptsvalidatec	1	R2	1	blocking	0	-
PRPs-agentic-eng	2026-08-06T14:17:11Z	0	plan-review	repair-the-stale-document-order-anchor-in-scriptsvalidatec	1	R3	1	blocking	0	-
PRPs-agentic-eng	2026-08-06T14:17:11Z	0	plan-review	repair-the-stale-document-order-anchor-in-scriptsvalidatec	1	R4	1	blocking	0	-
PRPs-agentic-eng	2026-08-06T14:17:11Z	0	plan-review	repair-the-stale-document-order-anchor-in-scriptsvalidatec	1	R5	1	blocking	0	-
PRPs-agentic-eng	2026-08-06T14:17:11Z	0	plan-review	repair-the-stale-document-order-anchor-in-scriptsvalidatec	1	R6	1	blocking	0	-
PRPs-agentic-eng	2026-08-06T14:17:11Z	0	plan-review	repair-the-stale-document-order-anchor-in-scriptsvalidatec	1	R7	1	blocking	0	-
PRPs-agentic-eng	2026-08-06T14:17:11Z	0	plan-review	repair-the-stale-document-order-anchor-in-scriptsvalidatec	1	R8-desc-min-ac	1	blocking	0	-
PRPs-agentic-eng	2026-08-06T14:17:11Z	0	plan-review	repair-the-stale-document-order-anchor-in-scriptsvalidatec	1	R8a	1	blocking	0	-
PRPs-agentic-eng	2026-08-06T14:17:11Z	0	plan-review	repair-the-stale-document-order-anchor-in-scriptsvalidatec	1	R8b	1	blocking	0	-
PRPs-agentic-eng	2026-08-06T14:17:11Z	0	plan-review	repair-the-stale-document-order-anchor-in-scriptsvalidatec	1	R8c	1	blocking	0	-
PRPs-agentic-eng	2026-08-06T14:35:11Z	0	plan-review	repair-the-stale-document-order-anchor-in-scriptsvalidatec	2	R-COH-ACTION-VALIDATE-CONTRADICTION	1	blocking	0	-
PRPs-agentic-eng	2026-08-06T14:35:11Z	0	plan-review	repair-the-stale-document-order-anchor-in-scriptsvalidatec	2	R-COH-FILES-UNTOUCHED	1	blocking	0	-
PRPs-agentic-eng	2026-08-06T14:35:11Z	0	plan-review	repair-the-stale-document-order-anchor-in-scriptsvalidatec	2	R-COH-MANDATORY-READING-MISSING	1	blocking	0	-
PRPs-agentic-eng	2026-08-06T14:35:11Z	0	plan-review	repair-the-stale-document-order-anchor-in-scriptsvalidatec	2	R-COH-PATTERN-SOURCE-MISSING	1	blocking	0	-
PRPs-agentic-eng	2026-08-06T14:35:11Z	0	plan-review	repair-the-stale-document-order-anchor-in-scriptsvalidatec	2	R-COH-PATTERN-TASK-DRIFT	0	blocking	0	-
PRPs-agentic-eng	2026-08-06T14:35:11Z	0	plan-review	repair-the-stale-document-order-anchor-in-scriptsvalidatec	2	R-COH-TASK-AC-MISSING	1	blocking	0	-
PRPs-agentic-eng	2026-08-06T14:35:11Z	0	plan-review	repair-the-stale-document-order-anchor-in-scriptsvalidatec	2	R-COH-VALIDATE-ALWAYS-PASS	1	blocking	0	-
PRPs-agentic-eng	2026-08-06T14:35:11Z	0	plan-review	repair-the-stale-document-order-anchor-in-scriptsvalidatec	2	R-COH-VALIDATE-FORBIDDEN-GREP-SCOPE	1	blocking	0	-
PRPs-agentic-eng	2026-08-06T14:35:11Z	0	plan-review	repair-the-stale-document-order-anchor-in-scriptsvalidatec	2	R-COH-VALIDATE-FRAMEWORK-MISMATCH	1	blocking	0	-
PRPs-agentic-eng	2026-08-06T14:35:11Z	0	plan-review	repair-the-stale-document-order-anchor-in-scriptsvalidatec	2	R-COH-VALIDATE-PATTERN-UNGROUNDED	1	blocking	0	-
PRPs-agentic-eng	2026-08-06T14:35:11Z	0	plan-review	repair-the-stale-document-order-anchor-in-scriptsvalidatec	2	R-COH-VALIDATE-SEARCH-AMBIGUOUS	1	blocking	0	-
PRPs-agentic-eng	2026-08-06T14:35:11Z	0	plan-review	repair-the-stale-document-order-anchor-in-scriptsvalidatec	2	R1	1	blocking	0	-
PRPs-agentic-eng	2026-08-06T14:35:11Z	0	plan-review	repair-the-stale-document-order-anchor-in-scriptsvalidatec	2	R2	1	blocking	0	-
PRPs-agentic-eng	2026-08-06T14:35:11Z	0	plan-review	repair-the-stale-document-order-anchor-in-scriptsvalidatec	2	R3	1	blocking	0	-
PRPs-agentic-eng	2026-08-06T14:35:11Z	0	plan-review	repair-the-stale-document-order-anchor-in-scriptsvalidatec	2	R4	1	blocking	0	-
PRPs-agentic-eng	2026-08-06T14:35:11Z	0	plan-review	repair-the-stale-document-order-anchor-in-scriptsvalidatec	2	R5	1	blocking	0	-
PRPs-agentic-eng	2026-08-06T14:35:11Z	0	plan-review	repair-the-stale-document-order-anchor-in-scriptsvalidatec	2	R6	1	blocking	0	-
PRPs-agentic-eng	2026-08-06T14:35:11Z	0	plan-review	repair-the-stale-document-order-anchor-in-scriptsvalidatec	2	R7	1	blocking	0	-
PRPs-agentic-eng	2026-08-06T14:35:11Z	0	plan-review	repair-the-stale-document-order-anchor-in-scriptsvalidatec	2	R8-desc-min-ac	1	blocking	0	-
PRPs-agentic-eng	2026-08-06T14:35:11Z	0	plan-review	repair-the-stale-document-order-anchor-in-scriptsvalidatec	2	R8a	1	blocking	0	-
PRPs-agentic-eng	2026-08-06T14:35:11Z	0	plan-review	repair-the-stale-document-order-anchor-in-scriptsvalidatec	2	R8b	1	blocking	0	-
PRPs-agentic-eng	2026-08-06T14:35:11Z	0	plan-review	repair-the-stale-document-order-anchor-in-scriptsvalidatec	2	R8c	1	blocking	0	-
PRPs-agentic-eng	2026-08-06T14:46:07Z	0	plan-review	repair-the-stale-document-order-anchor-in-scriptsvalidatec	3	R-COH-ACTION-VALIDATE-CONTRADICTION	1	blocking	0	-
PRPs-agentic-eng	2026-08-06T14:46:07Z	0	plan-review	repair-the-stale-document-order-anchor-in-scriptsvalidatec	3	R-COH-FILES-UNTOUCHED	1	blocking	0	-
PRPs-agentic-eng	2026-08-06T14:46:07Z	0	plan-review	repair-the-stale-document-order-anchor-in-scriptsvalidatec	3	R-COH-MANDATORY-READING-MISSING	1	blocking	0	-
PRPs-agentic-eng	2026-08-06T14:46:07Z	0	plan-review	repair-the-stale-document-order-anchor-in-scriptsvalidatec	3	R-COH-PATTERN-SOURCE-MISSING	1	blocking	0	-
PRPs-agentic-eng	2026-08-06T14:46:07Z	0	plan-review	repair-the-stale-document-order-anchor-in-scriptsvalidatec	3	R-COH-TASK-AC-MISSING	1	blocking	0	-
PRPs-agentic-eng	2026-08-06T14:46:07Z	0	plan-review	repair-the-stale-document-order-anchor-in-scriptsvalidatec	3	R-COH-VALIDATE-ALWAYS-PASS	1	blocking	0	-
PRPs-agentic-eng	2026-08-06T14:46:07Z	0	plan-review	repair-the-stale-document-order-anchor-in-scriptsvalidatec	3	R-COH-VALIDATE-FORBIDDEN-GREP-SCOPE	1	blocking	0	-
PRPs-agentic-eng	2026-08-06T14:46:07Z	0	plan-review	repair-the-stale-document-order-anchor-in-scriptsvalidatec	3	R-COH-VALIDATE-FRAMEWORK-MISMATCH	1	blocking	0	-
PRPs-agentic-eng	2026-08-06T14:46:07Z	0	plan-review	repair-the-stale-document-order-anchor-in-scriptsvalidatec	3	R-COH-VALIDATE-PATTERN-UNGROUNDED	1	blocking	0	-
PRPs-agentic-eng	2026-08-06T14:46:07Z	0	plan-review	repair-the-stale-document-order-anchor-in-scriptsvalidatec	3	R-COH-VALIDATE-SEARCH-AMBIGUOUS	1	blocking	0	-
PRPs-agentic-eng	2026-08-06T14:46:07Z	0	plan-review	repair-the-stale-document-order-anchor-in-scriptsvalidatec	3	R1	1	blocking	0	-
PRPs-agentic-eng	2026-08-06T14:46:07Z	0	plan-review	repair-the-stale-document-order-anchor-in-scriptsvalidatec	3	R2	1	blocking	0	-
PRPs-agentic-eng	2026-08-06T14:46:07Z	0	plan-review	repair-the-stale-document-order-anchor-in-scriptsvalidatec	3	R3	1	blocking	0	-
PRPs-agentic-eng	2026-08-06T14:46:07Z	0	plan-review	repair-the-stale-document-order-anchor-in-scriptsvalidatec	3	R4	1	blocking	0	-
PRPs-agentic-eng	2026-08-06T14:46:07Z	0	plan-review	repair-the-stale-document-order-anchor-in-scriptsvalidatec	3	R5	1	blocking	0	-
PRPs-agentic-eng	2026-08-06T14:46:07Z	0	plan-review	repair-the-stale-document-order-anchor-in-scriptsvalidatec	3	R6	1	blocking	0	-
PRPs-agentic-eng	2026-08-06T14:46:07Z	0	plan-review	repair-the-stale-document-order-anchor-in-scriptsvalidatec	3	R7	1	blocking	0	-
PRPs-agentic-eng	2026-08-06T14:46:07Z	0	plan-review	repair-the-stale-document-order-anchor-in-scriptsvalidatec	3	R8-desc-min-ac	1	blocking	0	-
PRPs-agentic-eng	2026-08-06T14:46:07Z	0	plan-review	repair-the-stale-document-order-anchor-in-scriptsvalidatec	3	R8a	1	blocking	0	-
PRPs-agentic-eng	2026-08-06T14:46:07Z	0	plan-review	repair-the-stale-document-order-anchor-in-scriptsvalidatec	3	R8b	1	blocking	0	-
PRPs-agentic-eng	2026-08-06T14:46:07Z	0	plan-review	repair-the-stale-document-order-anchor-in-scriptsvalidatec	3	R8c	1	blocking	0	-
PRPs-agentic-eng	2026-08-05T14:18:00Z	0	plan-review	tighten-two-items-of-the-plan-writer-pre-emission-self-check	1	R-COH-ACTION-VALIDATE-CONTRADICTION	1	blocking	0	-
PRPs-agentic-eng	2026-08-05T14:18:00Z	0	plan-review	tighten-two-items-of-the-plan-writer-pre-emission-self-check	1	R-COH-FILES-UNTOUCHED	1	blocking	0	-
PRPs-agentic-eng	2026-08-05T14:18:00Z	0	plan-review	tighten-two-items-of-the-plan-writer-pre-emission-self-check	1	R-COH-MANDATORY-READING-MISSING	1	blocking	0	-
PRPs-agentic-eng	2026-08-05T14:18:00Z	0	plan-review	tighten-two-items-of-the-plan-writer-pre-emission-self-check	1	R-COH-PATTERN-SOURCE-MISSING	1	blocking	0	-
PRPs-agentic-eng	2026-08-05T14:18:00Z	0	plan-review	tighten-two-items-of-the-plan-writer-pre-emission-self-check	1	R-COH-TASK-AC-MISSING	1	blocking	0	-
PRPs-agentic-eng	2026-08-05T14:18:00Z	0	plan-review	tighten-two-items-of-the-plan-writer-pre-emission-self-check	1	R-COH-VALIDATE-ALWAYS-PASS	1	blocking	0	-
PRPs-agentic-eng	2026-08-05T14:18:00Z	0	plan-review	tighten-two-items-of-the-plan-writer-pre-emission-self-check	1	R-COH-VALIDATE-FORBIDDEN-GREP-SCOPE	1	blocking	0	-
PRPs-agentic-eng	2026-08-05T14:18:00Z	0	plan-review	tighten-two-items-of-the-plan-writer-pre-emission-self-check	1	R-COH-VALIDATE-FRAMEWORK-MISMATCH	1	blocking	0	-
PRPs-agentic-eng	2026-08-05T14:18:00Z	0	plan-review	tighten-two-items-of-the-plan-writer-pre-emission-self-check	1	R-COH-VALIDATE-PATTERN-UNGROUNDED	1	blocking	0	-
PRPs-agentic-eng	2026-08-05T14:18:00Z	0	plan-review	tighten-two-items-of-the-plan-writer-pre-emission-self-check	1	R-COH-VALIDATE-SEARCH-AMBIGUOUS	1	blocking	0	-
PRPs-agentic-eng	2026-08-05T14:18:00Z	0	plan-review	tighten-two-items-of-the-plan-writer-pre-emission-self-check	1	R1	1	blocking	0	-
PRPs-agentic-eng	2026-08-05T14:18:00Z	0	plan-review	tighten-two-items-of-the-plan-writer-pre-emission-self-check	1	R2	1	blocking	0	-
PRPs-agentic-eng	2026-08-05T14:18:00Z	0	plan-review	tighten-two-items-of-the-plan-writer-pre-emission-self-check	1	R3	1	blocking	0	-
PRPs-agentic-eng	2026-08-05T14:18:00Z	0	plan-review	tighten-two-items-of-the-plan-writer-pre-emission-self-check	1	R4	1	blocking	0	-
PRPs-agentic-eng	2026-08-05T14:18:00Z	0	plan-review	tighten-two-items-of-the-plan-writer-pre-emission-self-check	1	R5	1	blocking	0	-
PRPs-agentic-eng	2026-08-05T14:18:00Z	0	plan-review	tighten-two-items-of-the-plan-writer-pre-emission-self-check	1	R6	1	blocking	0	-
PRPs-agentic-eng	2026-08-05T14:18:00Z	0	plan-review	tighten-two-items-of-the-plan-writer-pre-emission-self-check	1	R7	1	blocking	0	-
PRPs-agentic-eng	2026-08-05T14:18:00Z	0	plan-review	tighten-two-items-of-the-plan-writer-pre-emission-self-check	1	R8-desc-min-ac	1	blocking	0	-
PRPs-agentic-eng	2026-08-05T14:18:00Z	0	plan-review	tighten-two-items-of-the-plan-writer-pre-emission-self-check	1	R8a	1	blocking	0	-
PRPs-agentic-eng	2026-08-05T14:18:00Z	0	plan-review	tighten-two-items-of-the-plan-writer-pre-emission-self-check	1	R8b	1	blocking	0	-
PRPs-agentic-eng	2026-08-05T14:18:00Z	0	plan-review	tighten-two-items-of-the-plan-writer-pre-emission-self-check	1	R8c	1	blocking	0	-
PRPs-agentic-eng	2026-08-13T21:34:03Z	0	plan-review	usage-metrics-phase-1-codebook-field-contract	1	R-COH-AC-TASK-DECOUPLED	1	blocking	0	-
PRPs-agentic-eng	2026-08-13T21:34:03Z	0	plan-review	usage-metrics-phase-1-codebook-field-contract	1	R-COH-MANDATORY-READING-IRRELEVANT	1	advisory	0	-
PRPs-agentic-eng	2026-08-13T21:34:03Z	0	plan-review	usage-metrics-phase-1-codebook-field-contract	1	R-COH-MANDATORY-READING-MISSING	1	blocking	0	-
PRPs-agentic-eng	2026-08-13T21:34:03Z	0	plan-review	usage-metrics-phase-1-codebook-field-contract	1	R-COH-PATTERN-SOURCE-MISSING	1	blocking	0	-
PRPs-agentic-eng	2026-08-13T21:34:03Z	0	plan-review	usage-metrics-phase-1-codebook-field-contract	1	R-COH-PATTERN-TASK-DRIFT	1	blocking	0	-
PRPs-agentic-eng	2026-08-13T21:34:03Z	0	plan-review	usage-metrics-phase-1-codebook-field-contract	1	R-COH-SUMMARY-TASKS-DRIFT	1	blocking	0	-
PRPs-agentic-eng	2026-08-13T21:34:03Z	0	plan-review	usage-metrics-phase-1-codebook-field-contract	1	R-COH-TASK-CONTRADICTION	1	blocking	0	-
PRPs-agentic-eng	2026-08-13T21:34:03Z	0	plan-review	usage-metrics-phase-1-codebook-field-contract	1	R-COH-VALIDATE-ALWAYS-PASS	1	blocking	0	-
PRPs-agentic-eng	2026-08-13T21:34:03Z	0	plan-review	usage-metrics-phase-1-codebook-field-contract	1	R-COH-VALIDATE-FORBIDDEN-GREP-SCOPE	1	blocking	0	-
PRPs-agentic-eng	2026-08-13T21:34:03Z	0	plan-review	usage-metrics-phase-1-codebook-field-contract	1	R-COH-VALIDATE-FRAMEWORK-MISMATCH	1	blocking	0	-
PRPs-agentic-eng	2026-08-13T21:34:03Z	0	plan-review	usage-metrics-phase-1-codebook-field-contract	1	R-COH-VALIDATE-PATTERN-UNGROUNDED	1	blocking	0	-
PRPs-agentic-eng	2026-08-13T21:34:03Z	0	plan-review	usage-metrics-phase-1-codebook-field-contract	1	R1	1	blocking	0	-
PRPs-agentic-eng	2026-08-13T21:34:03Z	0	plan-review	usage-metrics-phase-1-codebook-field-contract	1	R2	1	blocking	0	-
PRPs-agentic-eng	2026-08-13T21:34:03Z	0	plan-review	usage-metrics-phase-1-codebook-field-contract	1	R3	1	blocking	0	-
PRPs-agentic-eng	2026-08-13T21:34:03Z	0	plan-review	usage-metrics-phase-1-codebook-field-contract	1	R4	1	blocking	0	-
PRPs-agentic-eng	2026-08-13T21:34:03Z	0	plan-review	usage-metrics-phase-1-codebook-field-contract	1	R5	1	blocking	0	-
PRPs-agentic-eng	2026-08-13T21:34:03Z	0	plan-review	usage-metrics-phase-1-codebook-field-contract	1	R6	1	blocking	0	-
PRPs-agentic-eng	2026-08-13T21:34:03Z	0	plan-review	usage-metrics-phase-1-codebook-field-contract	1	R7	1	blocking	0	-
PRPs-agentic-eng	2026-08-13T21:34:03Z	0	plan-review	usage-metrics-phase-1-codebook-field-contract	1	R8	1	blocking	0	-
PRPs-agentic-eng	2026-08-13T22:31:07Z	0	plan-review	usage-metrics-phase-2-materializer-backfill	1	R-COH-AC-TASK-DECOUPLED	1	blocking	0	-
PRPs-agentic-eng	2026-08-13T22:31:07Z	0	plan-review	usage-metrics-phase-2-materializer-backfill	1	R-COH-MANDATORY-READING-MISSING	1	blocking	0	-
PRPs-agentic-eng	2026-08-13T22:31:07Z	0	plan-review	usage-metrics-phase-2-materializer-backfill	1	R-COH-PATTERN-SOURCE-MISSING	1	blocking	0	-
PRPs-agentic-eng	2026-08-13T22:31:07Z	0	plan-review	usage-metrics-phase-2-materializer-backfill	1	R-COH-PATTERN-TASK-DRIFT	1	blocking	0	-
PRPs-agentic-eng	2026-08-13T22:31:07Z	0	plan-review	usage-metrics-phase-2-materializer-backfill	1	R-COH-SUMMARY-TASKS-DRIFT	1	blocking	0	-
PRPs-agentic-eng	2026-08-13T22:31:07Z	0	plan-review	usage-metrics-phase-2-materializer-backfill	1	R-COH-TASK-CONTRADICTION	1	blocking	0	-
PRPs-agentic-eng	2026-08-13T22:31:07Z	0	plan-review	usage-metrics-phase-2-materializer-backfill	1	R-COH-VALIDATE-ALWAYS-PASS	1	blocking	0	-
PRPs-agentic-eng	2026-08-13T22:31:07Z	0	plan-review	usage-metrics-phase-2-materializer-backfill	1	R-COH-VALIDATE-FORBIDDEN-GREP-SCOPE	1	blocking	0	-
PRPs-agentic-eng	2026-08-13T22:31:07Z	0	plan-review	usage-metrics-phase-2-materializer-backfill	1	R-COH-VALIDATE-FRAMEWORK-MISMATCH	1	blocking	0	-
PRPs-agentic-eng	2026-08-13T22:31:07Z	0	plan-review	usage-metrics-phase-2-materializer-backfill	1	R-COH-VALIDATE-PATTERN-UNGROUNDED	1	blocking	0	-
PRPs-agentic-eng	2026-08-13T22:31:07Z	0	plan-review	usage-metrics-phase-2-materializer-backfill	1	R1	1	blocking	0	-
PRPs-agentic-eng	2026-08-13T22:31:07Z	0	plan-review	usage-metrics-phase-2-materializer-backfill	1	R2	1	blocking	0	-
PRPs-agentic-eng	2026-08-13T22:31:07Z	0	plan-review	usage-metrics-phase-2-materializer-backfill	1	R3	1	blocking	0	-
PRPs-agentic-eng	2026-08-13T22:31:07Z	0	plan-review	usage-metrics-phase-2-materializer-backfill	1	R4	1	blocking	0	-
PRPs-agentic-eng	2026-08-13T22:31:07Z	0	plan-review	usage-metrics-phase-2-materializer-backfill	1	R5	1	blocking	0	-
PRPs-agentic-eng	2026-08-13T22:31:07Z	0	plan-review	usage-metrics-phase-2-materializer-backfill	1	R6	1	blocking	0	-
PRPs-agentic-eng	2026-08-13T22:31:07Z	0	plan-review	usage-metrics-phase-2-materializer-backfill	1	R7	1	blocking	0	-
PRPs-agentic-eng	2026-08-13T22:31:07Z	0	plan-review	usage-metrics-phase-2-materializer-backfill	1	R8	1	blocking	0	-
PRPs-agentic-eng	2026-08-13T23:05:00Z	0	plan-review	usage-metrics-phase-3-layout-scaffolding-reader	1	R-COH-AC-TASK-DECOUPLED	1	blocking	0	-
PRPs-agentic-eng	2026-08-13T23:05:00Z	0	plan-review	usage-metrics-phase-3-layout-scaffolding-reader	1	R-COH-MANDATORY-READING-MISSING	1	blocking	0	-
PRPs-agentic-eng	2026-08-13T23:05:00Z	0	plan-review	usage-metrics-phase-3-layout-scaffolding-reader	1	R-COH-PATTERN-TASK-DRIFT	1	blocking	0	-
PRPs-agentic-eng	2026-08-13T23:05:00Z	0	plan-review	usage-metrics-phase-3-layout-scaffolding-reader	1	R-COH-SUMMARY-TASKS-DRIFT	1	blocking	0	-
PRPs-agentic-eng	2026-08-13T23:05:00Z	0	plan-review	usage-metrics-phase-3-layout-scaffolding-reader	1	R-COH-TASK-CONTRADICTION	1	blocking	0	-
PRPs-agentic-eng	2026-08-13T23:05:00Z	0	plan-review	usage-metrics-phase-3-layout-scaffolding-reader	1	R-COH-VALIDATE-ALWAYS-PASS	1	blocking	0	-
PRPs-agentic-eng	2026-08-13T23:05:00Z	0	plan-review	usage-metrics-phase-3-layout-scaffolding-reader	1	R-COH-VALIDATE-PATTERN-UNGROUNDED	1	blocking	0	-
PRPs-agentic-eng	2026-08-13T23:05:00Z	0	plan-review	usage-metrics-phase-3-layout-scaffolding-reader	1	R1	1	blocking	0	-
PRPs-agentic-eng	2026-08-13T23:05:00Z	0	plan-review	usage-metrics-phase-3-layout-scaffolding-reader	1	R2	1	blocking	0	-
PRPs-agentic-eng	2026-08-13T23:05:00Z	0	plan-review	usage-metrics-phase-3-layout-scaffolding-reader	1	R3	1	blocking	0	-
PRPs-agentic-eng	2026-08-13T23:05:00Z	0	plan-review	usage-metrics-phase-3-layout-scaffolding-reader	1	R4	1	blocking	0	-
PRPs-agentic-eng	2026-08-13T23:05:00Z	0	plan-review	usage-metrics-phase-3-layout-scaffolding-reader	1	R5	1	blocking	0	-
PRPs-agentic-eng	2026-08-13T23:05:00Z	0	plan-review	usage-metrics-phase-3-layout-scaffolding-reader	1	R6	1	blocking	0	-
PRPs-agentic-eng	2026-08-13T23:05:00Z	0	plan-review	usage-metrics-phase-3-layout-scaffolding-reader	1	R7	1	blocking	0	-
PRPs-agentic-eng	2026-08-13T23:05:00Z	0	plan-review	usage-metrics-phase-3-layout-scaffolding-reader	1	R8	1	blocking	0	-
PRPs-agentic-eng	2026-08-13T23:40:00Z	0	plan-review	usage-metrics-phase-4-validation-registry	1	R-COH-AC-TASK-DECOUPLED	1	blocking	0	-
PRPs-agentic-eng	2026-08-13T23:40:00Z	0	plan-review	usage-metrics-phase-4-validation-registry	1	R-COH-TASK-CONTRADICTION	1	blocking	0	-
PRPs-agentic-eng	2026-08-13T23:40:00Z	0	plan-review	usage-metrics-phase-4-validation-registry	1	R-COH-VALIDATE-ALWAYS-PASS	1	blocking	0	-
PRPs-agentic-eng	2026-08-13T23:40:00Z	0	plan-review	usage-metrics-phase-4-validation-registry	1	R1	1	blocking	0	-
PRPs-agentic-eng	2026-08-13T23:40:00Z	0	plan-review	usage-metrics-phase-4-validation-registry	1	R2	1	blocking	0	-
PRPs-agentic-eng	2026-08-13T23:40:00Z	0	plan-review	usage-metrics-phase-4-validation-registry	1	R3	1	blocking	0	-
PRPs-agentic-eng	2026-08-13T23:40:00Z	0	plan-review	usage-metrics-phase-4-validation-registry	1	R4	1	blocking	0	-
PRPs-agentic-eng	2026-08-13T23:40:00Z	0	plan-review	usage-metrics-phase-4-validation-registry	1	R5	1	blocking	0	-
PRPs-agentic-eng	2026-08-13T23:40:00Z	0	plan-review	usage-metrics-phase-4-validation-registry	1	R6	1	blocking	0	-
PRPs-agentic-eng	2026-08-13T23:40:00Z	0	plan-review	usage-metrics-phase-4-validation-registry	1	R7	1	blocking	0	-
PRPs-agentic-eng	2026-08-13T23:40:00Z	0	plan-review	usage-metrics-phase-4-validation-registry	1	R8	1	blocking	0	-
PRPs-agentic-eng	2026-08-04T18:14:41Z	0	test-write-review	figma-quota-resilience	1	R-AC-COVERAGE	1	blocking	0	-
PRPs-agentic-eng	2026-08-04T18:14:41Z	0	test-write-review	figma-quota-resilience	1	R-DUPLICATE	1	blocking	0	-
PRPs-agentic-eng	2026-08-04T18:14:41Z	0	test-write-review	figma-quota-resilience	1	R-GREEN-LEGITIMATE	1	blocking	0	-
PRPs-agentic-eng	2026-08-04T18:14:41Z	0	test-write-review	figma-quota-resilience	1	R-IMPL-LEAK	1	blocking	0	-
PRPs-agentic-eng	2026-08-04T18:14:41Z	0	test-write-review	figma-quota-resilience	1	R-LIFECYCLE-LEGITIMATE	1	blocking	0	-
PRPs-agentic-eng	2026-08-04T18:14:41Z	0	test-write-review	figma-quota-resilience	1	R-MOCK-ABUSE	1	blocking	0	-
PRPs-agentic-eng	2026-08-04T18:14:41Z	0	test-write-review	figma-quota-resilience	1	R-TRIVIAL-ASSERT	1	blocking	0	-
PRPs-agentic-eng	2026-08-04T21:22:28Z	0	test-write-review	figma-quota-resilience	2	R-AC-COVERAGE	0	blocking	0	-
PRPs-agentic-eng	2026-08-04T21:22:28Z	0	test-write-review	figma-quota-resilience	2	R-DUPLICATE	1	blocking	0	-
PRPs-agentic-eng	2026-08-04T21:22:28Z	0	test-write-review	figma-quota-resilience	2	R-GREEN-LEGITIMATE	1	blocking	0	-
PRPs-agentic-eng	2026-08-04T21:22:28Z	0	test-write-review	figma-quota-resilience	2	R-IMPL-LEAK	1	blocking	0	-
PRPs-agentic-eng	2026-08-04T21:22:28Z	0	test-write-review	figma-quota-resilience	2	R-LIFECYCLE-LEGITIMATE	1	blocking	0	-
PRPs-agentic-eng	2026-08-04T21:22:28Z	0	test-write-review	figma-quota-resilience	2	R-MOCK-ABUSE	1	blocking	0	-
PRPs-agentic-eng	2026-08-04T21:22:28Z	0	test-write-review	figma-quota-resilience	2	R-TRIVIAL-ASSERT	1	blocking	0	-
PRPs-agentic-eng	2026-08-04T21:39:16Z	0	test-write-review	figma-quota-resilience	3	R-AC-COVERAGE	1	blocking	0	-
PRPs-agentic-eng	2026-08-04T21:39:16Z	0	test-write-review	figma-quota-resilience	3	R-DUPLICATE	1	blocking	0	-
PRPs-agentic-eng	2026-08-04T21:39:16Z	0	test-write-review	figma-quota-resilience	3	R-GREEN-LEGITIMATE	1	blocking	0	-
PRPs-agentic-eng	2026-08-04T21:39:16Z	0	test-write-review	figma-quota-resilience	3	R-IMPL-LEAK	1	blocking	0	-
PRPs-agentic-eng	2026-08-04T21:39:16Z	0	test-write-review	figma-quota-resilience	3	R-LIFECYCLE-LEGITIMATE	1	blocking	0	-
PRPs-agentic-eng	2026-08-04T21:39:16Z	0	test-write-review	figma-quota-resilience	3	R-MOCK-ABUSE	1	blocking	0	-
PRPs-agentic-eng	2026-08-04T21:39:16Z	0	test-write-review	figma-quota-resilience	3	R-TRIVIAL-ASSERT	1	blocking	0	-
PRPs-agentic-eng	2026-08-04T23:54:25Z	0	test-write-review	figma-quota-resilience	4	R-AC-COVERAGE	1	blocking	0	-
PRPs-agentic-eng	2026-08-04T23:54:25Z	0	test-write-review	figma-quota-resilience	4	R-DUPLICATE	1	blocking	0	-
PRPs-agentic-eng	2026-08-04T23:54:25Z	0	test-write-review	figma-quota-resilience	4	R-GREEN-LEGITIMATE	1	blocking	0	-
PRPs-agentic-eng	2026-08-04T23:54:25Z	0	test-write-review	figma-quota-resilience	4	R-IMPL-LEAK	1	blocking	0	-
PRPs-agentic-eng	2026-08-04T23:54:25Z	0	test-write-review	figma-quota-resilience	4	R-LIFECYCLE-LEGITIMATE	1	blocking	0	-
PRPs-agentic-eng	2026-08-04T23:54:25Z	0	test-write-review	figma-quota-resilience	4	R-MOCK-ABUSE	1	blocking	0	-
PRPs-agentic-eng	2026-08-04T23:54:25Z	0	test-write-review	figma-quota-resilience	4	R-TRIVIAL-ASSERT	1	blocking	0	-
PRPs-agentic-eng	2026-08-03T19:05:00Z	0	test-write-review	figma-quota-resilience-phase-1-resource-packaging	1	R-AC-COVERAGE	1	blocking	0	-
PRPs-agentic-eng	2026-08-03T19:05:00Z	0	test-write-review	figma-quota-resilience-phase-1-resource-packaging	1	R-DUPLICATE	1	blocking	0	-
PRPs-agentic-eng	2026-08-03T19:05:00Z	0	test-write-review	figma-quota-resilience-phase-1-resource-packaging	1	R-GREEN-LEGITIMATE	1	blocking	0	-
PRPs-agentic-eng	2026-08-03T19:05:00Z	0	test-write-review	figma-quota-resilience-phase-1-resource-packaging	1	R-IMPL-LEAK	1	blocking	0	-
PRPs-agentic-eng	2026-08-03T19:05:00Z	0	test-write-review	figma-quota-resilience-phase-1-resource-packaging	1	R-LIFECYCLE-LEGITIMATE	1	blocking	0	-
PRPs-agentic-eng	2026-08-03T19:05:00Z	0	test-write-review	figma-quota-resilience-phase-1-resource-packaging	1	R-MOCK-ABUSE	1	blocking	0	-
PRPs-agentic-eng	2026-08-03T19:05:00Z	0	test-write-review	figma-quota-resilience-phase-1-resource-packaging	1	R-TRIVIAL-ASSERT	1	blocking	0	-
PRPs-agentic-eng	2026-08-03T21:00:00Z	0	test-write-review	figma-quota-resilience-phase-2-scoped-scan-metadata-budget	1	R-AC-COVERAGE	1	blocking	0	-
PRPs-agentic-eng	2026-08-03T21:00:00Z	0	test-write-review	figma-quota-resilience-phase-2-scoped-scan-metadata-budget	1	R-DUPLICATE	1	blocking	0	-
PRPs-agentic-eng	2026-08-03T21:00:00Z	0	test-write-review	figma-quota-resilience-phase-2-scoped-scan-metadata-budget	1	R-GREEN-LEGITIMATE	1	blocking	0	-
PRPs-agentic-eng	2026-08-03T21:00:00Z	0	test-write-review	figma-quota-resilience-phase-2-scoped-scan-metadata-budget	1	R-IMPL-LEAK	1	blocking	0	-
PRPs-agentic-eng	2026-08-03T21:00:00Z	0	test-write-review	figma-quota-resilience-phase-2-scoped-scan-metadata-budget	1	R-LIFECYCLE-LEGITIMATE	1	blocking	0	-
PRPs-agentic-eng	2026-08-03T21:00:00Z	0	test-write-review	figma-quota-resilience-phase-2-scoped-scan-metadata-budget	1	R-MOCK-ABUSE	1	blocking	0	-
PRPs-agentic-eng	2026-08-03T21:00:00Z	0	test-write-review	figma-quota-resilience-phase-2-scoped-scan-metadata-budget	1	R-TRIVIAL-ASSERT	1	blocking	0	-
PRPs-agentic-eng	2026-08-05T17:55:54Z	0	test-write-review	fix-a-measurement-defect-in-scriptsefficiencymjs-that	1	R-AC-COVERAGE	1	blocking	0	-
PRPs-agentic-eng	2026-08-05T17:55:54Z	0	test-write-review	fix-a-measurement-defect-in-scriptsefficiencymjs-that	1	R-DUPLICATE	1	blocking	0	-
PRPs-agentic-eng	2026-08-05T17:55:54Z	0	test-write-review	fix-a-measurement-defect-in-scriptsefficiencymjs-that	1	R-GREEN-LEGITIMATE	1	blocking	0	-
PRPs-agentic-eng	2026-08-05T17:55:54Z	0	test-write-review	fix-a-measurement-defect-in-scriptsefficiencymjs-that	1	R-IMPL-LEAK	1	blocking	0	-
PRPs-agentic-eng	2026-08-05T17:55:54Z	0	test-write-review	fix-a-measurement-defect-in-scriptsefficiencymjs-that	1	R-LIFECYCLE-LEGITIMATE	1	blocking	0	-
PRPs-agentic-eng	2026-08-05T17:55:54Z	0	test-write-review	fix-a-measurement-defect-in-scriptsefficiencymjs-that	1	R-MOCK-ABUSE	1	blocking	0	-
PRPs-agentic-eng	2026-08-05T17:55:54Z	0	test-write-review	fix-a-measurement-defect-in-scriptsefficiencymjs-that	1	R-TRIVIAL-ASSERT	1	blocking	0	-
PRPs-agentic-eng	2026-08-07T13:46:44Z	0	test-write-review	plan-review-materiality-phase-1-class-taxonomy-gating	1	R-AC-COVERAGE	1	blocking	0	-
PRPs-agentic-eng	2026-08-07T13:46:44Z	0	test-write-review	plan-review-materiality-phase-1-class-taxonomy-gating	1	R-DUPLICATE	1	blocking	0	-
PRPs-agentic-eng	2026-08-07T13:46:44Z	0	test-write-review	plan-review-materiality-phase-1-class-taxonomy-gating	1	R-GREEN-LEGITIMATE	1	blocking	0	-
PRPs-agentic-eng	2026-08-07T13:46:44Z	0	test-write-review	plan-review-materiality-phase-1-class-taxonomy-gating	1	R-IMPL-LEAK	1	blocking	0	-
PRPs-agentic-eng	2026-08-07T13:46:44Z	0	test-write-review	plan-review-materiality-phase-1-class-taxonomy-gating	1	R-LIFECYCLE-LEGITIMATE	1	blocking	0	-
PRPs-agentic-eng	2026-08-07T13:46:44Z	0	test-write-review	plan-review-materiality-phase-1-class-taxonomy-gating	1	R-MOCK-ABUSE	1	blocking	0	-
PRPs-agentic-eng	2026-08-07T13:46:44Z	0	test-write-review	plan-review-materiality-phase-1-class-taxonomy-gating	1	R-TRIVIAL-ASSERT	1	blocking	0	-
PRPs-agentic-eng	2026-08-07T16:05:09Z	0	test-write-review	plan-review-materiality-phase-2-retry-convergence-ratchet	1	R-AC-COVERAGE	1	blocking	0	-
PRPs-agentic-eng	2026-08-07T16:05:09Z	0	test-write-review	plan-review-materiality-phase-2-retry-convergence-ratchet	1	R-DUPLICATE	1	blocking	0	-
PRPs-agentic-eng	2026-08-07T16:05:09Z	0	test-write-review	plan-review-materiality-phase-2-retry-convergence-ratchet	1	R-GREEN-LEGITIMATE	1	blocking	0	-
PRPs-agentic-eng	2026-08-07T16:05:09Z	0	test-write-review	plan-review-materiality-phase-2-retry-convergence-ratchet	1	R-IMPL-LEAK	1	blocking	0	-
PRPs-agentic-eng	2026-08-07T16:05:09Z	0	test-write-review	plan-review-materiality-phase-2-retry-convergence-ratchet	1	R-LIFECYCLE-LEGITIMATE	1	blocking	0	-
PRPs-agentic-eng	2026-08-07T16:05:09Z	0	test-write-review	plan-review-materiality-phase-2-retry-convergence-ratchet	1	R-MOCK-ABUSE	1	blocking	0	-
PRPs-agentic-eng	2026-08-07T16:05:09Z	0	test-write-review	plan-review-materiality-phase-2-retry-convergence-ratchet	1	R-TRIVIAL-ASSERT	1	blocking	0	-
PRPs-agentic-eng	2026-08-07T18:17:11Z	0	test-write-review	plan-review-materiality-phase-3-advisory-pass-through	1	R-AC-COVERAGE	1	blocking	0	-
PRPs-agentic-eng	2026-08-07T18:17:11Z	0	test-write-review	plan-review-materiality-phase-3-advisory-pass-through	1	R-DUPLICATE	0	blocking	0	-
PRPs-agentic-eng	2026-08-07T18:17:11Z	0	test-write-review	plan-review-materiality-phase-3-advisory-pass-through	1	R-GREEN-LEGITIMATE	1	blocking	0	-
PRPs-agentic-eng	2026-08-07T18:17:11Z	0	test-write-review	plan-review-materiality-phase-3-advisory-pass-through	1	R-IMPL-LEAK	1	blocking	0	-
PRPs-agentic-eng	2026-08-07T18:17:11Z	0	test-write-review	plan-review-materiality-phase-3-advisory-pass-through	1	R-LIFECYCLE-LEGITIMATE	1	blocking	0	-
PRPs-agentic-eng	2026-08-07T18:17:11Z	0	test-write-review	plan-review-materiality-phase-3-advisory-pass-through	1	R-MOCK-ABUSE	1	blocking	0	-
PRPs-agentic-eng	2026-08-07T18:17:11Z	0	test-write-review	plan-review-materiality-phase-3-advisory-pass-through	1	R-TRIVIAL-ASSERT	1	blocking	0	-
PRPs-agentic-eng	2026-08-07T18:37:19Z	0	test-write-review	plan-review-materiality-phase-3-advisory-pass-through	2	R-AC-COVERAGE	1	blocking	0	-
PRPs-agentic-eng	2026-08-07T18:37:19Z	0	test-write-review	plan-review-materiality-phase-3-advisory-pass-through	2	R-DUPLICATE	1	blocking	0	-
PRPs-agentic-eng	2026-08-07T18:37:19Z	0	test-write-review	plan-review-materiality-phase-3-advisory-pass-through	2	R-GREEN-LEGITIMATE	1	blocking	0	-
PRPs-agentic-eng	2026-08-07T18:37:19Z	0	test-write-review	plan-review-materiality-phase-3-advisory-pass-through	2	R-IMPL-LEAK	1	blocking	0	-
PRPs-agentic-eng	2026-08-07T18:37:19Z	0	test-write-review	plan-review-materiality-phase-3-advisory-pass-through	2	R-LIFECYCLE-LEGITIMATE	1	blocking	0	-
PRPs-agentic-eng	2026-08-07T18:37:19Z	0	test-write-review	plan-review-materiality-phase-3-advisory-pass-through	2	R-MOCK-ABUSE	1	blocking	0	-
PRPs-agentic-eng	2026-08-07T18:37:19Z	0	test-write-review	plan-review-materiality-phase-3-advisory-pass-through	2	R-TRIVIAL-ASSERT	1	blocking	0	-
PRPs-agentic-eng	2026-08-08T02:21:55Z	0	test-write-review	plan-review-materiality-phase-4-measurement-surfaces	1	R-AC-COVERAGE	1	blocking	0	-
PRPs-agentic-eng	2026-08-08T02:21:55Z	0	test-write-review	plan-review-materiality-phase-4-measurement-surfaces	1	R-DUPLICATE	1	blocking	0	-
PRPs-agentic-eng	2026-08-08T02:21:55Z	0	test-write-review	plan-review-materiality-phase-4-measurement-surfaces	1	R-GREEN-LEGITIMATE	1	blocking	0	-
PRPs-agentic-eng	2026-08-08T02:21:55Z	0	test-write-review	plan-review-materiality-phase-4-measurement-surfaces	1	R-IMPL-LEAK	1	blocking	0	-
PRPs-agentic-eng	2026-08-08T02:21:55Z	0	test-write-review	plan-review-materiality-phase-4-measurement-surfaces	1	R-LIFECYCLE-LEGITIMATE	1	blocking	0	-
PRPs-agentic-eng	2026-08-08T02:21:55Z	0	test-write-review	plan-review-materiality-phase-4-measurement-surfaces	1	R-MOCK-ABUSE	1	blocking	0	-
PRPs-agentic-eng	2026-08-08T02:21:55Z	0	test-write-review	plan-review-materiality-phase-4-measurement-surfaces	1	R-TRIVIAL-ASSERT	1	blocking	0	-
PRPs-agentic-eng	2026-08-08T05:43:46Z	0	test-write-review	plan-review-materiality-phase-4-measurement-surfaces	2	R-AC-COVERAGE	1	blocking	0	-
PRPs-agentic-eng	2026-08-08T05:43:46Z	0	test-write-review	plan-review-materiality-phase-4-measurement-surfaces	2	R-DUPLICATE	1	blocking	0	-
PRPs-agentic-eng	2026-08-08T05:43:46Z	0	test-write-review	plan-review-materiality-phase-4-measurement-surfaces	2	R-GREEN-LEGITIMATE	1	blocking	0	-
PRPs-agentic-eng	2026-08-08T05:43:46Z	0	test-write-review	plan-review-materiality-phase-4-measurement-surfaces	2	R-IMPL-LEAK	1	blocking	0	-
PRPs-agentic-eng	2026-08-08T05:43:46Z	0	test-write-review	plan-review-materiality-phase-4-measurement-surfaces	2	R-LIFECYCLE-LEGITIMATE	1	blocking	0	-
PRPs-agentic-eng	2026-08-08T05:43:46Z	0	test-write-review	plan-review-materiality-phase-4-measurement-surfaces	2	R-MOCK-ABUSE	1	blocking	0	-
PRPs-agentic-eng	2026-08-08T05:43:46Z	0	test-write-review	plan-review-materiality-phase-4-measurement-surfaces	2	R-TRIVIAL-ASSERT	1	blocking	0	-
PRPs-agentic-eng	2026-08-06T15:05:53Z	0	test-write-review	repair-the-stale-document-order-anchor-in-scriptsvalidatec	1	R-AC-COVERAGE	1	blocking	0	-
PRPs-agentic-eng	2026-08-06T15:05:53Z	0	test-write-review	repair-the-stale-document-order-anchor-in-scriptsvalidatec	1	R-DUPLICATE	1	blocking	0	-
PRPs-agentic-eng	2026-08-06T15:05:53Z	0	test-write-review	repair-the-stale-document-order-anchor-in-scriptsvalidatec	1	R-GREEN-LEGITIMATE	1	blocking	0	-
PRPs-agentic-eng	2026-08-06T15:05:53Z	0	test-write-review	repair-the-stale-document-order-anchor-in-scriptsvalidatec	1	R-IMPL-LEAK	1	blocking	0	-
PRPs-agentic-eng	2026-08-06T15:05:53Z	0	test-write-review	repair-the-stale-document-order-anchor-in-scriptsvalidatec	1	R-LIFECYCLE-LEGITIMATE	1	blocking	0	-
PRPs-agentic-eng	2026-08-06T15:05:53Z	0	test-write-review	repair-the-stale-document-order-anchor-in-scriptsvalidatec	1	R-MOCK-ABUSE	1	blocking	0	-
PRPs-agentic-eng	2026-08-06T15:05:53Z	0	test-write-review	repair-the-stale-document-order-anchor-in-scriptsvalidatec	1	R-TRIVIAL-ASSERT	1	blocking	0	-
PRPs-agentic-eng	2026-08-13T22:08:12Z	0	test-write-review	usage-metrics-phase-1-codebook-field-contract	1	R-AC-COVERAGE	1	blocking	0	-
PRPs-agentic-eng	2026-08-13T22:08:12Z	0	test-write-review	usage-metrics-phase-1-codebook-field-contract	1	R-DUPLICATE	1	blocking	0	-
PRPs-agentic-eng	2026-08-13T22:08:12Z	0	test-write-review	usage-metrics-phase-1-codebook-field-contract	1	R-GREEN-LEGITIMATE	1	blocking	0	-
PRPs-agentic-eng	2026-08-13T22:08:12Z	0	test-write-review	usage-metrics-phase-1-codebook-field-contract	1	R-IMPL-LEAK	1	blocking	0	-
PRPs-agentic-eng	2026-08-13T22:08:12Z	0	test-write-review	usage-metrics-phase-1-codebook-field-contract	1	R-LIFECYCLE-LEGITIMATE	1	blocking	0	-
PRPs-agentic-eng	2026-08-13T22:08:12Z	0	test-write-review	usage-metrics-phase-1-codebook-field-contract	1	R-MOCK-ABUSE	1	blocking	0	-
PRPs-agentic-eng	2026-08-13T22:08:12Z	0	test-write-review	usage-metrics-phase-1-codebook-field-contract	1	R-TRIVIAL-ASSERT	1	blocking	0	-
PRPs-agentic-eng	2026-08-13T22:55:10Z	0	test-write-review	usage-metrics-phase-2-materializer-backfill	1	R-AC-COVERAGE	1	blocking	0	-
PRPs-agentic-eng	2026-08-13T22:55:10Z	0	test-write-review	usage-metrics-phase-2-materializer-backfill	1	R-DUPLICATE	1	blocking	0	-
PRPs-agentic-eng	2026-08-13T22:55:10Z	0	test-write-review	usage-metrics-phase-2-materializer-backfill	1	R-GREEN-LEGITIMATE	1	blocking	0	-
PRPs-agentic-eng	2026-08-13T22:55:10Z	0	test-write-review	usage-metrics-phase-2-materializer-backfill	1	R-IMPL-LEAK	1	blocking	0	-
PRPs-agentic-eng	2026-08-13T22:55:10Z	0	test-write-review	usage-metrics-phase-2-materializer-backfill	1	R-LIFECYCLE-LEGITIMATE	1	blocking	0	-
PRPs-agentic-eng	2026-08-13T22:55:10Z	0	test-write-review	usage-metrics-phase-2-materializer-backfill	1	R-MOCK-ABUSE	1	blocking	0	-
PRPs-agentic-eng	2026-08-13T22:55:10Z	0	test-write-review	usage-metrics-phase-2-materializer-backfill	1	R-TRIVIAL-ASSERT	1	blocking	0	-
PRPs-agentic-eng	2026-08-13T23:18:00Z	0	test-write-review	usage-metrics-phase-3-layout-scaffolding-reader	1	R-AC-COVERAGE	1	blocking	0	-
PRPs-agentic-eng	2026-08-13T23:18:00Z	0	test-write-review	usage-metrics-phase-3-layout-scaffolding-reader	1	R-DUPLICATE	1	blocking	0	-
PRPs-agentic-eng	2026-08-13T23:18:00Z	0	test-write-review	usage-metrics-phase-3-layout-scaffolding-reader	1	R-GREEN-LEGITIMATE	1	blocking	0	-
PRPs-agentic-eng	2026-08-13T23:18:00Z	0	test-write-review	usage-metrics-phase-3-layout-scaffolding-reader	1	R-IMPL-LEAK	1	blocking	0	-
PRPs-agentic-eng	2026-08-13T23:18:00Z	0	test-write-review	usage-metrics-phase-3-layout-scaffolding-reader	1	R-LIFECYCLE-LEGITIMATE	1	blocking	0	-
PRPs-agentic-eng	2026-08-13T23:18:00Z	0	test-write-review	usage-metrics-phase-3-layout-scaffolding-reader	1	R-MOCK-ABUSE	1	blocking	0	-
PRPs-agentic-eng	2026-08-13T23:18:00Z	0	test-write-review	usage-metrics-phase-3-layout-scaffolding-reader	1	R-TRIVIAL-ASSERT	1	blocking	0	-
PRPs-agentic-eng	2026-08-13T23:52:00Z	0	test-write-review	usage-metrics-phase-4-validation-registry	1	R-AC-COVERAGE	1	blocking	0	-
PRPs-agentic-eng	2026-08-13T23:52:00Z	0	test-write-review	usage-metrics-phase-4-validation-registry	1	R-DUPLICATE	1	blocking	0	-
PRPs-agentic-eng	2026-08-13T23:52:00Z	0	test-write-review	usage-metrics-phase-4-validation-registry	1	R-GREEN-LEGITIMATE	1	blocking	0	-
PRPs-agentic-eng	2026-08-13T23:52:00Z	0	test-write-review	usage-metrics-phase-4-validation-registry	1	R-IMPL-LEAK	1	blocking	0	-
PRPs-agentic-eng	2026-08-13T23:52:00Z	0	test-write-review	usage-metrics-phase-4-validation-registry	1	R-LIFECYCLE-LEGITIMATE	1	blocking	0	-
PRPs-agentic-eng	2026-08-13T23:52:00Z	0	test-write-review	usage-metrics-phase-4-validation-registry	1	R-MOCK-ABUSE	1	blocking	0	-
PRPs-agentic-eng	2026-08-13T23:52:00Z	0	test-write-review	usage-metrics-phase-4-validation-registry	1	R-TRIVIAL-ASSERT	1	blocking	0	-
