proj	ts	deg	stage	art	seq	rid	pass	cls	esc	rat
PRPs-agentic-eng	2026-07-31T19:11:32Z	0	code-review	add-an-11th-static-check-to-scriptsvalidate-that	1	R-COH-CALLER-DRIFT	1	blocking	0	-
PRPs-agentic-eng	2026-07-31T19:11:32Z	0	code-review	add-an-11th-static-check-to-scriptsvalidate-that	1	R-COH-COMMENT-MISMATCH	1	blocking	0	-
PRPs-agentic-eng	2026-07-31T19:11:32Z	0	code-review	add-an-11th-static-check-to-scriptsvalidate-that	1	R-COH-CONFIG-DANGLING	1	blocking	0	-
PRPs-agentic-eng	2026-07-31T19:11:32Z	0	code-review	add-an-11th-static-check-to-scriptsvalidate-that	1	R-COH-DEAD-IMPORT	1	blocking	0	-
PRPs-agentic-eng	2026-07-31T19:11:32Z	0	code-review	add-an-11th-static-check-to-scriptsvalidate-that	1	R-COH-OTHER-INTERNAL-CONTRADICTION	1	blocking	0	-
PRPs-agentic-eng	2026-07-31T19:11:32Z	0	code-review	add-an-11th-static-check-to-scriptsvalidate-that	1	R-COH-REGISTRY-MISSING	1	blocking	0	-
PRPs-agentic-eng	2026-07-31T19:11:32Z	0	code-review	add-an-11th-static-check-to-scriptsvalidate-that	1	R-COH-TASK-CONTRADICTION	1	blocking	0	-
PRPs-agentic-eng	2026-07-31T19:11:32Z	0	code-review	add-an-11th-static-check-to-scriptsvalidate-that	1	R-L1	1	blocking	0	-
PRPs-agentic-eng	2026-07-31T19:11:32Z	0	code-review	add-an-11th-static-check-to-scriptsvalidate-that	1	R-L2	1	blocking	0	-
PRPs-agentic-eng	2026-07-31T19:11:32Z	0	code-review	add-an-11th-static-check-to-scriptsvalidate-that	1	R-L3	1	blocking	0	-
PRPs-agentic-eng	2026-07-31T19:11:32Z	0	code-review	add-an-11th-static-check-to-scriptsvalidate-that	1	R-S1	1	blocking	0	-
PRPs-agentic-eng	2026-07-31T19:11:32Z	0	code-review	add-an-11th-static-check-to-scriptsvalidate-that	1	R-S2	1	blocking	0	-
PRPs-agentic-eng	2026-07-31T19:11:32Z	0	code-review	add-an-11th-static-check-to-scriptsvalidate-that	1	R-S3	1	blocking	0	-
PRPs-agentic-eng	2026-07-31T19:11:32Z	0	code-review	add-an-11th-static-check-to-scriptsvalidate-that	1	R-SEM	1	blocking	0	-
PRPs-agentic-eng	2026-07-31T19:11:32Z	0	code-review	add-an-11th-static-check-to-scriptsvalidate-that	1	R-X	1	blocking	0	-
PRPs-agentic-eng	2026-07-28T13:16:25Z	0	code-review	add-an-8th-fixed-deterministic-check-r-coh-validate-search	1	R-COH-CALLER-DRIFT	1	blocking	0	-
PRPs-agentic-eng	2026-07-28T13:16:25Z	0	code-review	add-an-8th-fixed-deterministic-check-r-coh-validate-search	1	R-COH-CONFIG-DANGLING	1	blocking	0	-
PRPs-agentic-eng	2026-07-28T13:16:25Z	0	code-review	add-an-8th-fixed-deterministic-check-r-coh-validate-search	1	R-COH-DEAD-IMPORT	1	blocking	0	-
PRPs-agentic-eng	2026-07-28T13:16:25Z	0	code-review	add-an-8th-fixed-deterministic-check-r-coh-validate-search	1	R-COH-OTHER-INTERNAL-CONTRADICTION	0	blocking	0	-
PRPs-agentic-eng	2026-07-28T13:16:25Z	0	code-review	add-an-8th-fixed-deterministic-check-r-coh-validate-search	1	R-COH-REGISTRY-MISSING	1	blocking	0	-
PRPs-agentic-eng	2026-07-28T13:16:25Z	0	code-review	add-an-8th-fixed-deterministic-check-r-coh-validate-search	1	R-COH-TASK-CONTRADICTION	1	blocking	0	-
PRPs-agentic-eng	2026-07-28T13:16:25Z	0	code-review	add-an-8th-fixed-deterministic-check-r-coh-validate-search	1	R-L1	1	blocking	0	-
PRPs-agentic-eng	2026-07-28T13:16:25Z	0	code-review	add-an-8th-fixed-deterministic-check-r-coh-validate-search	1	R-L2	1	blocking	0	-
PRPs-agentic-eng	2026-07-28T13:16:25Z	0	code-review	add-an-8th-fixed-deterministic-check-r-coh-validate-search	1	R-L3	1	blocking	0	-
PRPs-agentic-eng	2026-07-28T13:16:25Z	0	code-review	add-an-8th-fixed-deterministic-check-r-coh-validate-search	1	R-S1	1	blocking	0	-
PRPs-agentic-eng	2026-07-28T13:16:25Z	0	code-review	add-an-8th-fixed-deterministic-check-r-coh-validate-search	1	R-S2	1	blocking	0	-
PRPs-agentic-eng	2026-07-28T13:16:25Z	0	code-review	add-an-8th-fixed-deterministic-check-r-coh-validate-search	1	R-S3	1	blocking	0	-
PRPs-agentic-eng	2026-07-28T13:16:25Z	0	code-review	add-an-8th-fixed-deterministic-check-r-coh-validate-search	1	R-SEM	1	blocking	0	-
PRPs-agentic-eng	2026-07-28T13:16:25Z	0	code-review	add-an-8th-fixed-deterministic-check-r-coh-validate-search	1	R-X	1	blocking	0	-
PRPs-agentic-eng	2026-07-28T13:36:07Z	0	code-review	add-an-8th-fixed-deterministic-check-r-coh-validate-search	2	R-COH-CALLER-DRIFT	1	blocking	0	-
PRPs-agentic-eng	2026-07-28T13:36:07Z	0	code-review	add-an-8th-fixed-deterministic-check-r-coh-validate-search	2	R-COH-CONFIG-DANGLING	1	blocking	0	-
PRPs-agentic-eng	2026-07-28T13:36:07Z	0	code-review	add-an-8th-fixed-deterministic-check-r-coh-validate-search	2	R-COH-DEAD-IMPORT	1	blocking	0	-
PRPs-agentic-eng	2026-07-28T13:36:07Z	0	code-review	add-an-8th-fixed-deterministic-check-r-coh-validate-search	2	R-COH-REGISTRY-MISSING	1	blocking	0	-
PRPs-agentic-eng	2026-07-28T13:36:07Z	0	code-review	add-an-8th-fixed-deterministic-check-r-coh-validate-search	2	R-COH-TASK-CONTRADICTION	1	blocking	0	-
PRPs-agentic-eng	2026-07-28T13:36:07Z	0	code-review	add-an-8th-fixed-deterministic-check-r-coh-validate-search	2	R-L1	1	blocking	0	-
PRPs-agentic-eng	2026-07-28T13:36:07Z	0	code-review	add-an-8th-fixed-deterministic-check-r-coh-validate-search	2	R-L2	1	blocking	0	-
PRPs-agentic-eng	2026-07-28T13:36:07Z	0	code-review	add-an-8th-fixed-deterministic-check-r-coh-validate-search	2	R-L3	1	blocking	0	-
PRPs-agentic-eng	2026-07-28T13:36:07Z	0	code-review	add-an-8th-fixed-deterministic-check-r-coh-validate-search	2	R-S1	1	blocking	0	-
PRPs-agentic-eng	2026-07-28T13:36:07Z	0	code-review	add-an-8th-fixed-deterministic-check-r-coh-validate-search	2	R-S2	1	blocking	0	-
PRPs-agentic-eng	2026-07-28T13:36:07Z	0	code-review	add-an-8th-fixed-deterministic-check-r-coh-validate-search	2	R-S3	1	blocking	0	-
PRPs-agentic-eng	2026-07-28T13:36:07Z	0	code-review	add-an-8th-fixed-deterministic-check-r-coh-validate-search	2	R-SEM	1	blocking	0	-
PRPs-agentic-eng	2026-07-28T13:36:07Z	0	code-review	add-an-8th-fixed-deterministic-check-r-coh-validate-search	2	R-X	1	blocking	0	-
PRPs-agentic-eng	2026-07-31T21:42:27Z	0	code-review	close-the-consumer-half-of-the-v0250-reviewstartedat	1	R-COH-CALLER-DRIFT	1	blocking	0	-
PRPs-agentic-eng	2026-07-31T21:42:27Z	0	code-review	close-the-consumer-half-of-the-v0250-reviewstartedat	1	R-COH-CONFIG-DANGLING	1	blocking	0	-
PRPs-agentic-eng	2026-07-31T21:42:27Z	0	code-review	close-the-consumer-half-of-the-v0250-reviewstartedat	1	R-COH-DEAD-IMPORT	1	blocking	0	-
PRPs-agentic-eng	2026-07-31T21:42:27Z	0	code-review	close-the-consumer-half-of-the-v0250-reviewstartedat	1	R-COH-REGISTRY-MISSING	1	blocking	0	-
PRPs-agentic-eng	2026-07-31T21:42:27Z	0	code-review	close-the-consumer-half-of-the-v0250-reviewstartedat	1	R-COH-TASK-CONTRADICTION	1	blocking	0	-
PRPs-agentic-eng	2026-07-31T21:42:27Z	0	code-review	close-the-consumer-half-of-the-v0250-reviewstartedat	1	R-L1	1	blocking	0	-
PRPs-agentic-eng	2026-07-31T21:42:27Z	0	code-review	close-the-consumer-half-of-the-v0250-reviewstartedat	1	R-L2	1	blocking	0	-
PRPs-agentic-eng	2026-07-31T21:42:27Z	0	code-review	close-the-consumer-half-of-the-v0250-reviewstartedat	1	R-L3	1	blocking	0	-
PRPs-agentic-eng	2026-07-31T21:42:27Z	0	code-review	close-the-consumer-half-of-the-v0250-reviewstartedat	1	R-S1	1	blocking	0	-
PRPs-agentic-eng	2026-07-31T21:42:27Z	0	code-review	close-the-consumer-half-of-the-v0250-reviewstartedat	1	R-S2	1	blocking	0	-
PRPs-agentic-eng	2026-07-31T21:42:27Z	0	code-review	close-the-consumer-half-of-the-v0250-reviewstartedat	1	R-S3	1	blocking	0	-
PRPs-agentic-eng	2026-07-31T21:42:27Z	0	code-review	close-the-consumer-half-of-the-v0250-reviewstartedat	1	R-SEM	1	blocking	0	-
PRPs-agentic-eng	2026-07-31T21:42:27Z	0	code-review	close-the-consumer-half-of-the-v0250-reviewstartedat	1	R-X	1	blocking	0	-
PRPs-agentic-eng	2026-07-31T15:41:12Z	0	code-review	close-the-validation-docs-debt-recorded-in	1	R-COH-CALLER-DRIFT	1	blocking	0	-
PRPs-agentic-eng	2026-07-31T15:41:12Z	0	code-review	close-the-validation-docs-debt-recorded-in	1	R-COH-CONFIG-DANGLING	1	blocking	0	-
PRPs-agentic-eng	2026-07-31T15:41:12Z	0	code-review	close-the-validation-docs-debt-recorded-in	1	R-COH-DEAD-IMPORT	1	blocking	0	-
PRPs-agentic-eng	2026-07-31T15:41:12Z	0	code-review	close-the-validation-docs-debt-recorded-in	1	R-COH-OTHER-INTERNAL-CONTRADICTION	0	blocking	0	-
PRPs-agentic-eng	2026-07-31T15:41:12Z	0	code-review	close-the-validation-docs-debt-recorded-in	1	R-COH-OTHER-INTERNAL-CONTRADICTION	0	blocking	0	-
PRPs-agentic-eng	2026-07-31T15:41:12Z	0	code-review	close-the-validation-docs-debt-recorded-in	1	R-COH-REGISTRY-MISSING	1	blocking	0	-
PRPs-agentic-eng	2026-07-31T15:41:12Z	0	code-review	close-the-validation-docs-debt-recorded-in	1	R-COH-TASK-CONTRADICTION	1	blocking	0	-
PRPs-agentic-eng	2026-07-31T15:41:12Z	0	code-review	close-the-validation-docs-debt-recorded-in	1	R-L1	1	blocking	0	-
PRPs-agentic-eng	2026-07-31T15:41:12Z	0	code-review	close-the-validation-docs-debt-recorded-in	1	R-L2	1	blocking	0	-
PRPs-agentic-eng	2026-07-31T15:41:12Z	0	code-review	close-the-validation-docs-debt-recorded-in	1	R-L3	1	blocking	0	-
PRPs-agentic-eng	2026-07-31T15:41:12Z	0	code-review	close-the-validation-docs-debt-recorded-in	1	R-S1	1	blocking	0	-
PRPs-agentic-eng	2026-07-31T15:41:12Z	0	code-review	close-the-validation-docs-debt-recorded-in	1	R-S2	1	blocking	0	-
PRPs-agentic-eng	2026-07-31T15:41:12Z	0	code-review	close-the-validation-docs-debt-recorded-in	1	R-S3	0	blocking	0	-
PRPs-agentic-eng	2026-07-31T15:41:12Z	0	code-review	close-the-validation-docs-debt-recorded-in	1	R-SEM	0	blocking	0	-
PRPs-agentic-eng	2026-07-31T15:41:12Z	0	code-review	close-the-validation-docs-debt-recorded-in	1	R-X	1	blocking	0	-
PRPs-agentic-eng	2026-07-31T16:20:00Z	0	code-review	close-the-validation-docs-debt-recorded-in	2	R-COH-CALLER-DRIFT	1	blocking	0	-
PRPs-agentic-eng	2026-07-31T16:20:00Z	0	code-review	close-the-validation-docs-debt-recorded-in	2	R-COH-CONFIG-DANGLING	1	blocking	0	-
PRPs-agentic-eng	2026-07-31T16:20:00Z	0	code-review	close-the-validation-docs-debt-recorded-in	2	R-COH-DEAD-IMPORT	1	blocking	0	-
PRPs-agentic-eng	2026-07-31T16:20:00Z	0	code-review	close-the-validation-docs-debt-recorded-in	2	R-COH-OTHER-INTERNAL-CONTRADICTION	0	blocking	0	-
PRPs-agentic-eng	2026-07-31T16:20:00Z	0	code-review	close-the-validation-docs-debt-recorded-in	2	R-COH-REGISTRY-MISSING	1	blocking	0	-
PRPs-agentic-eng	2026-07-31T16:20:00Z	0	code-review	close-the-validation-docs-debt-recorded-in	2	R-COH-TASK-CONTRADICTION	1	blocking	0	-
PRPs-agentic-eng	2026-07-31T16:20:00Z	0	code-review	close-the-validation-docs-debt-recorded-in	2	R-L1	1	blocking	0	-
PRPs-agentic-eng	2026-07-31T16:20:00Z	0	code-review	close-the-validation-docs-debt-recorded-in	2	R-L2	1	blocking	0	-
PRPs-agentic-eng	2026-07-31T16:20:00Z	0	code-review	close-the-validation-docs-debt-recorded-in	2	R-L3	1	blocking	0	-
PRPs-agentic-eng	2026-07-31T16:20:00Z	0	code-review	close-the-validation-docs-debt-recorded-in	2	R-S1	1	blocking	0	-
PRPs-agentic-eng	2026-07-31T16:20:00Z	0	code-review	close-the-validation-docs-debt-recorded-in	2	R-S2	1	blocking	0	-
PRPs-agentic-eng	2026-07-31T16:20:00Z	0	code-review	close-the-validation-docs-debt-recorded-in	2	R-S3	1	blocking	0	-
PRPs-agentic-eng	2026-07-31T16:20:00Z	0	code-review	close-the-validation-docs-debt-recorded-in	2	R-SEM	0	blocking	0	-
PRPs-agentic-eng	2026-07-31T16:20:00Z	0	code-review	close-the-validation-docs-debt-recorded-in	2	R-X	1	blocking	0	-
PRPs-agentic-eng	2026-07-31T17:10:00Z	0	code-review	close-the-validation-docs-debt-recorded-in	3	R-COH-CALLER-DRIFT	1	blocking	0	-
PRPs-agentic-eng	2026-07-31T17:10:00Z	0	code-review	close-the-validation-docs-debt-recorded-in	3	R-COH-COMMENT-MISMATCH	0	blocking	0	-
PRPs-agentic-eng	2026-07-31T17:10:00Z	0	code-review	close-the-validation-docs-debt-recorded-in	3	R-COH-CONFIG-DANGLING	1	blocking	0	-
PRPs-agentic-eng	2026-07-31T17:10:00Z	0	code-review	close-the-validation-docs-debt-recorded-in	3	R-COH-DEAD-IMPORT	1	blocking	0	-
PRPs-agentic-eng	2026-07-31T17:10:00Z	0	code-review	close-the-validation-docs-debt-recorded-in	3	R-COH-OTHER-INTERNAL-CONTRADICTION	0	blocking	0	-
PRPs-agentic-eng	2026-07-31T17:10:00Z	0	code-review	close-the-validation-docs-debt-recorded-in	3	R-COH-REGISTRY-MISSING	1	blocking	0	-
PRPs-agentic-eng	2026-07-31T17:10:00Z	0	code-review	close-the-validation-docs-debt-recorded-in	3	R-COH-TASK-CONTRADICTION	1	blocking	0	-
PRPs-agentic-eng	2026-07-31T17:10:00Z	0	code-review	close-the-validation-docs-debt-recorded-in	3	R-L1	1	blocking	0	-
PRPs-agentic-eng	2026-07-31T17:10:00Z	0	code-review	close-the-validation-docs-debt-recorded-in	3	R-L2	1	blocking	0	-
PRPs-agentic-eng	2026-07-31T17:10:00Z	0	code-review	close-the-validation-docs-debt-recorded-in	3	R-L3	1	blocking	0	-
PRPs-agentic-eng	2026-07-31T17:10:00Z	0	code-review	close-the-validation-docs-debt-recorded-in	3	R-S1	1	blocking	0	-
PRPs-agentic-eng	2026-07-31T17:10:00Z	0	code-review	close-the-validation-docs-debt-recorded-in	3	R-S2	1	blocking	0	-
PRPs-agentic-eng	2026-07-31T17:10:00Z	0	code-review	close-the-validation-docs-debt-recorded-in	3	R-S3	1	blocking	0	-
PRPs-agentic-eng	2026-07-31T17:10:00Z	0	code-review	close-the-validation-docs-debt-recorded-in	3	R-SEM	0	blocking	0	-
PRPs-agentic-eng	2026-07-31T17:10:00Z	0	code-review	close-the-validation-docs-debt-recorded-in	3	R-X	1	blocking	0	-
PRPs-agentic-eng	2026-07-31T18:05:00Z	0	code-review	close-the-validation-docs-debt-recorded-in	4	R-COH-CALLER-DRIFT	1	blocking	0	-
PRPs-agentic-eng	2026-07-31T18:05:00Z	0	code-review	close-the-validation-docs-debt-recorded-in	4	R-COH-CONFIG-DANGLING	1	blocking	0	-
PRPs-agentic-eng	2026-07-31T18:05:00Z	0	code-review	close-the-validation-docs-debt-recorded-in	4	R-COH-DEAD-IMPORT	1	blocking	0	-
PRPs-agentic-eng	2026-07-31T18:05:00Z	0	code-review	close-the-validation-docs-debt-recorded-in	4	R-COH-REGISTRY-MISSING	1	blocking	0	-
PRPs-agentic-eng	2026-07-31T18:05:00Z	0	code-review	close-the-validation-docs-debt-recorded-in	4	R-COH-TASK-CONTRADICTION	1	blocking	0	-
PRPs-agentic-eng	2026-07-31T18:05:00Z	0	code-review	close-the-validation-docs-debt-recorded-in	4	R-L1	1	blocking	0	-
PRPs-agentic-eng	2026-07-31T18:05:00Z	0	code-review	close-the-validation-docs-debt-recorded-in	4	R-L2	1	blocking	0	-
PRPs-agentic-eng	2026-07-31T18:05:00Z	0	code-review	close-the-validation-docs-debt-recorded-in	4	R-L3	1	blocking	0	-
PRPs-agentic-eng	2026-07-31T18:05:00Z	0	code-review	close-the-validation-docs-debt-recorded-in	4	R-S1	1	blocking	0	-
PRPs-agentic-eng	2026-07-31T18:05:00Z	0	code-review	close-the-validation-docs-debt-recorded-in	4	R-S2	1	blocking	0	-
PRPs-agentic-eng	2026-07-31T18:05:00Z	0	code-review	close-the-validation-docs-debt-recorded-in	4	R-S3	1	blocking	0	-
PRPs-agentic-eng	2026-07-31T18:05:00Z	0	code-review	close-the-validation-docs-debt-recorded-in	4	R-SEM	1	blocking	0	-
PRPs-agentic-eng	2026-07-31T18:05:00Z	0	code-review	close-the-validation-docs-debt-recorded-in	4	R-X	1	blocking	0	-
PRPs-agentic-eng	2026-07-24T00:29:21Z	0	code-review	enforce-figma-component-reuse-per-ac-2-of-figma-implementation-track	1	R-COH-CALLER-DRIFT	1	blocking	0	-
PRPs-agentic-eng	2026-07-24T00:29:21Z	0	code-review	enforce-figma-component-reuse-per-ac-2-of-figma-implementation-track	1	R-COH-CONFIG-DANGLING	1	blocking	0	-
PRPs-agentic-eng	2026-07-24T00:29:21Z	0	code-review	enforce-figma-component-reuse-per-ac-2-of-figma-implementation-track	1	R-COH-DEAD-IMPORT	1	blocking	0	-
PRPs-agentic-eng	2026-07-24T00:29:21Z	0	code-review	enforce-figma-component-reuse-per-ac-2-of-figma-implementation-track	1	R-COH-REGISTRY-MISSING	1	blocking	0	-
PRPs-agentic-eng	2026-07-24T00:29:21Z	0	code-review	enforce-figma-component-reuse-per-ac-2-of-figma-implementation-track	1	R-COH-SEMANTIC-DEGRADED	1	blocking	0	-
PRPs-agentic-eng	2026-07-24T00:29:21Z	0	code-review	enforce-figma-component-reuse-per-ac-2-of-figma-implementation-track	1	R-L1	1	blocking	0	-
PRPs-agentic-eng	2026-07-24T00:29:21Z	0	code-review	enforce-figma-component-reuse-per-ac-2-of-figma-implementation-track	1	R-L2	1	blocking	0	-
PRPs-agentic-eng	2026-07-24T00:29:21Z	0	code-review	enforce-figma-component-reuse-per-ac-2-of-figma-implementation-track	1	R-L3	1	blocking	0	-
PRPs-agentic-eng	2026-07-24T00:29:21Z	0	code-review	enforce-figma-component-reuse-per-ac-2-of-figma-implementation-track	1	R-S1	1	blocking	0	-
PRPs-agentic-eng	2026-07-24T00:29:21Z	0	code-review	enforce-figma-component-reuse-per-ac-2-of-figma-implementation-track	1	R-S2	1	blocking	0	-
PRPs-agentic-eng	2026-07-24T00:29:21Z	0	code-review	enforce-figma-component-reuse-per-ac-2-of-figma-implementation-track	1	R-S3	1	blocking	0	-
PRPs-agentic-eng	2026-07-24T00:29:21Z	0	code-review	enforce-figma-component-reuse-per-ac-2-of-figma-implementation-track	1	R-SEM	1	blocking	0	-
PRPs-agentic-eng	2026-07-24T00:29:21Z	0	code-review	enforce-figma-component-reuse-per-ac-2-of-figma-implementation-track	1	R-X	1	blocking	0	-
PRPs-agentic-eng	2026-07-23T00:07:55Z	0	code-review	figma-implementation-track-phase-1-foundations	1	R-COH-CALLER-DRIFT	1	blocking	0	-
PRPs-agentic-eng	2026-07-23T00:07:55Z	0	code-review	figma-implementation-track-phase-1-foundations	1	R-COH-CONFIG-DANGLING	1	blocking	0	-
PRPs-agentic-eng	2026-07-23T00:07:55Z	0	code-review	figma-implementation-track-phase-1-foundations	1	R-COH-DEAD-IMPORT	1	blocking	0	-
PRPs-agentic-eng	2026-07-23T00:07:55Z	0	code-review	figma-implementation-track-phase-1-foundations	1	R-COH-REGISTRY-MISSING	1	blocking	0	-
PRPs-agentic-eng	2026-07-23T00:07:55Z	0	code-review	figma-implementation-track-phase-1-foundations	1	R-COH-SEMANTIC-DEGRADED	1	blocking	0	-
PRPs-agentic-eng	2026-07-23T00:07:55Z	0	code-review	figma-implementation-track-phase-1-foundations	1	R-L1	1	blocking	0	-
PRPs-agentic-eng	2026-07-23T00:07:55Z	0	code-review	figma-implementation-track-phase-1-foundations	1	R-L2	1	blocking	0	-
PRPs-agentic-eng	2026-07-23T00:07:55Z	0	code-review	figma-implementation-track-phase-1-foundations	1	R-L3	1	blocking	0	-
PRPs-agentic-eng	2026-07-23T00:07:55Z	0	code-review	figma-implementation-track-phase-1-foundations	1	R-S1	1	blocking	0	-
PRPs-agentic-eng	2026-07-23T00:07:55Z	0	code-review	figma-implementation-track-phase-1-foundations	1	R-S2	1	blocking	0	-
PRPs-agentic-eng	2026-07-23T00:07:55Z	0	code-review	figma-implementation-track-phase-1-foundations	1	R-S3	1	blocking	0	-
PRPs-agentic-eng	2026-07-23T00:07:55Z	0	code-review	figma-implementation-track-phase-1-foundations	1	R-SEM	1	blocking	0	-
PRPs-agentic-eng	2026-07-23T00:07:55Z	0	code-review	figma-implementation-track-phase-1-foundations	1	R-X	1	blocking	0	-
PRPs-agentic-eng	2026-07-23T02:17:45Z	0	code-review	figma-implementation-track-phase-2-mcp-access-spike	1	R-COH-CALLER-DRIFT	1	blocking	0	-
PRPs-agentic-eng	2026-07-23T02:17:45Z	0	code-review	figma-implementation-track-phase-2-mcp-access-spike	1	R-COH-CONFIG-DANGLING	1	blocking	0	-
PRPs-agentic-eng	2026-07-23T02:17:45Z	0	code-review	figma-implementation-track-phase-2-mcp-access-spike	1	R-COH-DEAD-IMPORT	1	blocking	0	-
PRPs-agentic-eng	2026-07-23T02:17:45Z	0	code-review	figma-implementation-track-phase-2-mcp-access-spike	1	R-COH-REGISTRY-MISSING	1	blocking	0	-
PRPs-agentic-eng	2026-07-23T02:17:45Z	0	code-review	figma-implementation-track-phase-2-mcp-access-spike	1	R-COH-SEMANTIC-DEGRADED	1	blocking	0	-
PRPs-agentic-eng	2026-07-23T02:17:45Z	0	code-review	figma-implementation-track-phase-2-mcp-access-spike	1	R-L1	1	blocking	0	-
PRPs-agentic-eng	2026-07-23T02:17:45Z	0	code-review	figma-implementation-track-phase-2-mcp-access-spike	1	R-L2	1	blocking	0	-
PRPs-agentic-eng	2026-07-23T02:17:45Z	0	code-review	figma-implementation-track-phase-2-mcp-access-spike	1	R-L3	0	blocking	0	-
PRPs-agentic-eng	2026-07-23T02:17:45Z	0	code-review	figma-implementation-track-phase-2-mcp-access-spike	1	R-S1	1	blocking	0	-
PRPs-agentic-eng	2026-07-23T02:17:45Z	0	code-review	figma-implementation-track-phase-2-mcp-access-spike	1	R-S2	1	blocking	0	-
PRPs-agentic-eng	2026-07-23T02:17:45Z	0	code-review	figma-implementation-track-phase-2-mcp-access-spike	1	R-S3	1	blocking	0	-
PRPs-agentic-eng	2026-07-23T02:17:45Z	0	code-review	figma-implementation-track-phase-2-mcp-access-spike	1	R-SEM	1	blocking	0	-
PRPs-agentic-eng	2026-07-23T02:17:45Z	0	code-review	figma-implementation-track-phase-2-mcp-access-spike	1	R-X	1	blocking	0	-
PRPs-agentic-eng	2026-07-23T02:23:09Z	0	code-review	figma-implementation-track-phase-2-mcp-access-spike	2	R-COH-CALLER-DRIFT	1	blocking	0	-
PRPs-agentic-eng	2026-07-23T02:23:09Z	0	code-review	figma-implementation-track-phase-2-mcp-access-spike	2	R-COH-CONFIG-DANGLING	1	blocking	0	-
PRPs-agentic-eng	2026-07-23T02:23:09Z	0	code-review	figma-implementation-track-phase-2-mcp-access-spike	2	R-COH-DEAD-IMPORT	1	blocking	0	-
PRPs-agentic-eng	2026-07-23T02:23:09Z	0	code-review	figma-implementation-track-phase-2-mcp-access-spike	2	R-COH-REGISTRY-MISSING	1	blocking	0	-
PRPs-agentic-eng	2026-07-23T02:23:09Z	0	code-review	figma-implementation-track-phase-2-mcp-access-spike	2	R-COH-SEMANTIC-DEGRADED	1	blocking	0	-
PRPs-agentic-eng	2026-07-23T02:23:09Z	0	code-review	figma-implementation-track-phase-2-mcp-access-spike	2	R-L1	1	blocking	0	-
PRPs-agentic-eng	2026-07-23T02:23:09Z	0	code-review	figma-implementation-track-phase-2-mcp-access-spike	2	R-L2	1	blocking	0	-
PRPs-agentic-eng	2026-07-23T02:23:09Z	0	code-review	figma-implementation-track-phase-2-mcp-access-spike	2	R-L3	1	blocking	0	-
PRPs-agentic-eng	2026-07-23T02:23:09Z	0	code-review	figma-implementation-track-phase-2-mcp-access-spike	2	R-S1	1	blocking	0	-
PRPs-agentic-eng	2026-07-23T02:23:09Z	0	code-review	figma-implementation-track-phase-2-mcp-access-spike	2	R-S2	1	blocking	0	-
PRPs-agentic-eng	2026-07-23T02:23:09Z	0	code-review	figma-implementation-track-phase-2-mcp-access-spike	2	R-S3	1	blocking	0	-
PRPs-agentic-eng	2026-07-23T02:23:09Z	0	code-review	figma-implementation-track-phase-2-mcp-access-spike	2	R-SEM	1	blocking	0	-
PRPs-agentic-eng	2026-07-23T02:23:09Z	0	code-review	figma-implementation-track-phase-2-mcp-access-spike	2	R-X	1	blocking	0	-
PRPs-agentic-eng	2026-07-23T12:00:00Z	0	code-review	figma-implementation-track-phase-3-component-map	1	R-COH-CALLER-DRIFT	1	blocking	0	-
PRPs-agentic-eng	2026-07-23T12:00:00Z	0	code-review	figma-implementation-track-phase-3-component-map	1	R-COH-CONFIG-DANGLING	1	blocking	0	-
PRPs-agentic-eng	2026-07-23T12:00:00Z	0	code-review	figma-implementation-track-phase-3-component-map	1	R-COH-DEAD-IMPORT	1	blocking	0	-
PRPs-agentic-eng	2026-07-23T12:00:00Z	0	code-review	figma-implementation-track-phase-3-component-map	1	R-COH-REGISTRY-MISSING	1	blocking	0	-
PRPs-agentic-eng	2026-07-23T12:00:00Z	0	code-review	figma-implementation-track-phase-3-component-map	1	R-COH-SEMANTIC-DEGRADED	1	blocking	0	-
PRPs-agentic-eng	2026-07-23T12:00:00Z	0	code-review	figma-implementation-track-phase-3-component-map	1	R-COH-TASK-CONTRADICTION	1	blocking	0	-
PRPs-agentic-eng	2026-07-23T12:00:00Z	0	code-review	figma-implementation-track-phase-3-component-map	1	R-L1	1	blocking	0	-
PRPs-agentic-eng	2026-07-23T12:00:00Z	0	code-review	figma-implementation-track-phase-3-component-map	1	R-L2	1	blocking	0	-
PRPs-agentic-eng	2026-07-23T12:00:00Z	0	code-review	figma-implementation-track-phase-3-component-map	1	R-L3	0	blocking	0	-
PRPs-agentic-eng	2026-07-23T12:00:00Z	0	code-review	figma-implementation-track-phase-3-component-map	1	R-S1	1	blocking	0	-
PRPs-agentic-eng	2026-07-23T12:00:00Z	0	code-review	figma-implementation-track-phase-3-component-map	1	R-S2	1	blocking	0	-
PRPs-agentic-eng	2026-07-23T12:00:00Z	0	code-review	figma-implementation-track-phase-3-component-map	1	R-S3	1	blocking	0	-
PRPs-agentic-eng	2026-07-23T12:00:00Z	0	code-review	figma-implementation-track-phase-3-component-map	1	R-SEM	1	blocking	0	-
PRPs-agentic-eng	2026-07-23T12:00:00Z	0	code-review	figma-implementation-track-phase-3-component-map	1	R-X	1	blocking	0	-
PRPs-agentic-eng	2026-07-23T03:17:11Z	0	code-review	figma-implementation-track-phase-3-component-map	2	R-COH-CALLER-DRIFT	1	blocking	0	-
PRPs-agentic-eng	2026-07-23T03:17:11Z	0	code-review	figma-implementation-track-phase-3-component-map	2	R-COH-CONFIG-DANGLING	1	blocking	0	-
PRPs-agentic-eng	2026-07-23T03:17:11Z	0	code-review	figma-implementation-track-phase-3-component-map	2	R-COH-DEAD-IMPORT	1	blocking	0	-
PRPs-agentic-eng	2026-07-23T03:17:11Z	0	code-review	figma-implementation-track-phase-3-component-map	2	R-COH-REGISTRY-MISSING	1	blocking	0	-
PRPs-agentic-eng	2026-07-23T03:17:11Z	0	code-review	figma-implementation-track-phase-3-component-map	2	R-COH-SEMANTIC-DEGRADED	1	blocking	0	-
PRPs-agentic-eng	2026-07-23T03:17:11Z	0	code-review	figma-implementation-track-phase-3-component-map	2	R-COH-TASK-CONTRADICTION	1	blocking	0	-
PRPs-agentic-eng	2026-07-23T03:17:11Z	0	code-review	figma-implementation-track-phase-3-component-map	2	R-L1	1	blocking	0	-
PRPs-agentic-eng	2026-07-23T03:17:11Z	0	code-review	figma-implementation-track-phase-3-component-map	2	R-L2	1	blocking	0	-
PRPs-agentic-eng	2026-07-23T03:17:11Z	0	code-review	figma-implementation-track-phase-3-component-map	2	R-L3	1	blocking	0	-
PRPs-agentic-eng	2026-07-23T03:17:11Z	0	code-review	figma-implementation-track-phase-3-component-map	2	R-S1	1	blocking	0	-
PRPs-agentic-eng	2026-07-23T03:17:11Z	0	code-review	figma-implementation-track-phase-3-component-map	2	R-S2	1	blocking	0	-
PRPs-agentic-eng	2026-07-23T03:17:11Z	0	code-review	figma-implementation-track-phase-3-component-map	2	R-S3	1	blocking	0	-
PRPs-agentic-eng	2026-07-23T03:17:11Z	0	code-review	figma-implementation-track-phase-3-component-map	2	R-SEM	1	blocking	0	-
PRPs-agentic-eng	2026-07-23T03:17:11Z	0	code-review	figma-implementation-track-phase-3-component-map	2	R-X	1	blocking	0	-
PRPs-agentic-eng	2026-07-23T15:00:00Z	0	code-review	figma-implementation-track-phase-4-design-spec	1	R-COH-CALLER-DRIFT	1	blocking	0	-
PRPs-agentic-eng	2026-07-23T15:00:00Z	0	code-review	figma-implementation-track-phase-4-design-spec	1	R-COH-CONFIG-DANGLING	1	blocking	0	-
PRPs-agentic-eng	2026-07-23T15:00:00Z	0	code-review	figma-implementation-track-phase-4-design-spec	1	R-COH-DEAD-IMPORT	1	blocking	0	-
PRPs-agentic-eng	2026-07-23T15:00:00Z	0	code-review	figma-implementation-track-phase-4-design-spec	1	R-COH-REGISTRY-MISSING	1	blocking	0	-
PRPs-agentic-eng	2026-07-23T15:00:00Z	0	code-review	figma-implementation-track-phase-4-design-spec	1	R-COH-SEMANTIC-DEGRADED	1	blocking	0	-
PRPs-agentic-eng	2026-07-23T15:00:00Z	0	code-review	figma-implementation-track-phase-4-design-spec	1	R-COH-TASK-CONTRADICTION	1	blocking	0	-
PRPs-agentic-eng	2026-07-23T15:00:00Z	0	code-review	figma-implementation-track-phase-4-design-spec	1	R-L1	1	blocking	0	-
PRPs-agentic-eng	2026-07-23T15:00:00Z	0	code-review	figma-implementation-track-phase-4-design-spec	1	R-L2	1	blocking	0	-
PRPs-agentic-eng	2026-07-23T15:00:00Z	0	code-review	figma-implementation-track-phase-4-design-spec	1	R-L3	1	blocking	0	-
PRPs-agentic-eng	2026-07-23T15:00:00Z	0	code-review	figma-implementation-track-phase-4-design-spec	1	R-S1	1	blocking	0	-
PRPs-agentic-eng	2026-07-23T15:00:00Z	0	code-review	figma-implementation-track-phase-4-design-spec	1	R-S2	1	blocking	0	-
PRPs-agentic-eng	2026-07-23T15:00:00Z	0	code-review	figma-implementation-track-phase-4-design-spec	1	R-S3	1	blocking	0	-
PRPs-agentic-eng	2026-07-23T15:00:00Z	0	code-review	figma-implementation-track-phase-4-design-spec	1	R-SEM	1	blocking	0	-
PRPs-agentic-eng	2026-07-23T15:00:00Z	0	code-review	figma-implementation-track-phase-4-design-spec	1	R-X	1	blocking	0	-
PRPs-agentic-eng	2026-07-23T17:35:35Z	0	code-review	figma-implementation-track-phase-5-plan-integration	1	R-COH-CALLER-DRIFT	1	blocking	0	-
PRPs-agentic-eng	2026-07-23T17:35:35Z	0	code-review	figma-implementation-track-phase-5-plan-integration	1	R-COH-CONFIG-DANGLING	1	blocking	0	-
PRPs-agentic-eng	2026-07-23T17:35:35Z	0	code-review	figma-implementation-track-phase-5-plan-integration	1	R-COH-DEAD-IMPORT	1	blocking	0	-
PRPs-agentic-eng	2026-07-23T17:35:35Z	0	code-review	figma-implementation-track-phase-5-plan-integration	1	R-COH-REGISTRY-MISSING	0	blocking	0	-
PRPs-agentic-eng	2026-07-23T17:35:35Z	0	code-review	figma-implementation-track-phase-5-plan-integration	1	R-COH-SEMANTIC-DEGRADED	1	blocking	0	-
PRPs-agentic-eng	2026-07-23T17:35:35Z	0	code-review	figma-implementation-track-phase-5-plan-integration	1	R-L1	1	blocking	0	-
PRPs-agentic-eng	2026-07-23T17:35:35Z	0	code-review	figma-implementation-track-phase-5-plan-integration	1	R-L2	1	blocking	0	-
PRPs-agentic-eng	2026-07-23T17:35:35Z	0	code-review	figma-implementation-track-phase-5-plan-integration	1	R-L3	1	blocking	0	-
PRPs-agentic-eng	2026-07-23T17:35:35Z	0	code-review	figma-implementation-track-phase-5-plan-integration	1	R-S1	1	blocking	0	-
PRPs-agentic-eng	2026-07-23T17:35:35Z	0	code-review	figma-implementation-track-phase-5-plan-integration	1	R-S2	1	blocking	0	-
PRPs-agentic-eng	2026-07-23T17:35:35Z	0	code-review	figma-implementation-track-phase-5-plan-integration	1	R-S3	1	blocking	0	-
PRPs-agentic-eng	2026-07-23T17:35:35Z	0	code-review	figma-implementation-track-phase-5-plan-integration	1	R-SEM	1	blocking	0	-
PRPs-agentic-eng	2026-07-23T17:35:35Z	0	code-review	figma-implementation-track-phase-5-plan-integration	1	R-X	1	blocking	0	-
PRPs-agentic-eng	2026-07-23T17:43:48Z	0	code-review	figma-implementation-track-phase-5-plan-integration	2	R-COH-CALLER-DRIFT	1	blocking	0	-
PRPs-agentic-eng	2026-07-23T17:43:48Z	0	code-review	figma-implementation-track-phase-5-plan-integration	2	R-COH-CONFIG-DANGLING	1	blocking	0	-
PRPs-agentic-eng	2026-07-23T17:43:48Z	0	code-review	figma-implementation-track-phase-5-plan-integration	2	R-COH-DEAD-IMPORT	1	blocking	0	-
PRPs-agentic-eng	2026-07-23T17:43:48Z	0	code-review	figma-implementation-track-phase-5-plan-integration	2	R-COH-REGISTRY-MISSING	1	blocking	0	-
PRPs-agentic-eng	2026-07-23T17:43:48Z	0	code-review	figma-implementation-track-phase-5-plan-integration	2	R-COH-SEMANTIC-DEGRADED	1	blocking	0	-
PRPs-agentic-eng	2026-07-23T17:43:48Z	0	code-review	figma-implementation-track-phase-5-plan-integration	2	R-L1	1	blocking	0	-
PRPs-agentic-eng	2026-07-23T17:43:48Z	0	code-review	figma-implementation-track-phase-5-plan-integration	2	R-L2	1	blocking	0	-
PRPs-agentic-eng	2026-07-23T17:43:48Z	0	code-review	figma-implementation-track-phase-5-plan-integration	2	R-L3	1	blocking	0	-
PRPs-agentic-eng	2026-07-23T17:43:48Z	0	code-review	figma-implementation-track-phase-5-plan-integration	2	R-S1	1	blocking	0	-
PRPs-agentic-eng	2026-07-23T17:43:48Z	0	code-review	figma-implementation-track-phase-5-plan-integration	2	R-S2	1	blocking	0	-
PRPs-agentic-eng	2026-07-23T17:43:48Z	0	code-review	figma-implementation-track-phase-5-plan-integration	2	R-S3	1	blocking	0	-
PRPs-agentic-eng	2026-07-23T17:43:48Z	0	code-review	figma-implementation-track-phase-5-plan-integration	2	R-SEM	1	blocking	0	-
PRPs-agentic-eng	2026-07-23T17:43:48Z	0	code-review	figma-implementation-track-phase-5-plan-integration	2	R-X	1	blocking	0	-
PRPs-agentic-eng	2026-07-23T19:40:27Z	0	code-review	figma-implementation-track-phase-6-visual-loop	1	R-COH-CALLER-DRIFT	1	blocking	0	-
PRPs-agentic-eng	2026-07-23T19:40:27Z	0	code-review	figma-implementation-track-phase-6-visual-loop	1	R-COH-CONFIG-DANGLING	1	blocking	0	-
PRPs-agentic-eng	2026-07-23T19:40:27Z	0	code-review	figma-implementation-track-phase-6-visual-loop	1	R-COH-DEAD-IMPORT	1	blocking	0	-
PRPs-agentic-eng	2026-07-23T19:40:27Z	0	code-review	figma-implementation-track-phase-6-visual-loop	1	R-COH-REGISTRY-MISSING	1	blocking	0	-
PRPs-agentic-eng	2026-07-23T19:40:27Z	0	code-review	figma-implementation-track-phase-6-visual-loop	1	R-COH-SEMANTIC-DEGRADED	1	blocking	0	-
PRPs-agentic-eng	2026-07-23T19:40:27Z	0	code-review	figma-implementation-track-phase-6-visual-loop	1	R-L1	1	blocking	0	-
PRPs-agentic-eng	2026-07-23T19:40:27Z	0	code-review	figma-implementation-track-phase-6-visual-loop	1	R-L2	1	blocking	0	-
PRPs-agentic-eng	2026-07-23T19:40:27Z	0	code-review	figma-implementation-track-phase-6-visual-loop	1	R-L3	1	blocking	0	-
PRPs-agentic-eng	2026-07-23T19:40:27Z	0	code-review	figma-implementation-track-phase-6-visual-loop	1	R-S1	1	blocking	0	-
PRPs-agentic-eng	2026-07-23T19:40:27Z	0	code-review	figma-implementation-track-phase-6-visual-loop	1	R-S2	1	blocking	0	-
PRPs-agentic-eng	2026-07-23T19:40:27Z	0	code-review	figma-implementation-track-phase-6-visual-loop	1	R-S3	1	blocking	0	-
PRPs-agentic-eng	2026-07-23T19:40:27Z	0	code-review	figma-implementation-track-phase-6-visual-loop	1	R-SEM	0	blocking	0	-
PRPs-agentic-eng	2026-07-23T19:40:27Z	0	code-review	figma-implementation-track-phase-6-visual-loop	1	R-X	1	blocking	0	-
PRPs-agentic-eng	2026-07-23T19:50:58Z	0	code-review	figma-implementation-track-phase-6-visual-loop	2	R-COH-CALLER-DRIFT	1	blocking	0	-
PRPs-agentic-eng	2026-07-23T19:50:58Z	0	code-review	figma-implementation-track-phase-6-visual-loop	2	R-COH-CONFIG-DANGLING	1	blocking	0	-
PRPs-agentic-eng	2026-07-23T19:50:58Z	0	code-review	figma-implementation-track-phase-6-visual-loop	2	R-COH-DEAD-IMPORT	1	blocking	0	-
PRPs-agentic-eng	2026-07-23T19:50:58Z	0	code-review	figma-implementation-track-phase-6-visual-loop	2	R-COH-REGISTRY-MISSING	1	blocking	0	-
PRPs-agentic-eng	2026-07-23T19:50:58Z	0	code-review	figma-implementation-track-phase-6-visual-loop	2	R-COH-SEMANTIC-DEGRADED	1	blocking	0	-
PRPs-agentic-eng	2026-07-23T19:50:58Z	0	code-review	figma-implementation-track-phase-6-visual-loop	2	R-L1	1	blocking	0	-
PRPs-agentic-eng	2026-07-23T19:50:58Z	0	code-review	figma-implementation-track-phase-6-visual-loop	2	R-L2	1	blocking	0	-
PRPs-agentic-eng	2026-07-23T19:50:58Z	0	code-review	figma-implementation-track-phase-6-visual-loop	2	R-L3	1	blocking	0	-
PRPs-agentic-eng	2026-07-23T19:50:58Z	0	code-review	figma-implementation-track-phase-6-visual-loop	2	R-S1	1	blocking	0	-
PRPs-agentic-eng	2026-07-23T19:50:58Z	0	code-review	figma-implementation-track-phase-6-visual-loop	2	R-S2	1	blocking	0	-
PRPs-agentic-eng	2026-07-23T19:50:58Z	0	code-review	figma-implementation-track-phase-6-visual-loop	2	R-S3	1	blocking	0	-
PRPs-agentic-eng	2026-07-23T19:50:58Z	0	code-review	figma-implementation-track-phase-6-visual-loop	2	R-SEM	0	blocking	0	-
PRPs-agentic-eng	2026-07-23T19:50:58Z	0	code-review	figma-implementation-track-phase-6-visual-loop	2	R-X	1	blocking	0	-
PRPs-agentic-eng	2026-07-23T20:01:22Z	0	code-review	figma-implementation-track-phase-6-visual-loop	3	R-COH-CALLER-DRIFT	1	blocking	0	-
PRPs-agentic-eng	2026-07-23T20:01:22Z	0	code-review	figma-implementation-track-phase-6-visual-loop	3	R-COH-CONFIG-DANGLING	1	blocking	0	-
PRPs-agentic-eng	2026-07-23T20:01:22Z	0	code-review	figma-implementation-track-phase-6-visual-loop	3	R-COH-DEAD-IMPORT	1	blocking	0	-
PRPs-agentic-eng	2026-07-23T20:01:22Z	0	code-review	figma-implementation-track-phase-6-visual-loop	3	R-COH-REGISTRY-MISSING	1	blocking	0	-
PRPs-agentic-eng	2026-07-23T20:01:22Z	0	code-review	figma-implementation-track-phase-6-visual-loop	3	R-COH-SEMANTIC-DEGRADED	1	blocking	0	-
PRPs-agentic-eng	2026-07-23T20:01:22Z	0	code-review	figma-implementation-track-phase-6-visual-loop	3	R-L1	1	blocking	0	-
PRPs-agentic-eng	2026-07-23T20:01:22Z	0	code-review	figma-implementation-track-phase-6-visual-loop	3	R-L2	1	blocking	0	-
PRPs-agentic-eng	2026-07-23T20:01:22Z	0	code-review	figma-implementation-track-phase-6-visual-loop	3	R-L3	1	blocking	0	-
PRPs-agentic-eng	2026-07-23T20:01:22Z	0	code-review	figma-implementation-track-phase-6-visual-loop	3	R-S1	1	blocking	0	-
PRPs-agentic-eng	2026-07-23T20:01:22Z	0	code-review	figma-implementation-track-phase-6-visual-loop	3	R-S2	1	blocking	0	-
PRPs-agentic-eng	2026-07-23T20:01:22Z	0	code-review	figma-implementation-track-phase-6-visual-loop	3	R-S3	1	blocking	0	-
PRPs-agentic-eng	2026-07-23T20:01:22Z	0	code-review	figma-implementation-track-phase-6-visual-loop	3	R-SEM	1	blocking	0	-
PRPs-agentic-eng	2026-07-23T20:01:22Z	0	code-review	figma-implementation-track-phase-6-visual-loop	3	R-X	1	blocking	0	-
PRPs-agentic-eng	2026-07-23T21:42:00Z	0	code-review	figma-implementation-track-phase-7-surface-integration	1	R-COH-CALLER-DRIFT	1	blocking	0	-
PRPs-agentic-eng	2026-07-23T21:42:00Z	0	code-review	figma-implementation-track-phase-7-surface-integration	1	R-COH-CONFIG-DANGLING	1	blocking	0	-
PRPs-agentic-eng	2026-07-23T21:42:00Z	0	code-review	figma-implementation-track-phase-7-surface-integration	1	R-COH-DEAD-IMPORT	1	blocking	0	-
PRPs-agentic-eng	2026-07-23T21:42:00Z	0	code-review	figma-implementation-track-phase-7-surface-integration	1	R-COH-REGISTRY-MISSING	1	blocking	0	-
PRPs-agentic-eng	2026-07-23T21:42:00Z	0	code-review	figma-implementation-track-phase-7-surface-integration	1	R-COH-SEMANTIC-DEGRADED	1	blocking	0	-
PRPs-agentic-eng	2026-07-23T21:42:00Z	0	code-review	figma-implementation-track-phase-7-surface-integration	1	R-L1	1	blocking	0	-
PRPs-agentic-eng	2026-07-23T21:42:00Z	0	code-review	figma-implementation-track-phase-7-surface-integration	1	R-L2	1	blocking	0	-
PRPs-agentic-eng	2026-07-23T21:42:00Z	0	code-review	figma-implementation-track-phase-7-surface-integration	1	R-L3	1	blocking	0	-
PRPs-agentic-eng	2026-07-23T21:42:00Z	0	code-review	figma-implementation-track-phase-7-surface-integration	1	R-S1	1	blocking	0	-
PRPs-agentic-eng	2026-07-23T21:42:00Z	0	code-review	figma-implementation-track-phase-7-surface-integration	1	R-S2	1	blocking	0	-
PRPs-agentic-eng	2026-07-23T21:42:00Z	0	code-review	figma-implementation-track-phase-7-surface-integration	1	R-S3	1	blocking	0	-
PRPs-agentic-eng	2026-07-23T21:42:00Z	0	code-review	figma-implementation-track-phase-7-surface-integration	1	R-SEM	0	blocking	0	-
PRPs-agentic-eng	2026-07-23T21:42:00Z	0	code-review	figma-implementation-track-phase-7-surface-integration	1	R-X	1	blocking	0	-
PRPs-agentic-eng	2026-07-23T21:52:44Z	0	code-review	figma-implementation-track-phase-7-surface-integration	2	R-COH-CALLER-DRIFT	1	blocking	0	-
PRPs-agentic-eng	2026-07-23T21:52:44Z	0	code-review	figma-implementation-track-phase-7-surface-integration	2	R-COH-CONFIG-DANGLING	1	blocking	0	-
PRPs-agentic-eng	2026-07-23T21:52:44Z	0	code-review	figma-implementation-track-phase-7-surface-integration	2	R-COH-DEAD-IMPORT	1	blocking	0	-
PRPs-agentic-eng	2026-07-23T21:52:44Z	0	code-review	figma-implementation-track-phase-7-surface-integration	2	R-COH-REGISTRY-MISSING	1	blocking	0	-
PRPs-agentic-eng	2026-07-23T21:52:44Z	0	code-review	figma-implementation-track-phase-7-surface-integration	2	R-COH-SEMANTIC-DEGRADED	1	blocking	0	-
PRPs-agentic-eng	2026-07-23T21:52:44Z	0	code-review	figma-implementation-track-phase-7-surface-integration	2	R-L1	1	blocking	0	-
PRPs-agentic-eng	2026-07-23T21:52:44Z	0	code-review	figma-implementation-track-phase-7-surface-integration	2	R-L2	1	blocking	0	-
PRPs-agentic-eng	2026-07-23T21:52:44Z	0	code-review	figma-implementation-track-phase-7-surface-integration	2	R-L3	1	blocking	0	-
PRPs-agentic-eng	2026-07-23T21:52:44Z	0	code-review	figma-implementation-track-phase-7-surface-integration	2	R-S1	1	blocking	0	-
PRPs-agentic-eng	2026-07-23T21:52:44Z	0	code-review	figma-implementation-track-phase-7-surface-integration	2	R-S2	1	blocking	0	-
PRPs-agentic-eng	2026-07-23T21:52:44Z	0	code-review	figma-implementation-track-phase-7-surface-integration	2	R-S3	1	blocking	0	-
PRPs-agentic-eng	2026-07-23T21:52:44Z	0	code-review	figma-implementation-track-phase-7-surface-integration	2	R-SEM	1	blocking	0	-
PRPs-agentic-eng	2026-07-23T21:52:44Z	0	code-review	figma-implementation-track-phase-7-surface-integration	2	R-X	1	blocking	0	-
PRPs-agentic-eng	2026-07-24T22:18:29Z	0	code-review	figma-visual-first-track-phase-1-foundations	1	R-COH-CALLER-DRIFT	1	blocking	0	-
PRPs-agentic-eng	2026-07-24T22:18:29Z	0	code-review	figma-visual-first-track-phase-1-foundations	1	R-COH-COMMENT-MISMATCH	0	blocking	0	-
PRPs-agentic-eng	2026-07-24T22:18:29Z	0	code-review	figma-visual-first-track-phase-1-foundations	1	R-COH-CONFIG-DANGLING	1	blocking	0	-
PRPs-agentic-eng	2026-07-24T22:18:29Z	0	code-review	figma-visual-first-track-phase-1-foundations	1	R-COH-DEAD-IMPORT	1	blocking	0	-
PRPs-agentic-eng	2026-07-24T22:18:29Z	0	code-review	figma-visual-first-track-phase-1-foundations	1	R-COH-OTHER-INTERNAL-CONTRADICTION	0	blocking	0	-
PRPs-agentic-eng	2026-07-24T22:18:29Z	0	code-review	figma-visual-first-track-phase-1-foundations	1	R-COH-REGISTRY-MISSING	1	blocking	0	-
PRPs-agentic-eng	2026-07-24T22:18:29Z	0	code-review	figma-visual-first-track-phase-1-foundations	1	R-COH-TASK-CONTRADICTION	1	blocking	0	-
PRPs-agentic-eng	2026-07-24T22:18:29Z	0	code-review	figma-visual-first-track-phase-1-foundations	1	R-L1	1	blocking	0	-
PRPs-agentic-eng	2026-07-24T22:18:29Z	0	code-review	figma-visual-first-track-phase-1-foundations	1	R-L2	1	blocking	0	-
PRPs-agentic-eng	2026-07-24T22:18:29Z	0	code-review	figma-visual-first-track-phase-1-foundations	1	R-L3	1	blocking	0	-
PRPs-agentic-eng	2026-07-24T22:18:29Z	0	code-review	figma-visual-first-track-phase-1-foundations	1	R-S1	1	blocking	0	-
PRPs-agentic-eng	2026-07-24T22:18:29Z	0	code-review	figma-visual-first-track-phase-1-foundations	1	R-S2	1	blocking	0	-
PRPs-agentic-eng	2026-07-24T22:18:29Z	0	code-review	figma-visual-first-track-phase-1-foundations	1	R-S3	1	blocking	0	-
PRPs-agentic-eng	2026-07-24T22:18:29Z	0	code-review	figma-visual-first-track-phase-1-foundations	1	R-SEM	1	blocking	0	-
PRPs-agentic-eng	2026-07-24T22:18:29Z	0	code-review	figma-visual-first-track-phase-1-foundations	1	R-X	1	blocking	0	-
PRPs-agentic-eng	2026-07-24T22:39:22Z	0	code-review	figma-visual-first-track-phase-1-foundations	2	R-COH-CALLER-DRIFT	1	blocking	0	-
PRPs-agentic-eng	2026-07-24T22:39:22Z	0	code-review	figma-visual-first-track-phase-1-foundations	2	R-COH-COMMENT-MISMATCH	1	blocking	0	-
PRPs-agentic-eng	2026-07-24T22:39:22Z	0	code-review	figma-visual-first-track-phase-1-foundations	2	R-COH-CONFIG-DANGLING	1	blocking	0	-
PRPs-agentic-eng	2026-07-24T22:39:22Z	0	code-review	figma-visual-first-track-phase-1-foundations	2	R-COH-DEAD-IMPORT	1	blocking	0	-
PRPs-agentic-eng	2026-07-24T22:39:22Z	0	code-review	figma-visual-first-track-phase-1-foundations	2	R-COH-OTHER-INTERNAL-CONTRADICTION	1	blocking	0	-
PRPs-agentic-eng	2026-07-24T22:39:22Z	0	code-review	figma-visual-first-track-phase-1-foundations	2	R-COH-REGISTRY-MISSING	1	blocking	0	-
PRPs-agentic-eng	2026-07-24T22:39:22Z	0	code-review	figma-visual-first-track-phase-1-foundations	2	R-COH-TASK-CONTRADICTION	1	blocking	0	-
PRPs-agentic-eng	2026-07-24T22:39:22Z	0	code-review	figma-visual-first-track-phase-1-foundations	2	R-L1	1	blocking	0	-
PRPs-agentic-eng	2026-07-24T22:39:22Z	0	code-review	figma-visual-first-track-phase-1-foundations	2	R-L2	1	blocking	0	-
PRPs-agentic-eng	2026-07-24T22:39:22Z	0	code-review	figma-visual-first-track-phase-1-foundations	2	R-L3	1	blocking	0	-
PRPs-agentic-eng	2026-07-24T22:39:22Z	0	code-review	figma-visual-first-track-phase-1-foundations	2	R-S1	1	blocking	0	-
PRPs-agentic-eng	2026-07-24T22:39:22Z	0	code-review	figma-visual-first-track-phase-1-foundations	2	R-S2	1	blocking	0	-
PRPs-agentic-eng	2026-07-24T22:39:22Z	0	code-review	figma-visual-first-track-phase-1-foundations	2	R-S3	1	blocking	0	-
PRPs-agentic-eng	2026-07-24T22:39:22Z	0	code-review	figma-visual-first-track-phase-1-foundations	2	R-SEM	1	blocking	0	-
PRPs-agentic-eng	2026-07-24T22:39:22Z	0	code-review	figma-visual-first-track-phase-1-foundations	2	R-X	1	blocking	0	-
PRPs-agentic-eng	2026-07-24T00:00:00Z	0	code-review	figma-visual-first-track-phase-2-prd-authoring	1	R-COH-CALLER-DRIFT	1	blocking	0	-
PRPs-agentic-eng	2026-07-24T00:00:00Z	0	code-review	figma-visual-first-track-phase-2-prd-authoring	1	R-COH-CONFIG-DANGLING	1	blocking	0	-
PRPs-agentic-eng	2026-07-24T00:00:00Z	0	code-review	figma-visual-first-track-phase-2-prd-authoring	1	R-COH-DEAD-IMPORT	1	blocking	0	-
PRPs-agentic-eng	2026-07-24T00:00:00Z	0	code-review	figma-visual-first-track-phase-2-prd-authoring	1	R-COH-REGISTRY-MISSING	1	blocking	0	-
PRPs-agentic-eng	2026-07-24T00:00:00Z	0	code-review	figma-visual-first-track-phase-2-prd-authoring	1	R-COH-TASK-CONTRADICTION	1	blocking	0	-
PRPs-agentic-eng	2026-07-24T00:00:00Z	0	code-review	figma-visual-first-track-phase-2-prd-authoring	1	R-L1	1	blocking	0	-
PRPs-agentic-eng	2026-07-24T00:00:00Z	0	code-review	figma-visual-first-track-phase-2-prd-authoring	1	R-L2	0	blocking	0	-
PRPs-agentic-eng	2026-07-24T00:00:00Z	0	code-review	figma-visual-first-track-phase-2-prd-authoring	1	R-L3	1	blocking	0	-
PRPs-agentic-eng	2026-07-24T00:00:00Z	0	code-review	figma-visual-first-track-phase-2-prd-authoring	1	R-S1	1	blocking	0	-
PRPs-agentic-eng	2026-07-24T00:00:00Z	0	code-review	figma-visual-first-track-phase-2-prd-authoring	1	R-S2	1	blocking	0	-
PRPs-agentic-eng	2026-07-24T00:00:00Z	0	code-review	figma-visual-first-track-phase-2-prd-authoring	1	R-S3	1	blocking	0	-
PRPs-agentic-eng	2026-07-24T00:00:00Z	0	code-review	figma-visual-first-track-phase-2-prd-authoring	1	R-SEM	1	blocking	0	-
PRPs-agentic-eng	2026-07-24T00:00:00Z	0	code-review	figma-visual-first-track-phase-2-prd-authoring	1	R-X	1	blocking	0	-
PRPs-agentic-eng	2026-07-25T02:56:48Z	0	code-review	figma-visual-first-track-phase-2-prd-authoring	2	R-COH-CALLER-DRIFT	1	blocking	0	-
PRPs-agentic-eng	2026-07-25T02:56:48Z	0	code-review	figma-visual-first-track-phase-2-prd-authoring	2	R-COH-CONFIG-DANGLING	1	blocking	0	-
PRPs-agentic-eng	2026-07-25T02:56:48Z	0	code-review	figma-visual-first-track-phase-2-prd-authoring	2	R-COH-DEAD-IMPORT	1	blocking	0	-
PRPs-agentic-eng	2026-07-25T02:56:48Z	0	code-review	figma-visual-first-track-phase-2-prd-authoring	2	R-COH-REGISTRY-MISSING	1	blocking	0	-
PRPs-agentic-eng	2026-07-25T02:56:48Z	0	code-review	figma-visual-first-track-phase-2-prd-authoring	2	R-COH-TASK-CONTRADICTION	1	blocking	0	-
PRPs-agentic-eng	2026-07-25T02:56:48Z	0	code-review	figma-visual-first-track-phase-2-prd-authoring	2	R-L1	1	blocking	0	-
PRPs-agentic-eng	2026-07-25T02:56:48Z	0	code-review	figma-visual-first-track-phase-2-prd-authoring	2	R-L2	1	blocking	0	-
PRPs-agentic-eng	2026-07-25T02:56:48Z	0	code-review	figma-visual-first-track-phase-2-prd-authoring	2	R-L3	1	blocking	0	-
PRPs-agentic-eng	2026-07-25T02:56:48Z	0	code-review	figma-visual-first-track-phase-2-prd-authoring	2	R-S1	1	blocking	0	-
PRPs-agentic-eng	2026-07-25T02:56:48Z	0	code-review	figma-visual-first-track-phase-2-prd-authoring	2	R-S2	1	blocking	0	-
PRPs-agentic-eng	2026-07-25T02:56:48Z	0	code-review	figma-visual-first-track-phase-2-prd-authoring	2	R-S3	1	blocking	0	-
PRPs-agentic-eng	2026-07-25T02:56:48Z	0	code-review	figma-visual-first-track-phase-2-prd-authoring	2	R-SEM	1	blocking	0	-
PRPs-agentic-eng	2026-07-25T02:56:48Z	0	code-review	figma-visual-first-track-phase-2-prd-authoring	2	R-X	1	blocking	0	-
PRPs-agentic-eng	2026-07-25T15:17:47Z	0	code-review	figma-visual-first-track-phase-3-plan-visual	1	R-COH-CALLER-DRIFT	1	blocking	0	-
PRPs-agentic-eng	2026-07-25T15:17:47Z	0	code-review	figma-visual-first-track-phase-3-plan-visual	1	R-COH-CONFIG-DANGLING	1	blocking	0	-
PRPs-agentic-eng	2026-07-25T15:17:47Z	0	code-review	figma-visual-first-track-phase-3-plan-visual	1	R-COH-DEAD-IMPORT	1	blocking	0	-
PRPs-agentic-eng	2026-07-25T15:17:47Z	0	code-review	figma-visual-first-track-phase-3-plan-visual	1	R-COH-REGISTRY-MISSING	1	blocking	0	-
PRPs-agentic-eng	2026-07-25T15:17:47Z	0	code-review	figma-visual-first-track-phase-3-plan-visual	1	R-COH-SEMANTIC-DEGRADED	1	blocking	0	-
PRPs-agentic-eng	2026-07-25T15:17:47Z	0	code-review	figma-visual-first-track-phase-3-plan-visual	1	R-L1	1	blocking	0	-
PRPs-agentic-eng	2026-07-25T15:17:47Z	0	code-review	figma-visual-first-track-phase-3-plan-visual	1	R-L2	1	blocking	0	-
PRPs-agentic-eng	2026-07-25T15:17:47Z	0	code-review	figma-visual-first-track-phase-3-plan-visual	1	R-L3	1	blocking	0	-
PRPs-agentic-eng	2026-07-25T15:17:47Z	0	code-review	figma-visual-first-track-phase-3-plan-visual	1	R-S1	1	blocking	0	-
PRPs-agentic-eng	2026-07-25T15:17:47Z	0	code-review	figma-visual-first-track-phase-3-plan-visual	1	R-S2	1	blocking	0	-
PRPs-agentic-eng	2026-07-25T15:17:47Z	0	code-review	figma-visual-first-track-phase-3-plan-visual	1	R-S3	1	blocking	0	-
PRPs-agentic-eng	2026-07-25T15:17:47Z	0	code-review	figma-visual-first-track-phase-3-plan-visual	1	R-SEM	1	blocking	0	-
PRPs-agentic-eng	2026-07-25T15:17:47Z	0	code-review	figma-visual-first-track-phase-3-plan-visual	1	R-X	1	blocking	0	-
PRPs-agentic-eng	2026-07-26T02:32:50Z	0	code-review	figma-visual-first-track-phase-4-plan-logic-ledger	1	R-COH-CALLER-DRIFT	1	blocking	0	-
PRPs-agentic-eng	2026-07-26T02:32:50Z	0	code-review	figma-visual-first-track-phase-4-plan-logic-ledger	1	R-COH-CONFIG-DANGLING	1	blocking	0	-
PRPs-agentic-eng	2026-07-26T02:32:50Z	0	code-review	figma-visual-first-track-phase-4-plan-logic-ledger	1	R-COH-DEAD-IMPORT	1	blocking	0	-
PRPs-agentic-eng	2026-07-26T02:32:50Z	0	code-review	figma-visual-first-track-phase-4-plan-logic-ledger	1	R-COH-REGISTRY-MISSING	1	blocking	0	-
PRPs-agentic-eng	2026-07-26T02:32:50Z	0	code-review	figma-visual-first-track-phase-4-plan-logic-ledger	1	R-COH-SEMANTIC-DEGRADED	1	blocking	0	-
PRPs-agentic-eng	2026-07-26T02:32:50Z	0	code-review	figma-visual-first-track-phase-4-plan-logic-ledger	1	R-L1	1	blocking	0	-
PRPs-agentic-eng	2026-07-26T02:32:50Z	0	code-review	figma-visual-first-track-phase-4-plan-logic-ledger	1	R-L2	1	blocking	0	-
PRPs-agentic-eng	2026-07-26T02:32:50Z	0	code-review	figma-visual-first-track-phase-4-plan-logic-ledger	1	R-L3	1	blocking	0	-
PRPs-agentic-eng	2026-07-26T02:32:50Z	0	code-review	figma-visual-first-track-phase-4-plan-logic-ledger	1	R-S1	1	blocking	0	-
PRPs-agentic-eng	2026-07-26T02:32:50Z	0	code-review	figma-visual-first-track-phase-4-plan-logic-ledger	1	R-S2	1	blocking	0	-
PRPs-agentic-eng	2026-07-26T02:32:50Z	0	code-review	figma-visual-first-track-phase-4-plan-logic-ledger	1	R-S3	1	blocking	0	-
PRPs-agentic-eng	2026-07-26T02:32:50Z	0	code-review	figma-visual-first-track-phase-4-plan-logic-ledger	1	R-SEM	1	blocking	0	-
PRPs-agentic-eng	2026-07-26T02:32:50Z	0	code-review	figma-visual-first-track-phase-4-plan-logic-ledger	1	R-X	1	blocking	0	-
PRPs-agentic-eng	2026-07-26T03:16:00Z	0	code-review	figma-visual-first-track-phase-4-plan-logic-ledger	2	R-COH-CALLER-DRIFT	1	blocking	0	-
PRPs-agentic-eng	2026-07-26T03:16:00Z	0	code-review	figma-visual-first-track-phase-4-plan-logic-ledger	2	R-COH-CONFIG-DANGLING	1	blocking	0	-
PRPs-agentic-eng	2026-07-26T03:16:00Z	0	code-review	figma-visual-first-track-phase-4-plan-logic-ledger	2	R-COH-DEAD-IMPORT	1	blocking	0	-
PRPs-agentic-eng	2026-07-26T03:16:00Z	0	code-review	figma-visual-first-track-phase-4-plan-logic-ledger	2	R-COH-REGISTRY-MISSING	1	blocking	0	-
PRPs-agentic-eng	2026-07-26T03:16:00Z	0	code-review	figma-visual-first-track-phase-4-plan-logic-ledger	2	R-COH-TASK-CONTRADICTION	1	blocking	0	-
PRPs-agentic-eng	2026-07-26T03:16:00Z	0	code-review	figma-visual-first-track-phase-4-plan-logic-ledger	2	R-L1	1	blocking	0	-
PRPs-agentic-eng	2026-07-26T03:16:00Z	0	code-review	figma-visual-first-track-phase-4-plan-logic-ledger	2	R-L2	1	blocking	0	-
PRPs-agentic-eng	2026-07-26T03:16:00Z	0	code-review	figma-visual-first-track-phase-4-plan-logic-ledger	2	R-L3	1	blocking	0	-
PRPs-agentic-eng	2026-07-26T03:16:00Z	0	code-review	figma-visual-first-track-phase-4-plan-logic-ledger	2	R-S1	1	blocking	0	-
PRPs-agentic-eng	2026-07-26T03:16:00Z	0	code-review	figma-visual-first-track-phase-4-plan-logic-ledger	2	R-S2	1	blocking	0	-
PRPs-agentic-eng	2026-07-26T03:16:00Z	0	code-review	figma-visual-first-track-phase-4-plan-logic-ledger	2	R-S3	1	blocking	0	-
PRPs-agentic-eng	2026-07-26T03:16:00Z	0	code-review	figma-visual-first-track-phase-4-plan-logic-ledger	2	R-SEM	1	blocking	0	-
PRPs-agentic-eng	2026-07-26T03:16:00Z	0	code-review	figma-visual-first-track-phase-4-plan-logic-ledger	2	R-X	1	blocking	0	-
PRPs-agentic-eng	2026-07-27T12:25:28Z	0	code-review	figma-visual-first-track-phase-5-implement-time-gate	1	arbitration	-	blocking	0	-
PRPs-agentic-eng	2026-07-27T14:35:00Z	0	code-review	figma-visual-first-track-phase-5-implement-time-gate	2	R-COH-CALLER-DRIFT	1	blocking	0	-
PRPs-agentic-eng	2026-07-27T14:35:00Z	0	code-review	figma-visual-first-track-phase-5-implement-time-gate	2	R-COH-CONFIG-DANGLING	1	blocking	0	-
PRPs-agentic-eng	2026-07-27T14:35:00Z	0	code-review	figma-visual-first-track-phase-5-implement-time-gate	2	R-COH-DEAD-IMPORT	1	blocking	0	-
PRPs-agentic-eng	2026-07-27T14:35:00Z	0	code-review	figma-visual-first-track-phase-5-implement-time-gate	2	R-COH-OTHER-INTERNAL-CONTRADICTION	0	blocking	0	-
PRPs-agentic-eng	2026-07-27T14:35:00Z	0	code-review	figma-visual-first-track-phase-5-implement-time-gate	2	R-COH-REGISTRY-MISSING	1	blocking	0	-
PRPs-agentic-eng	2026-07-27T14:35:00Z	0	code-review	figma-visual-first-track-phase-5-implement-time-gate	2	R-COH-TASK-CONTRADICTION	1	blocking	0	-
PRPs-agentic-eng	2026-07-27T14:35:00Z	0	code-review	figma-visual-first-track-phase-5-implement-time-gate	2	R-L1	1	blocking	0	-
PRPs-agentic-eng	2026-07-27T14:35:00Z	0	code-review	figma-visual-first-track-phase-5-implement-time-gate	2	R-L2	1	blocking	0	-
PRPs-agentic-eng	2026-07-27T14:35:00Z	0	code-review	figma-visual-first-track-phase-5-implement-time-gate	2	R-L3	1	blocking	0	-
PRPs-agentic-eng	2026-07-27T14:35:00Z	0	code-review	figma-visual-first-track-phase-5-implement-time-gate	2	R-S1	1	blocking	0	-
PRPs-agentic-eng	2026-07-27T14:35:00Z	0	code-review	figma-visual-first-track-phase-5-implement-time-gate	2	R-S2	1	blocking	0	-
PRPs-agentic-eng	2026-07-27T14:35:00Z	0	code-review	figma-visual-first-track-phase-5-implement-time-gate	2	R-S3	1	blocking	0	-
PRPs-agentic-eng	2026-07-27T14:35:00Z	0	code-review	figma-visual-first-track-phase-5-implement-time-gate	2	R-SEM	1	blocking	0	-
PRPs-agentic-eng	2026-07-27T14:35:00Z	0	code-review	figma-visual-first-track-phase-5-implement-time-gate	2	R-X	1	blocking	0	-
PRPs-agentic-eng	2026-07-27T16:10:00Z	0	code-review	figma-visual-first-track-phase-5-implement-time-gate	3	R-COH-CALLER-DRIFT	1	blocking	0	-
PRPs-agentic-eng	2026-07-27T16:10:00Z	0	code-review	figma-visual-first-track-phase-5-implement-time-gate	3	R-COH-CONFIG-DANGLING	1	blocking	0	-
PRPs-agentic-eng	2026-07-27T16:10:00Z	0	code-review	figma-visual-first-track-phase-5-implement-time-gate	3	R-COH-DEAD-IMPORT	1	blocking	0	-
PRPs-agentic-eng	2026-07-27T16:10:00Z	0	code-review	figma-visual-first-track-phase-5-implement-time-gate	3	R-COH-REGISTRY-MISSING	1	blocking	0	-
PRPs-agentic-eng	2026-07-27T16:10:00Z	0	code-review	figma-visual-first-track-phase-5-implement-time-gate	3	R-COH-TASK-CONTRADICTION	1	blocking	0	-
PRPs-agentic-eng	2026-07-27T16:10:00Z	0	code-review	figma-visual-first-track-phase-5-implement-time-gate	3	R-L1	1	blocking	0	-
PRPs-agentic-eng	2026-07-27T16:10:00Z	0	code-review	figma-visual-first-track-phase-5-implement-time-gate	3	R-L2	1	blocking	0	-
PRPs-agentic-eng	2026-07-27T16:10:00Z	0	code-review	figma-visual-first-track-phase-5-implement-time-gate	3	R-L3	1	blocking	0	-
PRPs-agentic-eng	2026-07-27T16:10:00Z	0	code-review	figma-visual-first-track-phase-5-implement-time-gate	3	R-S1	1	blocking	0	-
PRPs-agentic-eng	2026-07-27T16:10:00Z	0	code-review	figma-visual-first-track-phase-5-implement-time-gate	3	R-S2	1	blocking	0	-
PRPs-agentic-eng	2026-07-27T16:10:00Z	0	code-review	figma-visual-first-track-phase-5-implement-time-gate	3	R-S3	1	blocking	0	-
PRPs-agentic-eng	2026-07-27T16:10:00Z	0	code-review	figma-visual-first-track-phase-5-implement-time-gate	3	R-SEM	1	blocking	0	-
PRPs-agentic-eng	2026-07-27T16:10:00Z	0	code-review	figma-visual-first-track-phase-5-implement-time-gate	3	R-X	1	blocking	0	-
PRPs-agentic-eng	2026-07-27T00:00:00Z	0	code-review	figma-visual-first-track-phase-6-orchestrator-wiring	1	R-COH-CALLER-DRIFT	1	blocking	0	-
PRPs-agentic-eng	2026-07-27T00:00:00Z	0	code-review	figma-visual-first-track-phase-6-orchestrator-wiring	1	R-COH-CONFIG-DANGLING	1	blocking	0	-
PRPs-agentic-eng	2026-07-27T00:00:00Z	0	code-review	figma-visual-first-track-phase-6-orchestrator-wiring	1	R-COH-DEAD-IMPORT	1	blocking	0	-
PRPs-agentic-eng	2026-07-27T00:00:00Z	0	code-review	figma-visual-first-track-phase-6-orchestrator-wiring	1	R-COH-OTHER-INTERNAL-CONTRADICTION	1	blocking	0	-
PRPs-agentic-eng	2026-07-27T00:00:00Z	0	code-review	figma-visual-first-track-phase-6-orchestrator-wiring	1	R-COH-OTHER-INTERNAL-CONTRADICTION	1	blocking	0	-
PRPs-agentic-eng	2026-07-27T00:00:00Z	0	code-review	figma-visual-first-track-phase-6-orchestrator-wiring	1	R-COH-REGISTRY-MISSING	1	blocking	0	-
PRPs-agentic-eng	2026-07-27T00:00:00Z	0	code-review	figma-visual-first-track-phase-6-orchestrator-wiring	1	R-COH-TASK-CONTRADICTION	1	blocking	0	-
PRPs-agentic-eng	2026-07-27T00:00:00Z	0	code-review	figma-visual-first-track-phase-6-orchestrator-wiring	1	R-L1	1	blocking	0	-
PRPs-agentic-eng	2026-07-27T00:00:00Z	0	code-review	figma-visual-first-track-phase-6-orchestrator-wiring	1	R-L2	1	blocking	0	-
PRPs-agentic-eng	2026-07-27T00:00:00Z	0	code-review	figma-visual-first-track-phase-6-orchestrator-wiring	1	R-L3	1	blocking	0	-
PRPs-agentic-eng	2026-07-27T00:00:00Z	0	code-review	figma-visual-first-track-phase-6-orchestrator-wiring	1	R-S1	1	blocking	0	-
PRPs-agentic-eng	2026-07-27T00:00:00Z	0	code-review	figma-visual-first-track-phase-6-orchestrator-wiring	1	R-S2	1	blocking	0	-
PRPs-agentic-eng	2026-07-27T00:00:00Z	0	code-review	figma-visual-first-track-phase-6-orchestrator-wiring	1	R-S3	1	blocking	0	-
PRPs-agentic-eng	2026-07-27T00:00:00Z	0	code-review	figma-visual-first-track-phase-6-orchestrator-wiring	1	R-SEM	1	blocking	0	-
PRPs-agentic-eng	2026-07-27T00:00:00Z	0	code-review	figma-visual-first-track-phase-6-orchestrator-wiring	1	R-X	1	blocking	0	-
PRPs-agentic-eng	2026-07-27T23:28:15Z	0	code-review	figma-visual-first-track-phase-7-surface-integration-dogfood	1	R-COH-CALLER-DRIFT	1	blocking	0	-
PRPs-agentic-eng	2026-07-27T23:28:15Z	0	code-review	figma-visual-first-track-phase-7-surface-integration-dogfood	1	R-COH-CONFIG-DANGLING	1	blocking	0	-
PRPs-agentic-eng	2026-07-27T23:28:15Z	0	code-review	figma-visual-first-track-phase-7-surface-integration-dogfood	1	R-COH-DEAD-IMPORT	1	blocking	0	-
PRPs-agentic-eng	2026-07-27T23:28:15Z	0	code-review	figma-visual-first-track-phase-7-surface-integration-dogfood	1	R-COH-OTHER-INTERNAL-CONTRADICTION	1	blocking	0	-
PRPs-agentic-eng	2026-07-27T23:28:15Z	0	code-review	figma-visual-first-track-phase-7-surface-integration-dogfood	1	R-COH-OTHER-INTERNAL-CONTRADICTION	1	blocking	0	-
PRPs-agentic-eng	2026-07-27T23:28:15Z	0	code-review	figma-visual-first-track-phase-7-surface-integration-dogfood	1	R-COH-REGISTRY-MISSING	1	blocking	0	-
PRPs-agentic-eng	2026-07-27T23:28:15Z	0	code-review	figma-visual-first-track-phase-7-surface-integration-dogfood	1	R-COH-TASK-CONTRADICTION	1	blocking	0	-
PRPs-agentic-eng	2026-07-27T23:28:15Z	0	code-review	figma-visual-first-track-phase-7-surface-integration-dogfood	1	R-L1	1	blocking	0	-
PRPs-agentic-eng	2026-07-27T23:28:15Z	0	code-review	figma-visual-first-track-phase-7-surface-integration-dogfood	1	R-L2	1	blocking	0	-
PRPs-agentic-eng	2026-07-27T23:28:15Z	0	code-review	figma-visual-first-track-phase-7-surface-integration-dogfood	1	R-L3	1	blocking	0	-
PRPs-agentic-eng	2026-07-27T23:28:15Z	0	code-review	figma-visual-first-track-phase-7-surface-integration-dogfood	1	R-S1	1	blocking	0	-
PRPs-agentic-eng	2026-07-27T23:28:15Z	0	code-review	figma-visual-first-track-phase-7-surface-integration-dogfood	1	R-S2	1	blocking	0	-
PRPs-agentic-eng	2026-07-27T23:28:15Z	0	code-review	figma-visual-first-track-phase-7-surface-integration-dogfood	1	R-S3	1	blocking	0	-
PRPs-agentic-eng	2026-07-27T23:28:15Z	0	code-review	figma-visual-first-track-phase-7-surface-integration-dogfood	1	R-SEM	1	blocking	0	-
PRPs-agentic-eng	2026-07-27T23:28:15Z	0	code-review	figma-visual-first-track-phase-7-surface-integration-dogfood	1	R-X	1	blocking	0	-
PRPs-agentic-eng	2026-07-31T17:36:42Z	0	code-review	fix-degenerate-t000000-timestamps-in-relay-reviewer-jsonl	1	R-COH-CALLER-DRIFT	1	blocking	0	-
PRPs-agentic-eng	2026-07-31T17:36:42Z	0	code-review	fix-degenerate-t000000-timestamps-in-relay-reviewer-jsonl	1	R-COH-CONFIG-DANGLING	1	blocking	0	-
PRPs-agentic-eng	2026-07-31T17:36:42Z	0	code-review	fix-degenerate-t000000-timestamps-in-relay-reviewer-jsonl	1	R-COH-DEAD-IMPORT	1	blocking	0	-
PRPs-agentic-eng	2026-07-31T17:36:42Z	0	code-review	fix-degenerate-t000000-timestamps-in-relay-reviewer-jsonl	1	R-COH-REGISTRY-MISSING	1	blocking	0	-
PRPs-agentic-eng	2026-07-31T17:36:42Z	0	code-review	fix-degenerate-t000000-timestamps-in-relay-reviewer-jsonl	1	R-COH-TASK-CONTRADICTION	1	blocking	0	-
PRPs-agentic-eng	2026-07-31T17:36:42Z	0	code-review	fix-degenerate-t000000-timestamps-in-relay-reviewer-jsonl	1	R-L1	1	blocking	0	-
PRPs-agentic-eng	2026-07-31T17:36:42Z	0	code-review	fix-degenerate-t000000-timestamps-in-relay-reviewer-jsonl	1	R-L2	1	blocking	0	-
PRPs-agentic-eng	2026-07-31T17:36:42Z	0	code-review	fix-degenerate-t000000-timestamps-in-relay-reviewer-jsonl	1	R-L3	1	blocking	0	-
PRPs-agentic-eng	2026-07-31T17:36:42Z	0	code-review	fix-degenerate-t000000-timestamps-in-relay-reviewer-jsonl	1	R-S1	1	blocking	0	-
PRPs-agentic-eng	2026-07-31T17:36:42Z	0	code-review	fix-degenerate-t000000-timestamps-in-relay-reviewer-jsonl	1	R-S2	1	blocking	0	-
PRPs-agentic-eng	2026-07-31T17:36:42Z	0	code-review	fix-degenerate-t000000-timestamps-in-relay-reviewer-jsonl	1	R-S3	1	blocking	0	-
PRPs-agentic-eng	2026-07-31T17:36:42Z	0	code-review	fix-degenerate-t000000-timestamps-in-relay-reviewer-jsonl	1	R-SEM	1	blocking	0	-
PRPs-agentic-eng	2026-07-31T17:36:42Z	0	code-review	fix-degenerate-t000000-timestamps-in-relay-reviewer-jsonl	1	R-X	1	blocking	0	-
PRPs-agentic-eng	2026-07-24T02:35:56Z	0	code-review	fix-design-system-config-producer	1	R-COH-CALLER-DRIFT	1	blocking	0	-
PRPs-agentic-eng	2026-07-24T02:35:56Z	0	code-review	fix-design-system-config-producer	1	R-COH-CONFIG-DANGLING	1	blocking	0	-
PRPs-agentic-eng	2026-07-24T02:35:56Z	0	code-review	fix-design-system-config-producer	1	R-COH-DEAD-IMPORT	1	blocking	0	-
PRPs-agentic-eng	2026-07-24T02:35:56Z	0	code-review	fix-design-system-config-producer	1	R-COH-REGISTRY-MISSING	1	blocking	0	-
PRPs-agentic-eng	2026-07-24T02:35:56Z	0	code-review	fix-design-system-config-producer	1	R-COH-SEMANTIC-DEGRADED	1	blocking	0	-
PRPs-agentic-eng	2026-07-24T02:35:56Z	0	code-review	fix-design-system-config-producer	1	R-L1	1	blocking	0	-
PRPs-agentic-eng	2026-07-24T02:35:56Z	0	code-review	fix-design-system-config-producer	1	R-L2	1	blocking	0	-
PRPs-agentic-eng	2026-07-24T02:35:56Z	0	code-review	fix-design-system-config-producer	1	R-L3	1	blocking	0	-
PRPs-agentic-eng	2026-07-24T02:35:56Z	0	code-review	fix-design-system-config-producer	1	R-S1	1	blocking	0	-
PRPs-agentic-eng	2026-07-24T02:35:56Z	0	code-review	fix-design-system-config-producer	1	R-S2	1	blocking	0	-
PRPs-agentic-eng	2026-07-24T02:35:56Z	0	code-review	fix-design-system-config-producer	1	R-S3	1	blocking	0	-
PRPs-agentic-eng	2026-07-24T02:35:56Z	0	code-review	fix-design-system-config-producer	1	R-SEM	1	blocking	0	-
PRPs-agentic-eng	2026-07-24T02:35:56Z	0	code-review	fix-design-system-config-producer	1	R-X	1	blocking	0	-
PRPs-agentic-eng	2026-07-15T00:00:00Z	0	code-review	implement-phase-docs-sync-phase-1-agent-capability-config-surface	1	R-COH-CALLER-DRIFT	1	blocking	0	-
PRPs-agentic-eng	2026-07-15T00:00:00Z	0	code-review	implement-phase-docs-sync-phase-1-agent-capability-config-surface	1	R-COH-CONFIG-DANGLING	1	blocking	0	-
PRPs-agentic-eng	2026-07-15T00:00:00Z	0	code-review	implement-phase-docs-sync-phase-1-agent-capability-config-surface	1	R-COH-DEAD-IMPORT	1	blocking	0	-
PRPs-agentic-eng	2026-07-15T00:00:00Z	0	code-review	implement-phase-docs-sync-phase-1-agent-capability-config-surface	1	R-COH-OTHER-INTERNAL-CONTRADICTION	0	blocking	0	-
PRPs-agentic-eng	2026-07-15T00:00:00Z	0	code-review	implement-phase-docs-sync-phase-1-agent-capability-config-surface	1	R-COH-OTHER-INTERNAL-CONTRADICTION	0	blocking	0	-
PRPs-agentic-eng	2026-07-15T00:00:00Z	0	code-review	implement-phase-docs-sync-phase-1-agent-capability-config-surface	1	R-COH-REGISTRY-MISSING	1	blocking	0	-
PRPs-agentic-eng	2026-07-15T00:00:00Z	0	code-review	implement-phase-docs-sync-phase-1-agent-capability-config-surface	1	R-COH-TASK-CONTRADICTION	1	blocking	0	-
PRPs-agentic-eng	2026-07-15T00:00:00Z	0	code-review	implement-phase-docs-sync-phase-1-agent-capability-config-surface	1	R-L1	1	blocking	0	-
PRPs-agentic-eng	2026-07-15T00:00:00Z	0	code-review	implement-phase-docs-sync-phase-1-agent-capability-config-surface	1	R-L2	1	blocking	0	-
PRPs-agentic-eng	2026-07-15T00:00:00Z	0	code-review	implement-phase-docs-sync-phase-1-agent-capability-config-surface	1	R-L3	1	blocking	0	-
PRPs-agentic-eng	2026-07-15T00:00:00Z	0	code-review	implement-phase-docs-sync-phase-1-agent-capability-config-surface	1	R-S1	1	blocking	0	-
PRPs-agentic-eng	2026-07-15T00:00:00Z	0	code-review	implement-phase-docs-sync-phase-1-agent-capability-config-surface	1	R-S2	1	blocking	0	-
PRPs-agentic-eng	2026-07-15T00:00:00Z	0	code-review	implement-phase-docs-sync-phase-1-agent-capability-config-surface	1	R-S3	1	blocking	0	-
PRPs-agentic-eng	2026-07-15T00:00:00Z	0	code-review	implement-phase-docs-sync-phase-1-agent-capability-config-surface	1	R-SEM	1	blocking	0	-
PRPs-agentic-eng	2026-07-15T00:00:00Z	0	code-review	implement-phase-docs-sync-phase-1-agent-capability-config-surface	1	R-X	1	blocking	0	-
PRPs-agentic-eng	2026-07-15T15:41:15Z	0	code-review	implement-phase-docs-sync-phase-1-agent-capability-config-surface	2	R-COH-CALLER-DRIFT	1	blocking	0	-
PRPs-agentic-eng	2026-07-15T15:41:15Z	0	code-review	implement-phase-docs-sync-phase-1-agent-capability-config-surface	2	R-COH-CONFIG-DANGLING	1	blocking	0	-
PRPs-agentic-eng	2026-07-15T15:41:15Z	0	code-review	implement-phase-docs-sync-phase-1-agent-capability-config-surface	2	R-COH-DEAD-IMPORT	1	blocking	0	-
PRPs-agentic-eng	2026-07-15T15:41:15Z	0	code-review	implement-phase-docs-sync-phase-1-agent-capability-config-surface	2	R-COH-REGISTRY-MISSING	1	blocking	0	-
PRPs-agentic-eng	2026-07-15T15:41:15Z	0	code-review	implement-phase-docs-sync-phase-1-agent-capability-config-surface	2	R-COH-TASK-CONTRADICTION	1	blocking	0	-
PRPs-agentic-eng	2026-07-15T15:41:15Z	0	code-review	implement-phase-docs-sync-phase-1-agent-capability-config-surface	2	R-L1	1	blocking	0	-
PRPs-agentic-eng	2026-07-15T15:41:15Z	0	code-review	implement-phase-docs-sync-phase-1-agent-capability-config-surface	2	R-L2	1	blocking	0	-
PRPs-agentic-eng	2026-07-15T15:41:15Z	0	code-review	implement-phase-docs-sync-phase-1-agent-capability-config-surface	2	R-L3	1	blocking	0	-
PRPs-agentic-eng	2026-07-15T15:41:15Z	0	code-review	implement-phase-docs-sync-phase-1-agent-capability-config-surface	2	R-S1	1	blocking	0	-
PRPs-agentic-eng	2026-07-15T15:41:15Z	0	code-review	implement-phase-docs-sync-phase-1-agent-capability-config-surface	2	R-S2	1	blocking	0	-
PRPs-agentic-eng	2026-07-15T15:41:15Z	0	code-review	implement-phase-docs-sync-phase-1-agent-capability-config-surface	2	R-S3	1	blocking	0	-
PRPs-agentic-eng	2026-07-15T15:41:15Z	0	code-review	implement-phase-docs-sync-phase-1-agent-capability-config-surface	2	R-SEM	1	blocking	0	-
PRPs-agentic-eng	2026-07-15T15:41:15Z	0	code-review	implement-phase-docs-sync-phase-1-agent-capability-config-surface	2	R-X	1	blocking	0	-
PRPs-agentic-eng	2026-07-16T02:12:59Z	0	code-review	implement-phase-docs-sync-phase-2-relay-implement-dispatch	1	R-COH-CALLER-DRIFT	1	blocking	0	-
PRPs-agentic-eng	2026-07-16T02:12:59Z	0	code-review	implement-phase-docs-sync-phase-2-relay-implement-dispatch	1	R-COH-COMMENT-MISMATCH	0	blocking	0	-
PRPs-agentic-eng	2026-07-16T02:12:59Z	0	code-review	implement-phase-docs-sync-phase-2-relay-implement-dispatch	1	R-COH-CONFIG-DANGLING	1	blocking	0	-
PRPs-agentic-eng	2026-07-16T02:12:59Z	0	code-review	implement-phase-docs-sync-phase-2-relay-implement-dispatch	1	R-COH-DEAD-IMPORT	1	blocking	0	-
PRPs-agentic-eng	2026-07-16T02:12:59Z	0	code-review	implement-phase-docs-sync-phase-2-relay-implement-dispatch	1	R-COH-OTHER-INTERNAL-CONTRADICTION	0	blocking	0	-
PRPs-agentic-eng	2026-07-16T02:12:59Z	0	code-review	implement-phase-docs-sync-phase-2-relay-implement-dispatch	1	R-COH-REGISTRY-MISSING	1	blocking	0	-
PRPs-agentic-eng	2026-07-16T02:12:59Z	0	code-review	implement-phase-docs-sync-phase-2-relay-implement-dispatch	1	R-COH-TASK-CONTRADICTION	1	blocking	0	-
PRPs-agentic-eng	2026-07-16T02:12:59Z	0	code-review	implement-phase-docs-sync-phase-2-relay-implement-dispatch	1	R-L1	1	blocking	0	-
PRPs-agentic-eng	2026-07-16T02:12:59Z	0	code-review	implement-phase-docs-sync-phase-2-relay-implement-dispatch	1	R-L2	1	blocking	0	-
PRPs-agentic-eng	2026-07-16T02:12:59Z	0	code-review	implement-phase-docs-sync-phase-2-relay-implement-dispatch	1	R-L3	1	blocking	0	-
PRPs-agentic-eng	2026-07-16T02:12:59Z	0	code-review	implement-phase-docs-sync-phase-2-relay-implement-dispatch	1	R-S1	1	blocking	0	-
PRPs-agentic-eng	2026-07-16T02:12:59Z	0	code-review	implement-phase-docs-sync-phase-2-relay-implement-dispatch	1	R-S2	1	blocking	0	-
PRPs-agentic-eng	2026-07-16T02:12:59Z	0	code-review	implement-phase-docs-sync-phase-2-relay-implement-dispatch	1	R-S3	1	blocking	0	-
PRPs-agentic-eng	2026-07-16T02:12:59Z	0	code-review	implement-phase-docs-sync-phase-2-relay-implement-dispatch	1	R-SEM	0	blocking	0	-
PRPs-agentic-eng	2026-07-16T02:12:59Z	0	code-review	implement-phase-docs-sync-phase-2-relay-implement-dispatch	1	R-X	1	blocking	0	-
PRPs-agentic-eng	2026-07-16T03:47:00Z	0	code-review	implement-phase-docs-sync-phase-2-relay-implement-dispatch	2	R-COH-CALLER-DRIFT	1	blocking	0	-
PRPs-agentic-eng	2026-07-16T03:47:00Z	0	code-review	implement-phase-docs-sync-phase-2-relay-implement-dispatch	2	R-COH-CONFIG-DANGLING	1	blocking	0	-
PRPs-agentic-eng	2026-07-16T03:47:00Z	0	code-review	implement-phase-docs-sync-phase-2-relay-implement-dispatch	2	R-COH-DEAD-IMPORT	1	blocking	0	-
PRPs-agentic-eng	2026-07-16T03:47:00Z	0	code-review	implement-phase-docs-sync-phase-2-relay-implement-dispatch	2	R-COH-REGISTRY-MISSING	1	blocking	0	-
PRPs-agentic-eng	2026-07-16T03:47:00Z	0	code-review	implement-phase-docs-sync-phase-2-relay-implement-dispatch	2	R-COH-TASK-CONTRADICTION	1	blocking	0	-
PRPs-agentic-eng	2026-07-16T03:47:00Z	0	code-review	implement-phase-docs-sync-phase-2-relay-implement-dispatch	2	R-L1	1	blocking	0	-
PRPs-agentic-eng	2026-07-16T03:47:00Z	0	code-review	implement-phase-docs-sync-phase-2-relay-implement-dispatch	2	R-L2	1	blocking	0	-
PRPs-agentic-eng	2026-07-16T03:47:00Z	0	code-review	implement-phase-docs-sync-phase-2-relay-implement-dispatch	2	R-L3	1	blocking	0	-
PRPs-agentic-eng	2026-07-16T03:47:00Z	0	code-review	implement-phase-docs-sync-phase-2-relay-implement-dispatch	2	R-S1	1	blocking	0	-
PRPs-agentic-eng	2026-07-16T03:47:00Z	0	code-review	implement-phase-docs-sync-phase-2-relay-implement-dispatch	2	R-S2	1	blocking	0	-
PRPs-agentic-eng	2026-07-16T03:47:00Z	0	code-review	implement-phase-docs-sync-phase-2-relay-implement-dispatch	2	R-S3	1	blocking	0	-
PRPs-agentic-eng	2026-07-16T03:47:00Z	0	code-review	implement-phase-docs-sync-phase-2-relay-implement-dispatch	2	R-SEM	1	blocking	0	-
PRPs-agentic-eng	2026-07-16T03:47:00Z	0	code-review	implement-phase-docs-sync-phase-2-relay-implement-dispatch	2	R-X	1	blocking	0	-
PRPs-agentic-eng	2026-07-16T18:55:43Z	0	code-review	implement-phase-docs-sync-phase-3-approve-as-safety-net	1	R-COH-CALLER-DRIFT	1	blocking	0	-
PRPs-agentic-eng	2026-07-16T18:55:43Z	0	code-review	implement-phase-docs-sync-phase-3-approve-as-safety-net	1	R-COH-CONFIG-DANGLING	1	blocking	0	-
PRPs-agentic-eng	2026-07-16T18:55:43Z	0	code-review	implement-phase-docs-sync-phase-3-approve-as-safety-net	1	R-COH-DEAD-IMPORT	1	blocking	0	-
PRPs-agentic-eng	2026-07-16T18:55:43Z	0	code-review	implement-phase-docs-sync-phase-3-approve-as-safety-net	1	R-COH-OTHER-INTERNAL-CONTRADICTION	1	blocking	0	-
PRPs-agentic-eng	2026-07-16T18:55:43Z	0	code-review	implement-phase-docs-sync-phase-3-approve-as-safety-net	1	R-COH-REGISTRY-MISSING	1	blocking	0	-
PRPs-agentic-eng	2026-07-16T18:55:43Z	0	code-review	implement-phase-docs-sync-phase-3-approve-as-safety-net	1	R-COH-TASK-CONTRADICTION	1	blocking	0	-
PRPs-agentic-eng	2026-07-16T18:55:43Z	0	code-review	implement-phase-docs-sync-phase-3-approve-as-safety-net	1	R-L1	1	blocking	0	-
PRPs-agentic-eng	2026-07-16T18:55:43Z	0	code-review	implement-phase-docs-sync-phase-3-approve-as-safety-net	1	R-L2	1	blocking	0	-
PRPs-agentic-eng	2026-07-16T18:55:43Z	0	code-review	implement-phase-docs-sync-phase-3-approve-as-safety-net	1	R-L3	1	blocking	0	-
PRPs-agentic-eng	2026-07-16T18:55:43Z	0	code-review	implement-phase-docs-sync-phase-3-approve-as-safety-net	1	R-S1	1	blocking	0	-
PRPs-agentic-eng	2026-07-16T18:55:43Z	0	code-review	implement-phase-docs-sync-phase-3-approve-as-safety-net	1	R-S2	1	blocking	0	-
PRPs-agentic-eng	2026-07-16T18:55:43Z	0	code-review	implement-phase-docs-sync-phase-3-approve-as-safety-net	1	R-S3	1	blocking	0	-
PRPs-agentic-eng	2026-07-16T18:55:43Z	0	code-review	implement-phase-docs-sync-phase-3-approve-as-safety-net	1	R-SEM	1	blocking	0	-
PRPs-agentic-eng	2026-07-16T18:55:43Z	0	code-review	implement-phase-docs-sync-phase-3-approve-as-safety-net	1	R-X	1	blocking	0	-
PRPs-agentic-eng	2026-07-16T19:05:00Z	0	code-review	implement-phase-docs-sync-phase-4-docs-site	1	R-COH-CALLER-DRIFT	1	blocking	0	-
PRPs-agentic-eng	2026-07-16T19:05:00Z	0	code-review	implement-phase-docs-sync-phase-4-docs-site	1	R-COH-CONFIG-DANGLING	1	blocking	0	-
PRPs-agentic-eng	2026-07-16T19:05:00Z	0	code-review	implement-phase-docs-sync-phase-4-docs-site	1	R-COH-DEAD-IMPORT	1	blocking	0	-
PRPs-agentic-eng	2026-07-16T19:05:00Z	0	code-review	implement-phase-docs-sync-phase-4-docs-site	1	R-COH-OTHER-INTERNAL-CONTRADICTION	0	blocking	0	-
PRPs-agentic-eng	2026-07-16T19:05:00Z	0	code-review	implement-phase-docs-sync-phase-4-docs-site	1	R-COH-OTHER-INTERNAL-CONTRADICTION	0	blocking	0	-
PRPs-agentic-eng	2026-07-16T19:05:00Z	0	code-review	implement-phase-docs-sync-phase-4-docs-site	1	R-COH-REGISTRY-MISSING	1	blocking	0	-
PRPs-agentic-eng	2026-07-16T19:05:00Z	0	code-review	implement-phase-docs-sync-phase-4-docs-site	1	R-COH-TASK-CONTRADICTION	1	blocking	0	-
PRPs-agentic-eng	2026-07-16T19:05:00Z	0	code-review	implement-phase-docs-sync-phase-4-docs-site	1	R-L1	1	blocking	0	-
PRPs-agentic-eng	2026-07-16T19:05:00Z	0	code-review	implement-phase-docs-sync-phase-4-docs-site	1	R-L2	1	blocking	0	-
PRPs-agentic-eng	2026-07-16T19:05:00Z	0	code-review	implement-phase-docs-sync-phase-4-docs-site	1	R-L3	1	blocking	0	-
PRPs-agentic-eng	2026-07-16T19:05:00Z	0	code-review	implement-phase-docs-sync-phase-4-docs-site	1	R-S1	1	blocking	0	-
PRPs-agentic-eng	2026-07-16T19:05:00Z	0	code-review	implement-phase-docs-sync-phase-4-docs-site	1	R-S2	1	blocking	0	-
PRPs-agentic-eng	2026-07-16T19:05:00Z	0	code-review	implement-phase-docs-sync-phase-4-docs-site	1	R-S3	1	blocking	0	-
PRPs-agentic-eng	2026-07-16T19:05:00Z	0	code-review	implement-phase-docs-sync-phase-4-docs-site	1	R-SEM	0	blocking	0	-
PRPs-agentic-eng	2026-07-16T19:05:00Z	0	code-review	implement-phase-docs-sync-phase-4-docs-site	1	R-X	1	blocking	0	-
PRPs-agentic-eng	2026-07-16T20:15:00Z	0	code-review	implement-phase-docs-sync-phase-4-docs-site	2	R-COH-CALLER-DRIFT	1	blocking	0	-
PRPs-agentic-eng	2026-07-16T20:15:00Z	0	code-review	implement-phase-docs-sync-phase-4-docs-site	2	R-COH-CONFIG-DANGLING	1	blocking	0	-
PRPs-agentic-eng	2026-07-16T20:15:00Z	0	code-review	implement-phase-docs-sync-phase-4-docs-site	2	R-COH-DEAD-IMPORT	1	blocking	0	-
PRPs-agentic-eng	2026-07-16T20:15:00Z	0	code-review	implement-phase-docs-sync-phase-4-docs-site	2	R-COH-REGISTRY-MISSING	1	blocking	0	-
PRPs-agentic-eng	2026-07-16T20:15:00Z	0	code-review	implement-phase-docs-sync-phase-4-docs-site	2	R-COH-TASK-CONTRADICTION	1	blocking	0	-
PRPs-agentic-eng	2026-07-16T20:15:00Z	0	code-review	implement-phase-docs-sync-phase-4-docs-site	2	R-L1	1	blocking	0	-
PRPs-agentic-eng	2026-07-16T20:15:00Z	0	code-review	implement-phase-docs-sync-phase-4-docs-site	2	R-L2	1	blocking	0	-
PRPs-agentic-eng	2026-07-16T20:15:00Z	0	code-review	implement-phase-docs-sync-phase-4-docs-site	2	R-L3	1	blocking	0	-
PRPs-agentic-eng	2026-07-16T20:15:00Z	0	code-review	implement-phase-docs-sync-phase-4-docs-site	2	R-S1	1	blocking	0	-
PRPs-agentic-eng	2026-07-16T20:15:00Z	0	code-review	implement-phase-docs-sync-phase-4-docs-site	2	R-S2	1	blocking	0	-
PRPs-agentic-eng	2026-07-16T20:15:00Z	0	code-review	implement-phase-docs-sync-phase-4-docs-site	2	R-S3	1	blocking	0	-
PRPs-agentic-eng	2026-07-16T20:15:00Z	0	code-review	implement-phase-docs-sync-phase-4-docs-site	2	R-SEM	1	blocking	0	-
PRPs-agentic-eng	2026-07-16T20:15:00Z	0	code-review	implement-phase-docs-sync-phase-4-docs-site	2	R-X	1	blocking	0	-
PRPs-agentic-eng	2026-07-28T17:04:40Z	0	code-review	make-the-silent-failure-paths-in	1	R-COH-CALLER-DRIFT	1	blocking	0	-
PRPs-agentic-eng	2026-07-28T17:04:40Z	0	code-review	make-the-silent-failure-paths-in	1	R-COH-CONFIG-DANGLING	1	blocking	0	-
PRPs-agentic-eng	2026-07-28T17:04:40Z	0	code-review	make-the-silent-failure-paths-in	1	R-COH-DEAD-IMPORT	1	blocking	0	-
PRPs-agentic-eng	2026-07-28T17:04:40Z	0	code-review	make-the-silent-failure-paths-in	1	R-COH-REGISTRY-MISSING	1	blocking	0	-
PRPs-agentic-eng	2026-07-28T17:04:40Z	0	code-review	make-the-silent-failure-paths-in	1	R-COH-TASK-CONTRADICTION	1	blocking	0	-
PRPs-agentic-eng	2026-07-28T17:04:40Z	0	code-review	make-the-silent-failure-paths-in	1	R-L1	1	blocking	0	-
PRPs-agentic-eng	2026-07-28T17:04:40Z	0	code-review	make-the-silent-failure-paths-in	1	R-L2	1	blocking	0	-
PRPs-agentic-eng	2026-07-28T17:04:40Z	0	code-review	make-the-silent-failure-paths-in	1	R-L3	1	blocking	0	-
PRPs-agentic-eng	2026-07-28T17:04:40Z	0	code-review	make-the-silent-failure-paths-in	1	R-S1	1	blocking	0	-
PRPs-agentic-eng	2026-07-28T17:04:40Z	0	code-review	make-the-silent-failure-paths-in	1	R-S2	1	blocking	0	-
PRPs-agentic-eng	2026-07-28T17:04:40Z	0	code-review	make-the-silent-failure-paths-in	1	R-S3	1	blocking	0	-
PRPs-agentic-eng	2026-07-28T17:04:40Z	0	code-review	make-the-silent-failure-paths-in	1	R-SEM	1	blocking	0	-
PRPs-agentic-eng	2026-07-28T17:04:40Z	0	code-review	make-the-silent-failure-paths-in	1	R-X	1	blocking	0	-
PRPs-agentic-eng	2026-07-29T00:00:00Z	0	code-review	move-relays-three-helper-scripts-into-the-plugin	1	R-COH-CALLER-DRIFT	1	blocking	0	-
PRPs-agentic-eng	2026-07-29T00:00:00Z	0	code-review	move-relays-three-helper-scripts-into-the-plugin	1	R-COH-CONFIG-DANGLING	1	blocking	0	-
PRPs-agentic-eng	2026-07-29T00:00:00Z	0	code-review	move-relays-three-helper-scripts-into-the-plugin	1	R-COH-DEAD-IMPORT	1	blocking	0	-
PRPs-agentic-eng	2026-07-29T00:00:00Z	0	code-review	move-relays-three-helper-scripts-into-the-plugin	1	R-COH-REGISTRY-MISSING	1	blocking	0	-
PRPs-agentic-eng	2026-07-29T00:00:00Z	0	code-review	move-relays-three-helper-scripts-into-the-plugin	1	R-COH-TASK-CONTRADICTION	1	blocking	0	-
PRPs-agentic-eng	2026-07-29T00:00:00Z	0	code-review	move-relays-three-helper-scripts-into-the-plugin	1	R-L1	1	blocking	0	-
PRPs-agentic-eng	2026-07-29T00:00:00Z	0	code-review	move-relays-three-helper-scripts-into-the-plugin	1	R-L2	1	blocking	0	-
PRPs-agentic-eng	2026-07-29T00:00:00Z	0	code-review	move-relays-three-helper-scripts-into-the-plugin	1	R-L3	1	blocking	0	-
PRPs-agentic-eng	2026-07-29T00:00:00Z	0	code-review	move-relays-three-helper-scripts-into-the-plugin	1	R-S1	1	blocking	0	-
PRPs-agentic-eng	2026-07-29T00:00:00Z	0	code-review	move-relays-three-helper-scripts-into-the-plugin	1	R-S2	1	blocking	0	-
PRPs-agentic-eng	2026-07-29T00:00:00Z	0	code-review	move-relays-three-helper-scripts-into-the-plugin	1	R-S3	1	blocking	0	-
PRPs-agentic-eng	2026-07-29T00:00:00Z	0	code-review	move-relays-three-helper-scripts-into-the-plugin	1	R-SEM	0	blocking	0	-
PRPs-agentic-eng	2026-07-29T00:00:00Z	0	code-review	move-relays-three-helper-scripts-into-the-plugin	1	R-X	1	blocking	0	-
PRPs-agentic-eng	2026-07-29T01:20:00Z	0	code-review	move-relays-three-helper-scripts-into-the-plugin	2	R-COH-CALLER-DRIFT	1	blocking	0	-
PRPs-agentic-eng	2026-07-29T01:20:00Z	0	code-review	move-relays-three-helper-scripts-into-the-plugin	2	R-COH-CONFIG-DANGLING	1	blocking	0	-
PRPs-agentic-eng	2026-07-29T01:20:00Z	0	code-review	move-relays-three-helper-scripts-into-the-plugin	2	R-COH-DEAD-IMPORT	1	blocking	0	-
PRPs-agentic-eng	2026-07-29T01:20:00Z	0	code-review	move-relays-three-helper-scripts-into-the-plugin	2	R-COH-REGISTRY-MISSING	1	blocking	0	-
PRPs-agentic-eng	2026-07-29T01:20:00Z	0	code-review	move-relays-three-helper-scripts-into-the-plugin	2	R-COH-TASK-CONTRADICTION	1	blocking	0	-
PRPs-agentic-eng	2026-07-29T01:20:00Z	0	code-review	move-relays-three-helper-scripts-into-the-plugin	2	R-L1	1	blocking	0	-
PRPs-agentic-eng	2026-07-29T01:20:00Z	0	code-review	move-relays-three-helper-scripts-into-the-plugin	2	R-L2	1	blocking	0	-
PRPs-agentic-eng	2026-07-29T01:20:00Z	0	code-review	move-relays-three-helper-scripts-into-the-plugin	2	R-L3	1	blocking	0	-
PRPs-agentic-eng	2026-07-29T01:20:00Z	0	code-review	move-relays-three-helper-scripts-into-the-plugin	2	R-S1	1	blocking	0	-
PRPs-agentic-eng	2026-07-29T01:20:00Z	0	code-review	move-relays-three-helper-scripts-into-the-plugin	2	R-S2	1	blocking	0	-
PRPs-agentic-eng	2026-07-29T01:20:00Z	0	code-review	move-relays-three-helper-scripts-into-the-plugin	2	R-S3	1	blocking	0	-
PRPs-agentic-eng	2026-07-29T01:20:00Z	0	code-review	move-relays-three-helper-scripts-into-the-plugin	2	R-SEM	1	blocking	0	-
PRPs-agentic-eng	2026-07-29T01:20:00Z	0	code-review	move-relays-three-helper-scripts-into-the-plugin	2	R-X	1	blocking	0	-
PRPs-agentic-eng	2026-07-26T07:02:32Z	0	code-review	plan-reviewer-action-validate-contradiction-check	1	R-COH-CALLER-DRIFT	1	blocking	0	-
PRPs-agentic-eng	2026-07-26T07:02:32Z	0	code-review	plan-reviewer-action-validate-contradiction-check	1	R-COH-CONFIG-DANGLING	1	blocking	0	-
PRPs-agentic-eng	2026-07-26T07:02:32Z	0	code-review	plan-reviewer-action-validate-contradiction-check	1	R-COH-DEAD-IMPORT	1	blocking	0	-
PRPs-agentic-eng	2026-07-26T07:02:32Z	0	code-review	plan-reviewer-action-validate-contradiction-check	1	R-COH-REGISTRY-MISSING	1	blocking	0	-
PRPs-agentic-eng	2026-07-26T07:02:32Z	0	code-review	plan-reviewer-action-validate-contradiction-check	1	R-COH-TASK-CONTRADICTION	1	blocking	0	-
PRPs-agentic-eng	2026-07-26T07:02:32Z	0	code-review	plan-reviewer-action-validate-contradiction-check	1	R-L1	1	blocking	0	-
PRPs-agentic-eng	2026-07-26T07:02:32Z	0	code-review	plan-reviewer-action-validate-contradiction-check	1	R-L2	1	blocking	0	-
PRPs-agentic-eng	2026-07-26T07:02:32Z	0	code-review	plan-reviewer-action-validate-contradiction-check	1	R-L3	1	blocking	0	-
PRPs-agentic-eng	2026-07-26T07:02:32Z	0	code-review	plan-reviewer-action-validate-contradiction-check	1	R-S1	1	blocking	0	-
PRPs-agentic-eng	2026-07-26T07:02:32Z	0	code-review	plan-reviewer-action-validate-contradiction-check	1	R-S2	1	blocking	0	-
PRPs-agentic-eng	2026-07-26T07:02:32Z	0	code-review	plan-reviewer-action-validate-contradiction-check	1	R-S3	1	blocking	0	-
PRPs-agentic-eng	2026-07-26T07:02:32Z	0	code-review	plan-reviewer-action-validate-contradiction-check	1	R-SEM	1	blocking	0	-
PRPs-agentic-eng	2026-07-26T07:02:32Z	0	code-review	plan-reviewer-action-validate-contradiction-check	1	R-X	1	blocking	0	-
PRPs-agentic-eng	2026-07-28T23:19:51Z	0	code-review	reconcile-three-independently-authored-extensions-to-plugin	1	R-COH-CALLER-DRIFT	1	blocking	0	-
PRPs-agentic-eng	2026-07-28T23:19:51Z	0	code-review	reconcile-three-independently-authored-extensions-to-plugin	1	R-COH-CONFIG-DANGLING	1	blocking	0	-
PRPs-agentic-eng	2026-07-28T23:19:51Z	0	code-review	reconcile-three-independently-authored-extensions-to-plugin	1	R-COH-DEAD-IMPORT	1	blocking	0	-
PRPs-agentic-eng	2026-07-28T23:19:51Z	0	code-review	reconcile-three-independently-authored-extensions-to-plugin	1	R-COH-OTHER-INTERNAL-CONTRADICTION	0	blocking	0	-
PRPs-agentic-eng	2026-07-28T23:19:51Z	0	code-review	reconcile-three-independently-authored-extensions-to-plugin	1	R-COH-REGISTRY-MISSING	1	blocking	0	-
PRPs-agentic-eng	2026-07-28T23:19:51Z	0	code-review	reconcile-three-independently-authored-extensions-to-plugin	1	R-COH-TASK-CONTRADICTION	1	blocking	0	-
PRPs-agentic-eng	2026-07-28T23:19:51Z	0	code-review	reconcile-three-independently-authored-extensions-to-plugin	1	R-L1	1	blocking	0	-
PRPs-agentic-eng	2026-07-28T23:19:51Z	0	code-review	reconcile-three-independently-authored-extensions-to-plugin	1	R-L2	1	blocking	0	-
PRPs-agentic-eng	2026-07-28T23:19:51Z	0	code-review	reconcile-three-independently-authored-extensions-to-plugin	1	R-L3	1	blocking	0	-
PRPs-agentic-eng	2026-07-28T23:19:51Z	0	code-review	reconcile-three-independently-authored-extensions-to-plugin	1	R-S1	1	blocking	0	-
PRPs-agentic-eng	2026-07-28T23:19:51Z	0	code-review	reconcile-three-independently-authored-extensions-to-plugin	1	R-S2	1	blocking	0	-
PRPs-agentic-eng	2026-07-28T23:19:51Z	0	code-review	reconcile-three-independently-authored-extensions-to-plugin	1	R-S3	1	blocking	0	-
PRPs-agentic-eng	2026-07-28T23:19:51Z	0	code-review	reconcile-three-independently-authored-extensions-to-plugin	1	R-SEM	1	blocking	0	-
PRPs-agentic-eng	2026-07-28T23:19:51Z	0	code-review	reconcile-three-independently-authored-extensions-to-plugin	1	R-X	1	blocking	0	-
PRPs-agentic-eng	2026-07-28T23:59:37Z	0	code-review	reconcile-three-independently-authored-extensions-to-plugin	2	R-COH-CALLER-DRIFT	1	blocking	0	-
PRPs-agentic-eng	2026-07-28T23:59:37Z	0	code-review	reconcile-three-independently-authored-extensions-to-plugin	2	R-COH-CONFIG-DANGLING	1	blocking	0	-
PRPs-agentic-eng	2026-07-28T23:59:37Z	0	code-review	reconcile-three-independently-authored-extensions-to-plugin	2	R-COH-DEAD-IMPORT	1	blocking	0	-
PRPs-agentic-eng	2026-07-28T23:59:37Z	0	code-review	reconcile-three-independently-authored-extensions-to-plugin	2	R-COH-REGISTRY-MISSING	1	blocking	0	-
PRPs-agentic-eng	2026-07-28T23:59:37Z	0	code-review	reconcile-three-independently-authored-extensions-to-plugin	2	R-COH-TASK-CONTRADICTION	1	blocking	0	-
PRPs-agentic-eng	2026-07-28T23:59:37Z	0	code-review	reconcile-three-independently-authored-extensions-to-plugin	2	R-L1	1	blocking	0	-
PRPs-agentic-eng	2026-07-28T23:59:37Z	0	code-review	reconcile-three-independently-authored-extensions-to-plugin	2	R-L2	1	blocking	0	-
PRPs-agentic-eng	2026-07-28T23:59:37Z	0	code-review	reconcile-three-independently-authored-extensions-to-plugin	2	R-L3	1	blocking	0	-
PRPs-agentic-eng	2026-07-28T23:59:37Z	0	code-review	reconcile-three-independently-authored-extensions-to-plugin	2	R-S1	1	blocking	0	-
PRPs-agentic-eng	2026-07-28T23:59:37Z	0	code-review	reconcile-three-independently-authored-extensions-to-plugin	2	R-S2	1	blocking	0	-
PRPs-agentic-eng	2026-07-28T23:59:37Z	0	code-review	reconcile-three-independently-authored-extensions-to-plugin	2	R-S3	1	blocking	0	-
PRPs-agentic-eng	2026-07-28T23:59:37Z	0	code-review	reconcile-three-independently-authored-extensions-to-plugin	2	R-SEM	1	blocking	0	-
PRPs-agentic-eng	2026-07-28T23:59:37Z	0	code-review	reconcile-three-independently-authored-extensions-to-plugin	2	R-X	1	blocking	0	-
PRPs-agentic-eng	2026-07-12T15:33:42Z	0	code-review	relay-qa-report-command-phase-1-command-file	1	R-COH-CALLER-DRIFT	1	blocking	0	-
PRPs-agentic-eng	2026-07-12T15:33:42Z	0	code-review	relay-qa-report-command-phase-1-command-file	1	R-COH-CONFIG-DANGLING	1	blocking	0	-
PRPs-agentic-eng	2026-07-12T15:33:42Z	0	code-review	relay-qa-report-command-phase-1-command-file	1	R-COH-DEAD-IMPORT	1	blocking	0	-
PRPs-agentic-eng	2026-07-12T15:33:42Z	0	code-review	relay-qa-report-command-phase-1-command-file	1	R-COH-OTHER-INTERNAL-CONTRADICTION	0	blocking	0	-
PRPs-agentic-eng	2026-07-12T15:33:42Z	0	code-review	relay-qa-report-command-phase-1-command-file	1	R-COH-REGISTRY-MISSING	1	blocking	0	-
PRPs-agentic-eng	2026-07-12T15:33:42Z	0	code-review	relay-qa-report-command-phase-1-command-file	1	R-COH-TASK-CONTRADICTION	1	blocking	0	-
PRPs-agentic-eng	2026-07-12T15:33:42Z	0	code-review	relay-qa-report-command-phase-1-command-file	1	R-L1	1	blocking	0	-
PRPs-agentic-eng	2026-07-12T15:33:42Z	0	code-review	relay-qa-report-command-phase-1-command-file	1	R-L2	1	blocking	0	-
PRPs-agentic-eng	2026-07-12T15:33:42Z	0	code-review	relay-qa-report-command-phase-1-command-file	1	R-L3	1	blocking	0	-
PRPs-agentic-eng	2026-07-12T15:33:42Z	0	code-review	relay-qa-report-command-phase-1-command-file	1	R-S1	1	blocking	0	-
PRPs-agentic-eng	2026-07-12T15:33:42Z	0	code-review	relay-qa-report-command-phase-1-command-file	1	R-S2	1	blocking	0	-
PRPs-agentic-eng	2026-07-12T15:33:42Z	0	code-review	relay-qa-report-command-phase-1-command-file	1	R-S3	1	blocking	0	-
PRPs-agentic-eng	2026-07-12T15:33:42Z	0	code-review	relay-qa-report-command-phase-1-command-file	1	R-SEM	1	blocking	0	-
PRPs-agentic-eng	2026-07-12T15:33:42Z	0	code-review	relay-qa-report-command-phase-1-command-file	1	R-X	1	blocking	0	-
PRPs-agentic-eng	2026-07-12T15:40:21Z	0	code-review	relay-qa-report-command-phase-1-command-file	2	R-COH-CALLER-DRIFT	1	blocking	0	-
PRPs-agentic-eng	2026-07-12T15:40:21Z	0	code-review	relay-qa-report-command-phase-1-command-file	2	R-COH-CONFIG-DANGLING	1	blocking	0	-
PRPs-agentic-eng	2026-07-12T15:40:21Z	0	code-review	relay-qa-report-command-phase-1-command-file	2	R-COH-DEAD-IMPORT	1	blocking	0	-
PRPs-agentic-eng	2026-07-12T15:40:21Z	0	code-review	relay-qa-report-command-phase-1-command-file	2	R-COH-OTHER-INTERNAL-CONTRADICTION	1	blocking	0	-
PRPs-agentic-eng	2026-07-12T15:40:21Z	0	code-review	relay-qa-report-command-phase-1-command-file	2	R-COH-REGISTRY-MISSING	1	blocking	0	-
PRPs-agentic-eng	2026-07-12T15:40:21Z	0	code-review	relay-qa-report-command-phase-1-command-file	2	R-COH-TASK-CONTRADICTION	1	blocking	0	-
PRPs-agentic-eng	2026-07-12T15:40:21Z	0	code-review	relay-qa-report-command-phase-1-command-file	2	R-L1	1	blocking	0	-
PRPs-agentic-eng	2026-07-12T15:40:21Z	0	code-review	relay-qa-report-command-phase-1-command-file	2	R-L2	1	blocking	0	-
PRPs-agentic-eng	2026-07-12T15:40:21Z	0	code-review	relay-qa-report-command-phase-1-command-file	2	R-L3	1	blocking	0	-
PRPs-agentic-eng	2026-07-12T15:40:21Z	0	code-review	relay-qa-report-command-phase-1-command-file	2	R-S1	1	blocking	0	-
PRPs-agentic-eng	2026-07-12T15:40:21Z	0	code-review	relay-qa-report-command-phase-1-command-file	2	R-S2	1	blocking	0	-
PRPs-agentic-eng	2026-07-12T15:40:21Z	0	code-review	relay-qa-report-command-phase-1-command-file	2	R-S3	1	blocking	0	-
PRPs-agentic-eng	2026-07-12T15:40:21Z	0	code-review	relay-qa-report-command-phase-1-command-file	2	R-SEM	1	blocking	0	-
PRPs-agentic-eng	2026-07-12T15:40:21Z	0	code-review	relay-qa-report-command-phase-1-command-file	2	R-X	1	blocking	0	-
PRPs-agentic-eng	2026-07-12T16:08:38Z	0	code-review	relay-qa-report-command-phase-2-canonical-docs	1	R-COH-CALLER-DRIFT	1	blocking	0	-
PRPs-agentic-eng	2026-07-12T16:08:38Z	0	code-review	relay-qa-report-command-phase-2-canonical-docs	1	R-COH-CONFIG-DANGLING	1	blocking	0	-
PRPs-agentic-eng	2026-07-12T16:08:38Z	0	code-review	relay-qa-report-command-phase-2-canonical-docs	1	R-COH-DEAD-IMPORT	1	blocking	0	-
PRPs-agentic-eng	2026-07-12T16:08:38Z	0	code-review	relay-qa-report-command-phase-2-canonical-docs	1	R-COH-REGISTRY-MISSING	1	blocking	0	-
PRPs-agentic-eng	2026-07-12T16:08:38Z	0	code-review	relay-qa-report-command-phase-2-canonical-docs	1	R-COH-TASK-CONTRADICTION	1	blocking	0	-
PRPs-agentic-eng	2026-07-12T16:08:38Z	0	code-review	relay-qa-report-command-phase-2-canonical-docs	1	R-L1	1	blocking	0	-
PRPs-agentic-eng	2026-07-12T16:08:38Z	0	code-review	relay-qa-report-command-phase-2-canonical-docs	1	R-L2	1	blocking	0	-
PRPs-agentic-eng	2026-07-12T16:08:38Z	0	code-review	relay-qa-report-command-phase-2-canonical-docs	1	R-L3	1	blocking	0	-
PRPs-agentic-eng	2026-07-12T16:08:38Z	0	code-review	relay-qa-report-command-phase-2-canonical-docs	1	R-S1	1	blocking	0	-
PRPs-agentic-eng	2026-07-12T16:08:38Z	0	code-review	relay-qa-report-command-phase-2-canonical-docs	1	R-S2	1	blocking	0	-
PRPs-agentic-eng	2026-07-12T16:08:38Z	0	code-review	relay-qa-report-command-phase-2-canonical-docs	1	R-S3	1	blocking	0	-
PRPs-agentic-eng	2026-07-12T16:08:38Z	0	code-review	relay-qa-report-command-phase-2-canonical-docs	1	R-SEM	1	blocking	0	-
PRPs-agentic-eng	2026-07-12T16:08:38Z	0	code-review	relay-qa-report-command-phase-2-canonical-docs	1	R-X	1	blocking	0	-
PRPs-agentic-eng	2026-07-12T18:30:00Z	0	code-review	relay-qa-report-command-phase-3-documentation-site-plugin-bump	1	R-COH-CALLER-DRIFT	1	blocking	0	-
PRPs-agentic-eng	2026-07-12T18:30:00Z	0	code-review	relay-qa-report-command-phase-3-documentation-site-plugin-bump	1	R-COH-CONFIG-DANGLING	1	blocking	0	-
PRPs-agentic-eng	2026-07-12T18:30:00Z	0	code-review	relay-qa-report-command-phase-3-documentation-site-plugin-bump	1	R-COH-DEAD-IMPORT	1	blocking	0	-
PRPs-agentic-eng	2026-07-12T18:30:00Z	0	code-review	relay-qa-report-command-phase-3-documentation-site-plugin-bump	1	R-COH-REGISTRY-MISSING	1	blocking	0	-
PRPs-agentic-eng	2026-07-12T18:30:00Z	0	code-review	relay-qa-report-command-phase-3-documentation-site-plugin-bump	1	R-COH-TASK-CONTRADICTION	1	blocking	0	-
PRPs-agentic-eng	2026-07-12T18:30:00Z	0	code-review	relay-qa-report-command-phase-3-documentation-site-plugin-bump	1	R-L1	1	blocking	0	-
PRPs-agentic-eng	2026-07-12T18:30:00Z	0	code-review	relay-qa-report-command-phase-3-documentation-site-plugin-bump	1	R-L2	1	blocking	0	-
PRPs-agentic-eng	2026-07-12T18:30:00Z	0	code-review	relay-qa-report-command-phase-3-documentation-site-plugin-bump	1	R-L3	1	blocking	0	-
PRPs-agentic-eng	2026-07-12T18:30:00Z	0	code-review	relay-qa-report-command-phase-3-documentation-site-plugin-bump	1	R-S1	1	blocking	0	-
PRPs-agentic-eng	2026-07-12T18:30:00Z	0	code-review	relay-qa-report-command-phase-3-documentation-site-plugin-bump	1	R-S2	1	blocking	0	-
PRPs-agentic-eng	2026-07-12T18:30:00Z	0	code-review	relay-qa-report-command-phase-3-documentation-site-plugin-bump	1	R-S3	1	blocking	0	-
PRPs-agentic-eng	2026-07-12T18:30:00Z	0	code-review	relay-qa-report-command-phase-3-documentation-site-plugin-bump	1	R-SEM	1	blocking	0	-
PRPs-agentic-eng	2026-07-12T18:30:00Z	0	code-review	relay-qa-report-command-phase-3-documentation-site-plugin-bump	1	R-X	1	blocking	0	-
PRPs-agentic-eng	2026-07-12T17:11:00Z	0	code-review	relay-qa-report-command-phase-4-dogfood	1	R-COH-CALLER-DRIFT	1	blocking	0	-
PRPs-agentic-eng	2026-07-12T17:11:00Z	0	code-review	relay-qa-report-command-phase-4-dogfood	1	R-COH-CONFIG-DANGLING	1	blocking	0	-
PRPs-agentic-eng	2026-07-12T17:11:00Z	0	code-review	relay-qa-report-command-phase-4-dogfood	1	R-COH-DEAD-IMPORT	1	blocking	0	-
PRPs-agentic-eng	2026-07-12T17:11:00Z	0	code-review	relay-qa-report-command-phase-4-dogfood	1	R-COH-OTHER-INTERNAL-CONTRADICTION	0	blocking	0	-
PRPs-agentic-eng	2026-07-12T17:11:00Z	0	code-review	relay-qa-report-command-phase-4-dogfood	1	R-COH-OTHER-INTERNAL-CONTRADICTION	0	blocking	0	-
PRPs-agentic-eng	2026-07-12T17:11:00Z	0	code-review	relay-qa-report-command-phase-4-dogfood	1	R-COH-REGISTRY-MISSING	1	blocking	0	-
PRPs-agentic-eng	2026-07-12T17:11:00Z	0	code-review	relay-qa-report-command-phase-4-dogfood	1	R-COH-TASK-CONTRADICTION	1	blocking	0	-
PRPs-agentic-eng	2026-07-12T17:11:00Z	0	code-review	relay-qa-report-command-phase-4-dogfood	1	R-L1	1	blocking	0	-
PRPs-agentic-eng	2026-07-12T17:11:00Z	0	code-review	relay-qa-report-command-phase-4-dogfood	1	R-L2	1	blocking	0	-
PRPs-agentic-eng	2026-07-12T17:11:00Z	0	code-review	relay-qa-report-command-phase-4-dogfood	1	R-L3	1	blocking	0	-
PRPs-agentic-eng	2026-07-12T17:11:00Z	0	code-review	relay-qa-report-command-phase-4-dogfood	1	R-S1	1	blocking	0	-
PRPs-agentic-eng	2026-07-12T17:11:00Z	0	code-review	relay-qa-report-command-phase-4-dogfood	1	R-S2	1	blocking	0	-
PRPs-agentic-eng	2026-07-12T17:11:00Z	0	code-review	relay-qa-report-command-phase-4-dogfood	1	R-S3	1	blocking	0	-
PRPs-agentic-eng	2026-07-12T17:11:00Z	0	code-review	relay-qa-report-command-phase-4-dogfood	1	R-SEM	0	blocking	0	-
PRPs-agentic-eng	2026-07-12T17:11:00Z	0	code-review	relay-qa-report-command-phase-4-dogfood	1	R-X	1	blocking	0	-
PRPs-agentic-eng	2026-07-12T17:18:18Z	0	code-review	relay-qa-report-command-phase-4-dogfood	2	R-COH-CALLER-DRIFT	1	blocking	0	-
PRPs-agentic-eng	2026-07-12T17:18:18Z	0	code-review	relay-qa-report-command-phase-4-dogfood	2	R-COH-CONFIG-DANGLING	1	blocking	0	-
PRPs-agentic-eng	2026-07-12T17:18:18Z	0	code-review	relay-qa-report-command-phase-4-dogfood	2	R-COH-DEAD-IMPORT	1	blocking	0	-
PRPs-agentic-eng	2026-07-12T17:18:18Z	0	code-review	relay-qa-report-command-phase-4-dogfood	2	R-COH-REGISTRY-MISSING	1	blocking	0	-
PRPs-agentic-eng	2026-07-12T17:18:18Z	0	code-review	relay-qa-report-command-phase-4-dogfood	2	R-COH-TASK-CONTRADICTION	1	blocking	0	-
PRPs-agentic-eng	2026-07-12T17:18:18Z	0	code-review	relay-qa-report-command-phase-4-dogfood	2	R-L1	1	blocking	0	-
PRPs-agentic-eng	2026-07-12T17:18:18Z	0	code-review	relay-qa-report-command-phase-4-dogfood	2	R-L2	1	blocking	0	-
PRPs-agentic-eng	2026-07-12T17:18:18Z	0	code-review	relay-qa-report-command-phase-4-dogfood	2	R-L3	1	blocking	0	-
PRPs-agentic-eng	2026-07-12T17:18:18Z	0	code-review	relay-qa-report-command-phase-4-dogfood	2	R-S1	1	blocking	0	-
PRPs-agentic-eng	2026-07-12T17:18:18Z	0	code-review	relay-qa-report-command-phase-4-dogfood	2	R-S2	1	blocking	0	-
PRPs-agentic-eng	2026-07-12T17:18:18Z	0	code-review	relay-qa-report-command-phase-4-dogfood	2	R-S3	1	blocking	0	-
PRPs-agentic-eng	2026-07-12T17:18:18Z	0	code-review	relay-qa-report-command-phase-4-dogfood	2	R-SEM	1	blocking	0	-
PRPs-agentic-eng	2026-07-12T17:18:18Z	0	code-review	relay-qa-report-command-phase-4-dogfood	2	R-X	1	blocking	0	-
PRPs-agentic-eng	2026-07-09T18:28:26Z	0	code-review	test-pair-universalization-phase-1-rename-behavior-preserving	1	R-COH-CALLER-DRIFT	1	blocking	0	-
PRPs-agentic-eng	2026-07-09T18:28:26Z	0	code-review	test-pair-universalization-phase-1-rename-behavior-preserving	1	R-COH-CONFIG-DANGLING	1	blocking	0	-
PRPs-agentic-eng	2026-07-09T18:28:26Z	0	code-review	test-pair-universalization-phase-1-rename-behavior-preserving	1	R-COH-DEAD-IMPORT	1	blocking	0	-
PRPs-agentic-eng	2026-07-09T18:28:26Z	0	code-review	test-pair-universalization-phase-1-rename-behavior-preserving	1	R-COH-REGISTRY-MISSING	1	blocking	0	-
PRPs-agentic-eng	2026-07-09T18:28:26Z	0	code-review	test-pair-universalization-phase-1-rename-behavior-preserving	1	R-COH-TASK-CONTRADICTION	1	blocking	0	-
PRPs-agentic-eng	2026-07-09T18:28:26Z	0	code-review	test-pair-universalization-phase-1-rename-behavior-preserving	1	R-L1	1	blocking	0	-
PRPs-agentic-eng	2026-07-09T18:28:26Z	0	code-review	test-pair-universalization-phase-1-rename-behavior-preserving	1	R-L2	1	blocking	0	-
PRPs-agentic-eng	2026-07-09T18:28:26Z	0	code-review	test-pair-universalization-phase-1-rename-behavior-preserving	1	R-L3	1	blocking	0	-
PRPs-agentic-eng	2026-07-09T18:28:26Z	0	code-review	test-pair-universalization-phase-1-rename-behavior-preserving	1	R-S1	1	blocking	0	-
PRPs-agentic-eng	2026-07-09T18:28:26Z	0	code-review	test-pair-universalization-phase-1-rename-behavior-preserving	1	R-S2	1	blocking	0	-
PRPs-agentic-eng	2026-07-09T18:28:26Z	0	code-review	test-pair-universalization-phase-1-rename-behavior-preserving	1	R-S3	1	blocking	0	-
PRPs-agentic-eng	2026-07-09T18:28:26Z	0	code-review	test-pair-universalization-phase-1-rename-behavior-preserving	1	R-SEM	1	blocking	0	-
PRPs-agentic-eng	2026-07-09T18:28:26Z	0	code-review	test-pair-universalization-phase-1-rename-behavior-preserving	1	R-X	1	blocking	0	-
PRPs-agentic-eng	2026-07-10T04:15:00Z	0	code-review	test-pair-universalization-phase-2-test-writer-mode-lifecycle	1	R-COH-CALLER-DRIFT	1	blocking	0	-
PRPs-agentic-eng	2026-07-10T04:15:00Z	0	code-review	test-pair-universalization-phase-2-test-writer-mode-lifecycle	1	R-COH-CONFIG-DANGLING	1	blocking	0	-
PRPs-agentic-eng	2026-07-10T04:15:00Z	0	code-review	test-pair-universalization-phase-2-test-writer-mode-lifecycle	1	R-COH-DEAD-IMPORT	1	blocking	0	-
PRPs-agentic-eng	2026-07-10T04:15:00Z	0	code-review	test-pair-universalization-phase-2-test-writer-mode-lifecycle	1	R-COH-OTHER-INTERNAL-CONTRADICTION	1	blocking	0	-
PRPs-agentic-eng	2026-07-10T04:15:00Z	0	code-review	test-pair-universalization-phase-2-test-writer-mode-lifecycle	1	R-COH-REGISTRY-MISSING	1	blocking	0	-
PRPs-agentic-eng	2026-07-10T04:15:00Z	0	code-review	test-pair-universalization-phase-2-test-writer-mode-lifecycle	1	R-COH-TASK-CONTRADICTION	1	blocking	0	-
PRPs-agentic-eng	2026-07-10T04:15:00Z	0	code-review	test-pair-universalization-phase-2-test-writer-mode-lifecycle	1	R-L1	1	blocking	0	-
PRPs-agentic-eng	2026-07-10T04:15:00Z	0	code-review	test-pair-universalization-phase-2-test-writer-mode-lifecycle	1	R-L2	1	blocking	0	-
PRPs-agentic-eng	2026-07-10T04:15:00Z	0	code-review	test-pair-universalization-phase-2-test-writer-mode-lifecycle	1	R-L3	1	blocking	0	-
PRPs-agentic-eng	2026-07-10T04:15:00Z	0	code-review	test-pair-universalization-phase-2-test-writer-mode-lifecycle	1	R-S1	1	blocking	0	-
PRPs-agentic-eng	2026-07-10T04:15:00Z	0	code-review	test-pair-universalization-phase-2-test-writer-mode-lifecycle	1	R-S2	1	blocking	0	-
PRPs-agentic-eng	2026-07-10T04:15:00Z	0	code-review	test-pair-universalization-phase-2-test-writer-mode-lifecycle	1	R-S3	1	blocking	0	-
PRPs-agentic-eng	2026-07-10T04:15:00Z	0	code-review	test-pair-universalization-phase-2-test-writer-mode-lifecycle	1	R-SEM	1	blocking	0	-
PRPs-agentic-eng	2026-07-10T04:15:00Z	0	code-review	test-pair-universalization-phase-2-test-writer-mode-lifecycle	1	R-X	1	blocking	0	-
PRPs-agentic-eng	2026-07-10T18:07:22Z	0	code-review	test-pair-universalization-phase-3-test-reviewer-mode-legitimacy	1	R-COH-CALLER-DRIFT	1	blocking	0	-
PRPs-agentic-eng	2026-07-10T18:07:22Z	0	code-review	test-pair-universalization-phase-3-test-reviewer-mode-legitimacy	1	R-COH-CONFIG-DANGLING	1	blocking	0	-
PRPs-agentic-eng	2026-07-10T18:07:22Z	0	code-review	test-pair-universalization-phase-3-test-reviewer-mode-legitimacy	1	R-COH-DEAD-IMPORT	1	blocking	0	-
PRPs-agentic-eng	2026-07-10T18:07:22Z	0	code-review	test-pair-universalization-phase-3-test-reviewer-mode-legitimacy	1	R-COH-OTHER-INTERNAL-CONTRADICTION	0	blocking	0	-
PRPs-agentic-eng	2026-07-10T18:07:22Z	0	code-review	test-pair-universalization-phase-3-test-reviewer-mode-legitimacy	1	R-COH-REGISTRY-MISSING	1	blocking	0	-
PRPs-agentic-eng	2026-07-10T18:07:22Z	0	code-review	test-pair-universalization-phase-3-test-reviewer-mode-legitimacy	1	R-COH-TASK-CONTRADICTION	1	blocking	0	-
PRPs-agentic-eng	2026-07-10T18:07:22Z	0	code-review	test-pair-universalization-phase-3-test-reviewer-mode-legitimacy	1	R-L1	1	blocking	0	-
PRPs-agentic-eng	2026-07-10T18:07:22Z	0	code-review	test-pair-universalization-phase-3-test-reviewer-mode-legitimacy	1	R-L2	1	blocking	0	-
PRPs-agentic-eng	2026-07-10T18:07:22Z	0	code-review	test-pair-universalization-phase-3-test-reviewer-mode-legitimacy	1	R-L3	1	blocking	0	-
PRPs-agentic-eng	2026-07-10T18:07:22Z	0	code-review	test-pair-universalization-phase-3-test-reviewer-mode-legitimacy	1	R-S1	1	blocking	0	-
PRPs-agentic-eng	2026-07-10T18:07:22Z	0	code-review	test-pair-universalization-phase-3-test-reviewer-mode-legitimacy	1	R-S2	1	blocking	0	-
PRPs-agentic-eng	2026-07-10T18:07:22Z	0	code-review	test-pair-universalization-phase-3-test-reviewer-mode-legitimacy	1	R-S3	1	blocking	0	-
PRPs-agentic-eng	2026-07-10T18:07:22Z	0	code-review	test-pair-universalization-phase-3-test-reviewer-mode-legitimacy	1	R-SEM	1	blocking	0	-
PRPs-agentic-eng	2026-07-10T18:07:22Z	0	code-review	test-pair-universalization-phase-3-test-reviewer-mode-legitimacy	1	R-X	1	blocking	0	-
PRPs-agentic-eng	2026-07-10T18:32:41Z	0	code-review	test-pair-universalization-phase-3-test-reviewer-mode-legitimacy	2	R-COH-CALLER-DRIFT	1	blocking	0	-
PRPs-agentic-eng	2026-07-10T18:32:41Z	0	code-review	test-pair-universalization-phase-3-test-reviewer-mode-legitimacy	2	R-COH-CONFIG-DANGLING	1	blocking	0	-
PRPs-agentic-eng	2026-07-10T18:32:41Z	0	code-review	test-pair-universalization-phase-3-test-reviewer-mode-legitimacy	2	R-COH-DEAD-IMPORT	1	blocking	0	-
PRPs-agentic-eng	2026-07-10T18:32:41Z	0	code-review	test-pair-universalization-phase-3-test-reviewer-mode-legitimacy	2	R-COH-OTHER-INTERNAL-CONTRADICTION	0	blocking	0	-
PRPs-agentic-eng	2026-07-10T18:32:41Z	0	code-review	test-pair-universalization-phase-3-test-reviewer-mode-legitimacy	2	R-COH-REGISTRY-MISSING	1	blocking	0	-
PRPs-agentic-eng	2026-07-10T18:32:41Z	0	code-review	test-pair-universalization-phase-3-test-reviewer-mode-legitimacy	2	R-COH-TASK-CONTRADICTION	1	blocking	0	-
PRPs-agentic-eng	2026-07-10T18:32:41Z	0	code-review	test-pair-universalization-phase-3-test-reviewer-mode-legitimacy	2	R-L1	1	blocking	0	-
PRPs-agentic-eng	2026-07-10T18:32:41Z	0	code-review	test-pair-universalization-phase-3-test-reviewer-mode-legitimacy	2	R-L2	1	blocking	0	-
PRPs-agentic-eng	2026-07-10T18:32:41Z	0	code-review	test-pair-universalization-phase-3-test-reviewer-mode-legitimacy	2	R-L3	1	blocking	0	-
PRPs-agentic-eng	2026-07-10T18:32:41Z	0	code-review	test-pair-universalization-phase-3-test-reviewer-mode-legitimacy	2	R-S1	1	blocking	0	-
PRPs-agentic-eng	2026-07-10T18:32:41Z	0	code-review	test-pair-universalization-phase-3-test-reviewer-mode-legitimacy	2	R-S2	1	blocking	0	-
PRPs-agentic-eng	2026-07-10T18:32:41Z	0	code-review	test-pair-universalization-phase-3-test-reviewer-mode-legitimacy	2	R-S3	1	blocking	0	-
PRPs-agentic-eng	2026-07-10T18:32:41Z	0	code-review	test-pair-universalization-phase-3-test-reviewer-mode-legitimacy	2	R-SEM	1	blocking	0	-
PRPs-agentic-eng	2026-07-10T18:32:41Z	0	code-review	test-pair-universalization-phase-3-test-reviewer-mode-legitimacy	2	R-X	1	blocking	0	-
PRPs-agentic-eng	2026-07-10T18:24:50Z	0	code-review	test-pair-universalization-phase-3-test-reviewer-mode-legitimacy	3	R-COH-CALLER-DRIFT	1	blocking	0	-
PRPs-agentic-eng	2026-07-10T18:24:50Z	0	code-review	test-pair-universalization-phase-3-test-reviewer-mode-legitimacy	3	R-COH-CONFIG-DANGLING	1	blocking	0	-
PRPs-agentic-eng	2026-07-10T18:24:50Z	0	code-review	test-pair-universalization-phase-3-test-reviewer-mode-legitimacy	3	R-COH-DEAD-IMPORT	1	blocking	0	-
PRPs-agentic-eng	2026-07-10T18:24:50Z	0	code-review	test-pair-universalization-phase-3-test-reviewer-mode-legitimacy	3	R-COH-OTHER-INTERNAL-CONTRADICTION	1	blocking	0	-
PRPs-agentic-eng	2026-07-10T18:24:50Z	0	code-review	test-pair-universalization-phase-3-test-reviewer-mode-legitimacy	3	R-COH-REGISTRY-MISSING	1	blocking	0	-
PRPs-agentic-eng	2026-07-10T18:24:50Z	0	code-review	test-pair-universalization-phase-3-test-reviewer-mode-legitimacy	3	R-COH-TASK-CONTRADICTION	1	blocking	0	-
PRPs-agentic-eng	2026-07-10T18:24:50Z	0	code-review	test-pair-universalization-phase-3-test-reviewer-mode-legitimacy	3	R-L1	1	blocking	0	-
PRPs-agentic-eng	2026-07-10T18:24:50Z	0	code-review	test-pair-universalization-phase-3-test-reviewer-mode-legitimacy	3	R-L2	1	blocking	0	-
PRPs-agentic-eng	2026-07-10T18:24:50Z	0	code-review	test-pair-universalization-phase-3-test-reviewer-mode-legitimacy	3	R-L3	1	blocking	0	-
PRPs-agentic-eng	2026-07-10T18:24:50Z	0	code-review	test-pair-universalization-phase-3-test-reviewer-mode-legitimacy	3	R-S1	1	blocking	0	-
PRPs-agentic-eng	2026-07-10T18:24:50Z	0	code-review	test-pair-universalization-phase-3-test-reviewer-mode-legitimacy	3	R-S2	1	blocking	0	-
PRPs-agentic-eng	2026-07-10T18:24:50Z	0	code-review	test-pair-universalization-phase-3-test-reviewer-mode-legitimacy	3	R-S3	1	blocking	0	-
PRPs-agentic-eng	2026-07-10T18:24:50Z	0	code-review	test-pair-universalization-phase-3-test-reviewer-mode-legitimacy	3	R-SEM	1	blocking	0	-
PRPs-agentic-eng	2026-07-10T18:24:50Z	0	code-review	test-pair-universalization-phase-3-test-reviewer-mode-legitimacy	3	R-X	1	blocking	0	-
PRPs-agentic-eng	2026-07-10T18:55:26Z	0	code-review	test-pair-universalization-phase-4-post-green-b5-ledger-awareness	1	R-COH-CALLER-DRIFT	1	blocking	0	-
PRPs-agentic-eng	2026-07-10T18:55:26Z	0	code-review	test-pair-universalization-phase-4-post-green-b5-ledger-awareness	1	R-COH-CONFIG-DANGLING	1	blocking	0	-
PRPs-agentic-eng	2026-07-10T18:55:26Z	0	code-review	test-pair-universalization-phase-4-post-green-b5-ledger-awareness	1	R-COH-DEAD-IMPORT	1	blocking	0	-
PRPs-agentic-eng	2026-07-10T18:55:26Z	0	code-review	test-pair-universalization-phase-4-post-green-b5-ledger-awareness	1	R-COH-OTHER-INTERNAL-CONTRADICTION	0	blocking	0	-
PRPs-agentic-eng	2026-07-10T18:55:26Z	0	code-review	test-pair-universalization-phase-4-post-green-b5-ledger-awareness	1	R-COH-REGISTRY-MISSING	1	blocking	0	-
PRPs-agentic-eng	2026-07-10T18:55:26Z	0	code-review	test-pair-universalization-phase-4-post-green-b5-ledger-awareness	1	R-COH-TASK-CONTRADICTION	1	blocking	0	-
PRPs-agentic-eng	2026-07-10T18:55:26Z	0	code-review	test-pair-universalization-phase-4-post-green-b5-ledger-awareness	1	R-L1	1	blocking	0	-
PRPs-agentic-eng	2026-07-10T18:55:26Z	0	code-review	test-pair-universalization-phase-4-post-green-b5-ledger-awareness	1	R-L2	1	blocking	0	-
PRPs-agentic-eng	2026-07-10T18:55:26Z	0	code-review	test-pair-universalization-phase-4-post-green-b5-ledger-awareness	1	R-L3	1	blocking	0	-
PRPs-agentic-eng	2026-07-10T18:55:26Z	0	code-review	test-pair-universalization-phase-4-post-green-b5-ledger-awareness	1	R-S1	1	blocking	0	-
PRPs-agentic-eng	2026-07-10T18:55:26Z	0	code-review	test-pair-universalization-phase-4-post-green-b5-ledger-awareness	1	R-S2	1	blocking	0	-
PRPs-agentic-eng	2026-07-10T18:55:26Z	0	code-review	test-pair-universalization-phase-4-post-green-b5-ledger-awareness	1	R-S3	1	blocking	0	-
PRPs-agentic-eng	2026-07-10T18:55:26Z	0	code-review	test-pair-universalization-phase-4-post-green-b5-ledger-awareness	1	R-SEM	1	blocking	0	-
PRPs-agentic-eng	2026-07-10T18:55:26Z	0	code-review	test-pair-universalization-phase-4-post-green-b5-ledger-awareness	1	R-X	1	blocking	0	-
PRPs-agentic-eng	2026-07-10T19:20:00Z	0	code-review	test-pair-universalization-phase-4-post-green-b5-ledger-awareness	2	R-COH-CALLER-DRIFT	1	blocking	0	-
PRPs-agentic-eng	2026-07-10T19:20:00Z	0	code-review	test-pair-universalization-phase-4-post-green-b5-ledger-awareness	2	R-COH-CONFIG-DANGLING	1	blocking	0	-
PRPs-agentic-eng	2026-07-10T19:20:00Z	0	code-review	test-pair-universalization-phase-4-post-green-b5-ledger-awareness	2	R-COH-DEAD-IMPORT	1	blocking	0	-
PRPs-agentic-eng	2026-07-10T19:20:00Z	0	code-review	test-pair-universalization-phase-4-post-green-b5-ledger-awareness	2	R-COH-OTHER-INTERNAL-CONTRADICTION	0	blocking	0	-
PRPs-agentic-eng	2026-07-10T19:20:00Z	0	code-review	test-pair-universalization-phase-4-post-green-b5-ledger-awareness	2	R-COH-REGISTRY-MISSING	1	blocking	0	-
PRPs-agentic-eng	2026-07-10T19:20:00Z	0	code-review	test-pair-universalization-phase-4-post-green-b5-ledger-awareness	2	R-COH-TASK-CONTRADICTION	1	blocking	0	-
PRPs-agentic-eng	2026-07-10T19:20:00Z	0	code-review	test-pair-universalization-phase-4-post-green-b5-ledger-awareness	2	R-L1	1	blocking	0	-
PRPs-agentic-eng	2026-07-10T19:20:00Z	0	code-review	test-pair-universalization-phase-4-post-green-b5-ledger-awareness	2	R-L2	1	blocking	0	-
PRPs-agentic-eng	2026-07-10T19:20:00Z	0	code-review	test-pair-universalization-phase-4-post-green-b5-ledger-awareness	2	R-L3	1	blocking	0	-
PRPs-agentic-eng	2026-07-10T19:20:00Z	0	code-review	test-pair-universalization-phase-4-post-green-b5-ledger-awareness	2	R-S1	1	blocking	0	-
PRPs-agentic-eng	2026-07-10T19:20:00Z	0	code-review	test-pair-universalization-phase-4-post-green-b5-ledger-awareness	2	R-S2	1	blocking	0	-
PRPs-agentic-eng	2026-07-10T19:20:00Z	0	code-review	test-pair-universalization-phase-4-post-green-b5-ledger-awareness	2	R-S3	1	blocking	0	-
PRPs-agentic-eng	2026-07-10T19:20:00Z	0	code-review	test-pair-universalization-phase-4-post-green-b5-ledger-awareness	2	R-SEM	1	blocking	0	-
PRPs-agentic-eng	2026-07-10T19:20:00Z	0	code-review	test-pair-universalization-phase-4-post-green-b5-ledger-awareness	2	R-X	1	blocking	0	-
PRPs-agentic-eng	2026-07-10T19:14:53Z	0	code-review	test-pair-universalization-phase-4-post-green-b5-ledger-awareness	3	R-COH-CALLER-DRIFT	1	blocking	0	-
PRPs-agentic-eng	2026-07-10T19:14:53Z	0	code-review	test-pair-universalization-phase-4-post-green-b5-ledger-awareness	3	R-COH-CONFIG-DANGLING	1	blocking	0	-
PRPs-agentic-eng	2026-07-10T19:14:53Z	0	code-review	test-pair-universalization-phase-4-post-green-b5-ledger-awareness	3	R-COH-DEAD-IMPORT	1	blocking	0	-
PRPs-agentic-eng	2026-07-10T19:14:53Z	0	code-review	test-pair-universalization-phase-4-post-green-b5-ledger-awareness	3	R-COH-OTHER-INTERNAL-CONTRADICTION	1	blocking	0	-
PRPs-agentic-eng	2026-07-10T19:14:53Z	0	code-review	test-pair-universalization-phase-4-post-green-b5-ledger-awareness	3	R-COH-REGISTRY-MISSING	1	blocking	0	-
PRPs-agentic-eng	2026-07-10T19:14:53Z	0	code-review	test-pair-universalization-phase-4-post-green-b5-ledger-awareness	3	R-COH-TASK-CONTRADICTION	1	blocking	0	-
PRPs-agentic-eng	2026-07-10T19:14:53Z	0	code-review	test-pair-universalization-phase-4-post-green-b5-ledger-awareness	3	R-L1	1	blocking	0	-
PRPs-agentic-eng	2026-07-10T19:14:53Z	0	code-review	test-pair-universalization-phase-4-post-green-b5-ledger-awareness	3	R-L2	1	blocking	0	-
PRPs-agentic-eng	2026-07-10T19:14:53Z	0	code-review	test-pair-universalization-phase-4-post-green-b5-ledger-awareness	3	R-L3	1	blocking	0	-
PRPs-agentic-eng	2026-07-10T19:14:53Z	0	code-review	test-pair-universalization-phase-4-post-green-b5-ledger-awareness	3	R-S1	1	blocking	0	-
PRPs-agentic-eng	2026-07-10T19:14:53Z	0	code-review	test-pair-universalization-phase-4-post-green-b5-ledger-awareness	3	R-S2	1	blocking	0	-
PRPs-agentic-eng	2026-07-10T19:14:53Z	0	code-review	test-pair-universalization-phase-4-post-green-b5-ledger-awareness	3	R-S3	1	blocking	0	-
PRPs-agentic-eng	2026-07-10T19:14:53Z	0	code-review	test-pair-universalization-phase-4-post-green-b5-ledger-awareness	3	R-SEM	1	blocking	0	-
PRPs-agentic-eng	2026-07-10T19:14:53Z	0	code-review	test-pair-universalization-phase-4-post-green-b5-ledger-awareness	3	R-X	1	blocking	0	-
PRPs-agentic-eng	2026-07-12T23:30:24Z	0	code-review	validation-suite-phase-1-harness-scaffold	1	R-COH-CALLER-DRIFT	1	blocking	0	-
PRPs-agentic-eng	2026-07-12T23:30:24Z	0	code-review	validation-suite-phase-1-harness-scaffold	1	R-COH-CONFIG-DANGLING	1	blocking	0	-
PRPs-agentic-eng	2026-07-12T23:30:24Z	0	code-review	validation-suite-phase-1-harness-scaffold	1	R-COH-DEAD-IMPORT	1	blocking	0	-
PRPs-agentic-eng	2026-07-12T23:30:24Z	0	code-review	validation-suite-phase-1-harness-scaffold	1	R-COH-REGISTRY-MISSING	1	blocking	0	-
PRPs-agentic-eng	2026-07-12T23:30:24Z	0	code-review	validation-suite-phase-1-harness-scaffold	1	R-COH-TASK-CONTRADICTION	1	blocking	0	-
PRPs-agentic-eng	2026-07-12T23:30:24Z	0	code-review	validation-suite-phase-1-harness-scaffold	1	R-L1	1	blocking	0	-
PRPs-agentic-eng	2026-07-12T23:30:24Z	0	code-review	validation-suite-phase-1-harness-scaffold	1	R-L2	0	blocking	0	-
PRPs-agentic-eng	2026-07-12T23:30:24Z	0	code-review	validation-suite-phase-1-harness-scaffold	1	R-L3	1	blocking	0	-
PRPs-agentic-eng	2026-07-12T23:30:24Z	0	code-review	validation-suite-phase-1-harness-scaffold	1	R-S1	1	blocking	0	-
PRPs-agentic-eng	2026-07-12T23:30:24Z	0	code-review	validation-suite-phase-1-harness-scaffold	1	R-S2	1	blocking	0	-
PRPs-agentic-eng	2026-07-12T23:30:24Z	0	code-review	validation-suite-phase-1-harness-scaffold	1	R-S3	1	blocking	0	-
PRPs-agentic-eng	2026-07-12T23:30:24Z	0	code-review	validation-suite-phase-1-harness-scaffold	1	R-SEM	1	blocking	0	-
PRPs-agentic-eng	2026-07-12T23:30:24Z	0	code-review	validation-suite-phase-1-harness-scaffold	1	R-X	1	blocking	0	-
PRPs-agentic-eng	2026-07-12T23:38:59Z	0	code-review	validation-suite-phase-1-harness-scaffold	2	R-COH-CALLER-DRIFT	1	blocking	0	-
PRPs-agentic-eng	2026-07-12T23:38:59Z	0	code-review	validation-suite-phase-1-harness-scaffold	2	R-COH-COMMENT-MISMATCH	0	blocking	0	-
PRPs-agentic-eng	2026-07-12T23:38:59Z	0	code-review	validation-suite-phase-1-harness-scaffold	2	R-COH-CONFIG-DANGLING	1	blocking	0	-
PRPs-agentic-eng	2026-07-12T23:38:59Z	0	code-review	validation-suite-phase-1-harness-scaffold	2	R-COH-DEAD-IMPORT	1	blocking	0	-
PRPs-agentic-eng	2026-07-12T23:38:59Z	0	code-review	validation-suite-phase-1-harness-scaffold	2	R-COH-REGISTRY-MISSING	1	blocking	0	-
PRPs-agentic-eng	2026-07-12T23:38:59Z	0	code-review	validation-suite-phase-1-harness-scaffold	2	R-COH-TASK-CONTRADICTION	1	blocking	0	-
PRPs-agentic-eng	2026-07-12T23:38:59Z	0	code-review	validation-suite-phase-1-harness-scaffold	2	R-L1	1	blocking	0	-
PRPs-agentic-eng	2026-07-12T23:38:59Z	0	code-review	validation-suite-phase-1-harness-scaffold	2	R-L2	1	blocking	0	-
PRPs-agentic-eng	2026-07-12T23:38:59Z	0	code-review	validation-suite-phase-1-harness-scaffold	2	R-L3	1	blocking	0	-
PRPs-agentic-eng	2026-07-12T23:38:59Z	0	code-review	validation-suite-phase-1-harness-scaffold	2	R-S1	1	blocking	0	-
PRPs-agentic-eng	2026-07-12T23:38:59Z	0	code-review	validation-suite-phase-1-harness-scaffold	2	R-S2	1	blocking	0	-
PRPs-agentic-eng	2026-07-12T23:38:59Z	0	code-review	validation-suite-phase-1-harness-scaffold	2	R-S3	1	blocking	0	-
PRPs-agentic-eng	2026-07-12T23:38:59Z	0	code-review	validation-suite-phase-1-harness-scaffold	2	R-SEM	1	blocking	0	-
PRPs-agentic-eng	2026-07-12T23:38:59Z	0	code-review	validation-suite-phase-1-harness-scaffold	2	R-X	1	blocking	0	-
PRPs-agentic-eng	2026-07-12T23:47:02Z	0	code-review	validation-suite-phase-1-harness-scaffold	3	R-COH-CALLER-DRIFT	1	blocking	0	-
PRPs-agentic-eng	2026-07-12T23:47:02Z	0	code-review	validation-suite-phase-1-harness-scaffold	3	R-COH-COMMENT-MISMATCH	0	blocking	0	-
PRPs-agentic-eng	2026-07-12T23:47:02Z	0	code-review	validation-suite-phase-1-harness-scaffold	3	R-COH-CONFIG-DANGLING	1	blocking	0	-
PRPs-agentic-eng	2026-07-12T23:47:02Z	0	code-review	validation-suite-phase-1-harness-scaffold	3	R-COH-DEAD-IMPORT	1	blocking	0	-
PRPs-agentic-eng	2026-07-12T23:47:02Z	0	code-review	validation-suite-phase-1-harness-scaffold	3	R-COH-REGISTRY-MISSING	1	blocking	0	-
PRPs-agentic-eng	2026-07-12T23:47:02Z	0	code-review	validation-suite-phase-1-harness-scaffold	3	R-COH-TASK-CONTRADICTION	1	blocking	0	-
PRPs-agentic-eng	2026-07-12T23:47:02Z	0	code-review	validation-suite-phase-1-harness-scaffold	3	R-L1	1	blocking	0	-
PRPs-agentic-eng	2026-07-12T23:47:02Z	0	code-review	validation-suite-phase-1-harness-scaffold	3	R-L2	1	blocking	0	-
PRPs-agentic-eng	2026-07-12T23:47:02Z	0	code-review	validation-suite-phase-1-harness-scaffold	3	R-L3	1	blocking	0	-
PRPs-agentic-eng	2026-07-12T23:47:02Z	0	code-review	validation-suite-phase-1-harness-scaffold	3	R-S1	1	blocking	0	-
PRPs-agentic-eng	2026-07-12T23:47:02Z	0	code-review	validation-suite-phase-1-harness-scaffold	3	R-S2	1	blocking	0	-
PRPs-agentic-eng	2026-07-12T23:47:02Z	0	code-review	validation-suite-phase-1-harness-scaffold	3	R-S3	1	blocking	0	-
PRPs-agentic-eng	2026-07-12T23:47:02Z	0	code-review	validation-suite-phase-1-harness-scaffold	3	R-SEM	1	blocking	0	-
PRPs-agentic-eng	2026-07-12T23:47:02Z	0	code-review	validation-suite-phase-1-harness-scaffold	3	R-X	1	blocking	0	-
PRPs-agentic-eng	2026-07-12T23:54:54Z	0	code-review	validation-suite-phase-1-harness-scaffold	4	R-COH-CALLER-DRIFT	1	blocking	0	-
PRPs-agentic-eng	2026-07-12T23:54:54Z	0	code-review	validation-suite-phase-1-harness-scaffold	4	R-COH-CONFIG-DANGLING	1	blocking	0	-
PRPs-agentic-eng	2026-07-12T23:54:54Z	0	code-review	validation-suite-phase-1-harness-scaffold	4	R-COH-DEAD-IMPORT	1	blocking	0	-
PRPs-agentic-eng	2026-07-12T23:54:54Z	0	code-review	validation-suite-phase-1-harness-scaffold	4	R-COH-REGISTRY-MISSING	1	blocking	0	-
PRPs-agentic-eng	2026-07-12T23:54:54Z	0	code-review	validation-suite-phase-1-harness-scaffold	4	R-COH-TASK-CONTRADICTION	1	blocking	0	-
PRPs-agentic-eng	2026-07-12T23:54:54Z	0	code-review	validation-suite-phase-1-harness-scaffold	4	R-L1	1	blocking	0	-
PRPs-agentic-eng	2026-07-12T23:54:54Z	0	code-review	validation-suite-phase-1-harness-scaffold	4	R-L2	1	blocking	0	-
PRPs-agentic-eng	2026-07-12T23:54:54Z	0	code-review	validation-suite-phase-1-harness-scaffold	4	R-L3	1	blocking	0	-
PRPs-agentic-eng	2026-07-12T23:54:54Z	0	code-review	validation-suite-phase-1-harness-scaffold	4	R-S1	1	blocking	0	-
PRPs-agentic-eng	2026-07-12T23:54:54Z	0	code-review	validation-suite-phase-1-harness-scaffold	4	R-S2	1	blocking	0	-
PRPs-agentic-eng	2026-07-12T23:54:54Z	0	code-review	validation-suite-phase-1-harness-scaffold	4	R-S3	1	blocking	0	-
PRPs-agentic-eng	2026-07-12T23:54:54Z	0	code-review	validation-suite-phase-1-harness-scaffold	4	R-SEM	1	blocking	0	-
PRPs-agentic-eng	2026-07-12T23:54:54Z	0	code-review	validation-suite-phase-1-harness-scaffold	4	R-X	1	blocking	0	-
PRPs-agentic-eng	2026-07-13T15:09:26Z	0	code-review	validation-suite-phase-2-static-checks	1	R-COH-CALLER-DRIFT	1	blocking	0	-
PRPs-agentic-eng	2026-07-13T15:09:26Z	0	code-review	validation-suite-phase-2-static-checks	1	R-COH-COMMENT-MISMATCH	0	blocking	0	-
PRPs-agentic-eng	2026-07-13T15:09:26Z	0	code-review	validation-suite-phase-2-static-checks	1	R-COH-CONFIG-DANGLING	1	blocking	0	-
PRPs-agentic-eng	2026-07-13T15:09:26Z	0	code-review	validation-suite-phase-2-static-checks	1	R-COH-DEAD-IMPORT	1	blocking	0	-
PRPs-agentic-eng	2026-07-13T15:09:26Z	0	code-review	validation-suite-phase-2-static-checks	1	R-COH-REGISTRY-MISSING	1	blocking	0	-
PRPs-agentic-eng	2026-07-13T15:09:26Z	0	code-review	validation-suite-phase-2-static-checks	1	R-COH-TASK-CONTRADICTION	0	blocking	0	-
PRPs-agentic-eng	2026-07-13T15:09:26Z	0	code-review	validation-suite-phase-2-static-checks	1	R-L1	1	blocking	0	-
PRPs-agentic-eng	2026-07-13T15:09:26Z	0	code-review	validation-suite-phase-2-static-checks	1	R-L2	1	blocking	0	-
PRPs-agentic-eng	2026-07-13T15:09:26Z	0	code-review	validation-suite-phase-2-static-checks	1	R-L3	1	blocking	0	-
PRPs-agentic-eng	2026-07-13T15:09:26Z	0	code-review	validation-suite-phase-2-static-checks	1	R-S1	1	blocking	0	-
PRPs-agentic-eng	2026-07-13T15:09:26Z	0	code-review	validation-suite-phase-2-static-checks	1	R-S2	1	blocking	0	-
PRPs-agentic-eng	2026-07-13T15:09:26Z	0	code-review	validation-suite-phase-2-static-checks	1	R-S3	1	blocking	0	-
PRPs-agentic-eng	2026-07-13T15:09:26Z	0	code-review	validation-suite-phase-2-static-checks	1	R-SEM	0	blocking	0	-
PRPs-agentic-eng	2026-07-13T15:09:26Z	0	code-review	validation-suite-phase-2-static-checks	1	R-X	1	blocking	0	-
PRPs-agentic-eng	2026-07-13T16:50:00Z	0	code-review	validation-suite-phase-2-static-checks	2	R-COH-CALLER-DRIFT	1	blocking	0	-
PRPs-agentic-eng	2026-07-13T16:50:00Z	0	code-review	validation-suite-phase-2-static-checks	2	R-COH-COMMENT-MISMATCH	1	blocking	0	-
PRPs-agentic-eng	2026-07-13T16:50:00Z	0	code-review	validation-suite-phase-2-static-checks	2	R-COH-CONFIG-DANGLING	1	blocking	0	-
PRPs-agentic-eng	2026-07-13T16:50:00Z	0	code-review	validation-suite-phase-2-static-checks	2	R-COH-DEAD-IMPORT	1	blocking	0	-
PRPs-agentic-eng	2026-07-13T16:50:00Z	0	code-review	validation-suite-phase-2-static-checks	2	R-COH-REGISTRY-MISSING	1	blocking	0	-
PRPs-agentic-eng	2026-07-13T16:50:00Z	0	code-review	validation-suite-phase-2-static-checks	2	R-COH-SEMANTIC-DEGRADED	1	blocking	0	-
PRPs-agentic-eng	2026-07-13T16:50:00Z	0	code-review	validation-suite-phase-2-static-checks	2	R-COH-TASK-CONTRADICTION	1	blocking	0	-
PRPs-agentic-eng	2026-07-13T16:50:00Z	0	code-review	validation-suite-phase-2-static-checks	2	R-L1	1	blocking	0	-
PRPs-agentic-eng	2026-07-13T16:50:00Z	0	code-review	validation-suite-phase-2-static-checks	2	R-L2	1	blocking	0	-
PRPs-agentic-eng	2026-07-13T16:50:00Z	0	code-review	validation-suite-phase-2-static-checks	2	R-L3	1	blocking	0	-
PRPs-agentic-eng	2026-07-13T16:50:00Z	0	code-review	validation-suite-phase-2-static-checks	2	R-S1	1	blocking	0	-
PRPs-agentic-eng	2026-07-13T16:50:00Z	0	code-review	validation-suite-phase-2-static-checks	2	R-S2	1	blocking	0	-
PRPs-agentic-eng	2026-07-13T16:50:00Z	0	code-review	validation-suite-phase-2-static-checks	2	R-S3	1	blocking	0	-
PRPs-agentic-eng	2026-07-13T16:50:00Z	0	code-review	validation-suite-phase-2-static-checks	2	R-SEM	1	blocking	0	-
PRPs-agentic-eng	2026-07-13T16:50:00Z	0	code-review	validation-suite-phase-2-static-checks	2	R-X	1	blocking	0	-
PRPs-agentic-eng	2026-07-13T18:38:23Z	0	code-review	validation-suite-phase-3-go-green	1	R-COH-CALLER-DRIFT	1	blocking	0	-
PRPs-agentic-eng	2026-07-13T18:38:23Z	0	code-review	validation-suite-phase-3-go-green	1	R-COH-CONFIG-DANGLING	1	blocking	0	-
PRPs-agentic-eng	2026-07-13T18:38:23Z	0	code-review	validation-suite-phase-3-go-green	1	R-COH-DEAD-IMPORT	1	blocking	0	-
PRPs-agentic-eng	2026-07-13T18:38:23Z	0	code-review	validation-suite-phase-3-go-green	1	R-COH-OTHER-INTERNAL-CONTRADICTION	1	blocking	0	-
PRPs-agentic-eng	2026-07-13T18:38:23Z	0	code-review	validation-suite-phase-3-go-green	1	R-COH-REGISTRY-MISSING	1	blocking	0	-
PRPs-agentic-eng	2026-07-13T18:38:23Z	0	code-review	validation-suite-phase-3-go-green	1	R-COH-TASK-CONTRADICTION	1	blocking	0	-
PRPs-agentic-eng	2026-07-13T18:38:23Z	0	code-review	validation-suite-phase-3-go-green	1	R-L1	1	blocking	0	-
PRPs-agentic-eng	2026-07-13T18:38:23Z	0	code-review	validation-suite-phase-3-go-green	1	R-L2	1	blocking	0	-
PRPs-agentic-eng	2026-07-13T18:38:23Z	0	code-review	validation-suite-phase-3-go-green	1	R-L3	1	blocking	0	-
PRPs-agentic-eng	2026-07-13T18:38:23Z	0	code-review	validation-suite-phase-3-go-green	1	R-S1	1	blocking	0	-
PRPs-agentic-eng	2026-07-13T18:38:23Z	0	code-review	validation-suite-phase-3-go-green	1	R-S2	1	blocking	0	-
PRPs-agentic-eng	2026-07-13T18:38:23Z	0	code-review	validation-suite-phase-3-go-green	1	R-S3	1	blocking	0	-
PRPs-agentic-eng	2026-07-13T18:38:23Z	0	code-review	validation-suite-phase-3-go-green	1	R-SEM	1	blocking	0	-
PRPs-agentic-eng	2026-07-13T18:38:23Z	0	code-review	validation-suite-phase-3-go-green	1	R-X	1	blocking	0	-
PRPs-agentic-eng	2026-07-13T19:10:13Z	0	code-review	validation-suite-phase-4-pre-commit-wiring	1	R-COH-CALLER-DRIFT	1	blocking	0	-
PRPs-agentic-eng	2026-07-13T19:10:13Z	0	code-review	validation-suite-phase-4-pre-commit-wiring	1	R-COH-CONFIG-DANGLING	1	blocking	0	-
PRPs-agentic-eng	2026-07-13T19:10:13Z	0	code-review	validation-suite-phase-4-pre-commit-wiring	1	R-COH-DEAD-IMPORT	1	blocking	0	-
PRPs-agentic-eng	2026-07-13T19:10:13Z	0	code-review	validation-suite-phase-4-pre-commit-wiring	1	R-COH-REGISTRY-MISSING	1	blocking	0	-
PRPs-agentic-eng	2026-07-13T19:10:13Z	0	code-review	validation-suite-phase-4-pre-commit-wiring	1	R-COH-TASK-CONTRADICTION	1	blocking	0	-
PRPs-agentic-eng	2026-07-13T19:10:13Z	0	code-review	validation-suite-phase-4-pre-commit-wiring	1	R-L1	1	blocking	0	-
PRPs-agentic-eng	2026-07-13T19:10:13Z	0	code-review	validation-suite-phase-4-pre-commit-wiring	1	R-L2	1	blocking	0	-
PRPs-agentic-eng	2026-07-13T19:10:13Z	0	code-review	validation-suite-phase-4-pre-commit-wiring	1	R-L3	1	blocking	0	-
PRPs-agentic-eng	2026-07-13T19:10:13Z	0	code-review	validation-suite-phase-4-pre-commit-wiring	1	R-S1	1	blocking	0	-
PRPs-agentic-eng	2026-07-13T19:10:13Z	0	code-review	validation-suite-phase-4-pre-commit-wiring	1	R-S2	1	blocking	0	-
PRPs-agentic-eng	2026-07-13T19:10:13Z	0	code-review	validation-suite-phase-4-pre-commit-wiring	1	R-S3	1	blocking	0	-
PRPs-agentic-eng	2026-07-13T19:10:13Z	0	code-review	validation-suite-phase-4-pre-commit-wiring	1	R-SEM	1	blocking	0	-
PRPs-agentic-eng	2026-07-13T19:10:13Z	0	code-review	validation-suite-phase-4-pre-commit-wiring	1	R-X	1	blocking	0	-
PRPs-agentic-eng	2026-07-13T19:42:34Z	0	code-review	validation-suite-phase-5-eval-layer	1	R-COH-CALLER-DRIFT	1	blocking	0	-
PRPs-agentic-eng	2026-07-13T19:42:34Z	0	code-review	validation-suite-phase-5-eval-layer	1	R-COH-CONFIG-DANGLING	1	blocking	0	-
PRPs-agentic-eng	2026-07-13T19:42:34Z	0	code-review	validation-suite-phase-5-eval-layer	1	R-COH-DEAD-IMPORT	1	blocking	0	-
PRPs-agentic-eng	2026-07-13T19:42:34Z	0	code-review	validation-suite-phase-5-eval-layer	1	R-COH-REGISTRY-MISSING	1	blocking	0	-
PRPs-agentic-eng	2026-07-13T19:42:34Z	0	code-review	validation-suite-phase-5-eval-layer	1	R-COH-TASK-CONTRADICTION	1	blocking	0	-
PRPs-agentic-eng	2026-07-13T19:42:34Z	0	code-review	validation-suite-phase-5-eval-layer	1	R-L1	1	blocking	0	-
PRPs-agentic-eng	2026-07-13T19:42:34Z	0	code-review	validation-suite-phase-5-eval-layer	1	R-L2	1	blocking	0	-
PRPs-agentic-eng	2026-07-13T19:42:34Z	0	code-review	validation-suite-phase-5-eval-layer	1	R-L3	1	blocking	0	-
PRPs-agentic-eng	2026-07-13T19:42:34Z	0	code-review	validation-suite-phase-5-eval-layer	1	R-S1	1	blocking	0	-
PRPs-agentic-eng	2026-07-13T19:42:34Z	0	code-review	validation-suite-phase-5-eval-layer	1	R-S2	1	blocking	0	-
PRPs-agentic-eng	2026-07-13T19:42:34Z	0	code-review	validation-suite-phase-5-eval-layer	1	R-S3	1	blocking	0	-
PRPs-agentic-eng	2026-07-13T19:42:34Z	0	code-review	validation-suite-phase-5-eval-layer	1	R-SEM	1	blocking	0	-
PRPs-agentic-eng	2026-07-13T19:42:34Z	0	code-review	validation-suite-phase-5-eval-layer	1	R-X	1	blocking	0	-
PRPs-agentic-eng	2026-07-31T00:00:00Z	1	plan-review	add-an-11th-static-check-to-scriptsvalidate-that	1	R-COH-ACTION-VALIDATE-CONTRADICTION	1	blocking	0	-
PRPs-agentic-eng	2026-07-31T00:00:00Z	1	plan-review	add-an-11th-static-check-to-scriptsvalidate-that	1	R-COH-FILES-UNTOUCHED	1	blocking	0	-
PRPs-agentic-eng	2026-07-31T00:00:00Z	1	plan-review	add-an-11th-static-check-to-scriptsvalidate-that	1	R-COH-MANDATORY-READING-IRRELEVANT	0	blocking	0	-
PRPs-agentic-eng	2026-07-31T00:00:00Z	1	plan-review	add-an-11th-static-check-to-scriptsvalidate-that	1	R-COH-MANDATORY-READING-MISSING	1	blocking	0	-
PRPs-agentic-eng	2026-07-31T00:00:00Z	1	plan-review	add-an-11th-static-check-to-scriptsvalidate-that	1	R-COH-PATTERN-SOURCE-MISSING	0	blocking	0	-
PRPs-agentic-eng	2026-07-31T00:00:00Z	1	plan-review	add-an-11th-static-check-to-scriptsvalidate-that	1	R-COH-TASK-AC-MISSING	1	blocking	0	-
PRPs-agentic-eng	2026-07-31T00:00:00Z	1	plan-review	add-an-11th-static-check-to-scriptsvalidate-that	1	R-COH-VALIDATE-ALWAYS-PASS	1	blocking	0	-
PRPs-agentic-eng	2026-07-31T00:00:00Z	1	plan-review	add-an-11th-static-check-to-scriptsvalidate-that	1	R-COH-VALIDATE-FORBIDDEN-GREP-SCOPE	1	blocking	0	-
PRPs-agentic-eng	2026-07-31T00:00:00Z	1	plan-review	add-an-11th-static-check-to-scriptsvalidate-that	1	R-COH-VALIDATE-FRAMEWORK-MISMATCH	1	blocking	0	-
PRPs-agentic-eng	2026-07-31T00:00:00Z	1	plan-review	add-an-11th-static-check-to-scriptsvalidate-that	1	R-COH-VALIDATE-SEARCH-AMBIGUOUS	1	blocking	0	-
PRPs-agentic-eng	2026-07-31T00:00:00Z	1	plan-review	add-an-11th-static-check-to-scriptsvalidate-that	1	R1	1	blocking	0	-
PRPs-agentic-eng	2026-07-31T00:00:00Z	1	plan-review	add-an-11th-static-check-to-scriptsvalidate-that	1	R2	1	blocking	0	-
PRPs-agentic-eng	2026-07-31T00:00:00Z	1	plan-review	add-an-11th-static-check-to-scriptsvalidate-that	1	R3	1	blocking	0	-
PRPs-agentic-eng	2026-07-31T00:00:00Z	1	plan-review	add-an-11th-static-check-to-scriptsvalidate-that	1	R4	1	blocking	0	-
PRPs-agentic-eng	2026-07-31T00:00:00Z	1	plan-review	add-an-11th-static-check-to-scriptsvalidate-that	1	R5	1	blocking	0	-
PRPs-agentic-eng	2026-07-31T00:00:00Z	1	plan-review	add-an-11th-static-check-to-scriptsvalidate-that	1	R6	1	blocking	0	-
PRPs-agentic-eng	2026-07-31T00:00:00Z	1	plan-review	add-an-11th-static-check-to-scriptsvalidate-that	1	R7	1	blocking	0	-
PRPs-agentic-eng	2026-07-31T00:00:00Z	1	plan-review	add-an-11th-static-check-to-scriptsvalidate-that	1	R8-desc-min-ac	1	blocking	0	-
PRPs-agentic-eng	2026-07-31T00:00:00Z	1	plan-review	add-an-11th-static-check-to-scriptsvalidate-that	1	R8a	1	blocking	0	-
PRPs-agentic-eng	2026-07-31T00:00:00Z	1	plan-review	add-an-11th-static-check-to-scriptsvalidate-that	1	R8b	1	blocking	0	-
PRPs-agentic-eng	2026-07-31T00:00:00Z	1	plan-review	add-an-11th-static-check-to-scriptsvalidate-that	1	R8c	1	blocking	0	-
PRPs-agentic-eng	2026-07-31T18:30:09Z	0	plan-review	add-an-11th-static-check-to-scriptsvalidate-that	2	R-COH-ACTION-VALIDATE-CONTRADICTION	1	blocking	0	-
PRPs-agentic-eng	2026-07-31T18:30:09Z	0	plan-review	add-an-11th-static-check-to-scriptsvalidate-that	2	R-COH-FILES-UNTOUCHED	1	blocking	0	-
PRPs-agentic-eng	2026-07-31T18:30:09Z	0	plan-review	add-an-11th-static-check-to-scriptsvalidate-that	2	R-COH-MANDATORY-READING-IRRELEVANT	1	blocking	0	-
PRPs-agentic-eng	2026-07-31T18:30:09Z	0	plan-review	add-an-11th-static-check-to-scriptsvalidate-that	2	R-COH-MANDATORY-READING-MISSING	1	blocking	0	-
PRPs-agentic-eng	2026-07-31T18:30:09Z	0	plan-review	add-an-11th-static-check-to-scriptsvalidate-that	2	R-COH-PATTERN-SOURCE-MISSING	1	blocking	0	-
PRPs-agentic-eng	2026-07-31T18:30:09Z	0	plan-review	add-an-11th-static-check-to-scriptsvalidate-that	2	R-COH-TASK-AC-MISSING	1	blocking	0	-
PRPs-agentic-eng	2026-07-31T18:30:09Z	0	plan-review	add-an-11th-static-check-to-scriptsvalidate-that	2	R-COH-VALIDATE-ALWAYS-PASS	1	blocking	0	-
PRPs-agentic-eng	2026-07-31T18:30:09Z	0	plan-review	add-an-11th-static-check-to-scriptsvalidate-that	2	R-COH-VALIDATE-FORBIDDEN-GREP-SCOPE	1	blocking	0	-
PRPs-agentic-eng	2026-07-31T18:30:09Z	0	plan-review	add-an-11th-static-check-to-scriptsvalidate-that	2	R-COH-VALIDATE-FRAMEWORK-MISMATCH	1	blocking	0	-
PRPs-agentic-eng	2026-07-31T18:30:09Z	0	plan-review	add-an-11th-static-check-to-scriptsvalidate-that	2	R-COH-VALIDATE-SEARCH-AMBIGUOUS	1	blocking	0	-
PRPs-agentic-eng	2026-07-31T18:30:09Z	0	plan-review	add-an-11th-static-check-to-scriptsvalidate-that	2	R1	1	blocking	0	-
PRPs-agentic-eng	2026-07-31T18:30:09Z	0	plan-review	add-an-11th-static-check-to-scriptsvalidate-that	2	R2	1	blocking	0	-
PRPs-agentic-eng	2026-07-31T18:30:09Z	0	plan-review	add-an-11th-static-check-to-scriptsvalidate-that	2	R3	1	blocking	0	-
PRPs-agentic-eng	2026-07-31T18:30:09Z	0	plan-review	add-an-11th-static-check-to-scriptsvalidate-that	2	R4	1	blocking	0	-
PRPs-agentic-eng	2026-07-31T18:30:09Z	0	plan-review	add-an-11th-static-check-to-scriptsvalidate-that	2	R5	1	blocking	0	-
PRPs-agentic-eng	2026-07-31T18:30:09Z	0	plan-review	add-an-11th-static-check-to-scriptsvalidate-that	2	R6	1	blocking	0	-
PRPs-agentic-eng	2026-07-31T18:30:09Z	0	plan-review	add-an-11th-static-check-to-scriptsvalidate-that	2	R7	1	blocking	0	-
PRPs-agentic-eng	2026-07-31T18:30:09Z	0	plan-review	add-an-11th-static-check-to-scriptsvalidate-that	2	R8-desc-min-ac	1	blocking	0	-
PRPs-agentic-eng	2026-07-31T18:30:09Z	0	plan-review	add-an-11th-static-check-to-scriptsvalidate-that	2	R8a	1	blocking	0	-
PRPs-agentic-eng	2026-07-31T18:30:09Z	0	plan-review	add-an-11th-static-check-to-scriptsvalidate-that	2	R8b	1	blocking	0	-
PRPs-agentic-eng	2026-07-31T18:30:09Z	0	plan-review	add-an-11th-static-check-to-scriptsvalidate-that	2	R8c	1	blocking	0	-
PRPs-agentic-eng	2026-07-28T00:00:00Z	0	plan-review	add-an-8th-fixed-deterministic-check-r-coh-validate-search	1	R-COH-FILES-UNTOUCHED	1	blocking	0	-
PRPs-agentic-eng	2026-07-28T00:00:00Z	0	plan-review	add-an-8th-fixed-deterministic-check-r-coh-validate-search	1	R-COH-MANDATORY-READING-MISSING	1	blocking	0	-
PRPs-agentic-eng	2026-07-28T00:00:00Z	0	plan-review	add-an-8th-fixed-deterministic-check-r-coh-validate-search	1	R-COH-PATTERN-SOURCE-MISSING	1	blocking	0	-
PRPs-agentic-eng	2026-07-28T00:00:00Z	0	plan-review	add-an-8th-fixed-deterministic-check-r-coh-validate-search	1	R-COH-PATTERN-TASK-DRIFT	0	blocking	0	-
PRPs-agentic-eng	2026-07-28T00:00:00Z	0	plan-review	add-an-8th-fixed-deterministic-check-r-coh-validate-search	1	R-COH-TASK-AC-MISSING	1	blocking	0	-
PRPs-agentic-eng	2026-07-28T00:00:00Z	0	plan-review	add-an-8th-fixed-deterministic-check-r-coh-validate-search	1	R-COH-VALIDATE-ALWAYS-PASS	1	blocking	0	-
PRPs-agentic-eng	2026-07-28T00:00:00Z	0	plan-review	add-an-8th-fixed-deterministic-check-r-coh-validate-search	1	R-COH-VALIDATE-FRAMEWORK-MISMATCH	1	blocking	0	-
PRPs-agentic-eng	2026-07-28T00:00:00Z	0	plan-review	add-an-8th-fixed-deterministic-check-r-coh-validate-search	1	R1	1	blocking	0	-
PRPs-agentic-eng	2026-07-28T00:00:00Z	0	plan-review	add-an-8th-fixed-deterministic-check-r-coh-validate-search	1	R2	0	blocking	0	-
PRPs-agentic-eng	2026-07-28T00:00:00Z	0	plan-review	add-an-8th-fixed-deterministic-check-r-coh-validate-search	1	R3	1	blocking	0	-
PRPs-agentic-eng	2026-07-28T00:00:00Z	0	plan-review	add-an-8th-fixed-deterministic-check-r-coh-validate-search	1	R4	1	blocking	0	-
PRPs-agentic-eng	2026-07-28T00:00:00Z	0	plan-review	add-an-8th-fixed-deterministic-check-r-coh-validate-search	1	R5	1	blocking	0	-
PRPs-agentic-eng	2026-07-28T00:00:00Z	0	plan-review	add-an-8th-fixed-deterministic-check-r-coh-validate-search	1	R6	1	blocking	0	-
PRPs-agentic-eng	2026-07-28T00:00:00Z	0	plan-review	add-an-8th-fixed-deterministic-check-r-coh-validate-search	1	R7	1	blocking	0	-
PRPs-agentic-eng	2026-07-28T00:00:00Z	0	plan-review	add-an-8th-fixed-deterministic-check-r-coh-validate-search	1	R8-desc-min-ac	1	blocking	0	-
PRPs-agentic-eng	2026-07-28T00:00:00Z	0	plan-review	add-an-8th-fixed-deterministic-check-r-coh-validate-search	1	R8a	1	blocking	0	-
PRPs-agentic-eng	2026-07-28T00:00:00Z	0	plan-review	add-an-8th-fixed-deterministic-check-r-coh-validate-search	1	R8b	1	blocking	0	-
PRPs-agentic-eng	2026-07-28T00:00:00Z	0	plan-review	add-an-8th-fixed-deterministic-check-r-coh-validate-search	1	R8c	1	blocking	0	-
PRPs-agentic-eng	2026-07-28T00:15:00Z	0	plan-review	add-an-8th-fixed-deterministic-check-r-coh-validate-search	2	R-COH-FILES-UNTOUCHED	1	blocking	0	-
PRPs-agentic-eng	2026-07-28T00:15:00Z	0	plan-review	add-an-8th-fixed-deterministic-check-r-coh-validate-search	2	R-COH-MANDATORY-READING-MISSING	1	blocking	0	-
PRPs-agentic-eng	2026-07-28T00:15:00Z	0	plan-review	add-an-8th-fixed-deterministic-check-r-coh-validate-search	2	R-COH-PATTERN-SOURCE-MISSING	1	blocking	0	-
PRPs-agentic-eng	2026-07-28T00:15:00Z	0	plan-review	add-an-8th-fixed-deterministic-check-r-coh-validate-search	2	R-COH-PATTERN-TASK-DRIFT	1	blocking	0	-
PRPs-agentic-eng	2026-07-28T00:15:00Z	0	plan-review	add-an-8th-fixed-deterministic-check-r-coh-validate-search	2	R-COH-TASK-AC-MISSING	1	blocking	0	-
PRPs-agentic-eng	2026-07-28T00:15:00Z	0	plan-review	add-an-8th-fixed-deterministic-check-r-coh-validate-search	2	R-COH-VALIDATE-ALWAYS-PASS	1	blocking	0	-
PRPs-agentic-eng	2026-07-28T00:15:00Z	0	plan-review	add-an-8th-fixed-deterministic-check-r-coh-validate-search	2	R-COH-VALIDATE-FRAMEWORK-MISMATCH	1	blocking	0	-
PRPs-agentic-eng	2026-07-28T00:15:00Z	0	plan-review	add-an-8th-fixed-deterministic-check-r-coh-validate-search	2	R1	1	blocking	0	-
PRPs-agentic-eng	2026-07-28T00:15:00Z	0	plan-review	add-an-8th-fixed-deterministic-check-r-coh-validate-search	2	R2	1	blocking	0	-
PRPs-agentic-eng	2026-07-28T00:15:00Z	0	plan-review	add-an-8th-fixed-deterministic-check-r-coh-validate-search	2	R3	1	blocking	0	-
PRPs-agentic-eng	2026-07-28T00:15:00Z	0	plan-review	add-an-8th-fixed-deterministic-check-r-coh-validate-search	2	R4	1	blocking	0	-
PRPs-agentic-eng	2026-07-28T00:15:00Z	0	plan-review	add-an-8th-fixed-deterministic-check-r-coh-validate-search	2	R5	1	blocking	0	-
PRPs-agentic-eng	2026-07-28T00:15:00Z	0	plan-review	add-an-8th-fixed-deterministic-check-r-coh-validate-search	2	R6	1	blocking	0	-
PRPs-agentic-eng	2026-07-28T00:15:00Z	0	plan-review	add-an-8th-fixed-deterministic-check-r-coh-validate-search	2	R7	1	blocking	0	-
PRPs-agentic-eng	2026-07-28T00:15:00Z	0	plan-review	add-an-8th-fixed-deterministic-check-r-coh-validate-search	2	R8-desc-min-ac	1	blocking	0	-
PRPs-agentic-eng	2026-07-28T00:15:00Z	0	plan-review	add-an-8th-fixed-deterministic-check-r-coh-validate-search	2	R8a	1	blocking	0	-
PRPs-agentic-eng	2026-07-28T00:15:00Z	0	plan-review	add-an-8th-fixed-deterministic-check-r-coh-validate-search	2	R8b	1	blocking	0	-
PRPs-agentic-eng	2026-07-28T00:15:00Z	0	plan-review	add-an-8th-fixed-deterministic-check-r-coh-validate-search	2	R8c	1	blocking	0	-
PRPs-agentic-eng	2026-07-31T20:52:53Z	0	plan-review	close-the-consumer-half-of-the-v0250-reviewstartedat	1	R-COH-ACTION-VALIDATE-CONTRADICTION	1	blocking	0	-
PRPs-agentic-eng	2026-07-31T20:52:53Z	0	plan-review	close-the-consumer-half-of-the-v0250-reviewstartedat	1	R-COH-FILES-UNTOUCHED	0	blocking	0	-
PRPs-agentic-eng	2026-07-31T20:52:53Z	0	plan-review	close-the-consumer-half-of-the-v0250-reviewstartedat	1	R-COH-MANDATORY-READING-MISSING	1	blocking	0	-
PRPs-agentic-eng	2026-07-31T20:52:53Z	0	plan-review	close-the-consumer-half-of-the-v0250-reviewstartedat	1	R-COH-PATTERN-SOURCE-MISSING	1	blocking	0	-
PRPs-agentic-eng	2026-07-31T20:52:53Z	0	plan-review	close-the-consumer-half-of-the-v0250-reviewstartedat	1	R-COH-TASK-AC-MISSING	0	blocking	0	-
PRPs-agentic-eng	2026-07-31T20:52:53Z	0	plan-review	close-the-consumer-half-of-the-v0250-reviewstartedat	1	R-COH-VALIDATE-ALWAYS-PASS	0	blocking	0	-
PRPs-agentic-eng	2026-07-31T20:52:53Z	0	plan-review	close-the-consumer-half-of-the-v0250-reviewstartedat	1	R-COH-VALIDATE-FORBIDDEN-GREP-SCOPE	1	blocking	0	-
PRPs-agentic-eng	2026-07-31T20:52:53Z	0	plan-review	close-the-consumer-half-of-the-v0250-reviewstartedat	1	R-COH-VALIDATE-FRAMEWORK-MISMATCH	1	blocking	0	-
PRPs-agentic-eng	2026-07-31T20:52:53Z	0	plan-review	close-the-consumer-half-of-the-v0250-reviewstartedat	1	R-COH-VALIDATE-SEARCH-AMBIGUOUS	1	blocking	0	-
PRPs-agentic-eng	2026-07-31T20:52:53Z	0	plan-review	close-the-consumer-half-of-the-v0250-reviewstartedat	1	R1	1	blocking	0	-
PRPs-agentic-eng	2026-07-31T20:52:53Z	0	plan-review	close-the-consumer-half-of-the-v0250-reviewstartedat	1	R2	1	blocking	0	-
PRPs-agentic-eng	2026-07-31T20:52:53Z	0	plan-review	close-the-consumer-half-of-the-v0250-reviewstartedat	1	R3	1	blocking	0	-
PRPs-agentic-eng	2026-07-31T20:52:53Z	0	plan-review	close-the-consumer-half-of-the-v0250-reviewstartedat	1	R4	1	blocking	0	-
PRPs-agentic-eng	2026-07-31T20:52:53Z	0	plan-review	close-the-consumer-half-of-the-v0250-reviewstartedat	1	R5	1	blocking	0	-
PRPs-agentic-eng	2026-07-31T20:52:53Z	0	plan-review	close-the-consumer-half-of-the-v0250-reviewstartedat	1	R6	1	blocking	0	-
PRPs-agentic-eng	2026-07-31T20:52:53Z	0	plan-review	close-the-consumer-half-of-the-v0250-reviewstartedat	1	R7	1	blocking	0	-
PRPs-agentic-eng	2026-07-31T20:52:53Z	0	plan-review	close-the-consumer-half-of-the-v0250-reviewstartedat	1	R8-desc-min-ac	1	blocking	0	-
PRPs-agentic-eng	2026-07-31T20:52:53Z	0	plan-review	close-the-consumer-half-of-the-v0250-reviewstartedat	1	R8a	1	blocking	0	-
PRPs-agentic-eng	2026-07-31T20:52:53Z	0	plan-review	close-the-consumer-half-of-the-v0250-reviewstartedat	1	R8b	1	blocking	0	-
PRPs-agentic-eng	2026-07-31T20:52:53Z	0	plan-review	close-the-consumer-half-of-the-v0250-reviewstartedat	1	R8c	1	blocking	0	-
PRPs-agentic-eng	2026-07-31T21:02:34Z	0	plan-review	close-the-consumer-half-of-the-v0250-reviewstartedat	2	R-COH-ACTION-VALIDATE-CONTRADICTION	1	blocking	0	-
PRPs-agentic-eng	2026-07-31T21:02:34Z	0	plan-review	close-the-consumer-half-of-the-v0250-reviewstartedat	2	R-COH-FILES-UNTOUCHED	1	blocking	0	-
PRPs-agentic-eng	2026-07-31T21:02:34Z	0	plan-review	close-the-consumer-half-of-the-v0250-reviewstartedat	2	R-COH-MANDATORY-READING-MISSING	1	blocking	0	-
PRPs-agentic-eng	2026-07-31T21:02:34Z	0	plan-review	close-the-consumer-half-of-the-v0250-reviewstartedat	2	R-COH-PATTERN-SOURCE-MISSING	1	blocking	0	-
PRPs-agentic-eng	2026-07-31T21:02:34Z	0	plan-review	close-the-consumer-half-of-the-v0250-reviewstartedat	2	R-COH-TASK-AC-MISSING	1	blocking	0	-
PRPs-agentic-eng	2026-07-31T21:02:34Z	0	plan-review	close-the-consumer-half-of-the-v0250-reviewstartedat	2	R-COH-VALIDATE-ALWAYS-PASS	1	blocking	0	-
PRPs-agentic-eng	2026-07-31T21:02:34Z	0	plan-review	close-the-consumer-half-of-the-v0250-reviewstartedat	2	R-COH-VALIDATE-FORBIDDEN-GREP-SCOPE	1	blocking	0	-
PRPs-agentic-eng	2026-07-31T21:02:34Z	0	plan-review	close-the-consumer-half-of-the-v0250-reviewstartedat	2	R-COH-VALIDATE-FRAMEWORK-MISMATCH	1	blocking	0	-
PRPs-agentic-eng	2026-07-31T21:02:34Z	0	plan-review	close-the-consumer-half-of-the-v0250-reviewstartedat	2	R-COH-VALIDATE-SEARCH-AMBIGUOUS	1	blocking	0	-
PRPs-agentic-eng	2026-07-31T21:02:34Z	0	plan-review	close-the-consumer-half-of-the-v0250-reviewstartedat	2	R1	1	blocking	0	-
PRPs-agentic-eng	2026-07-31T21:02:34Z	0	plan-review	close-the-consumer-half-of-the-v0250-reviewstartedat	2	R2	1	blocking	0	-
PRPs-agentic-eng	2026-07-31T21:02:34Z	0	plan-review	close-the-consumer-half-of-the-v0250-reviewstartedat	2	R3	1	blocking	0	-
PRPs-agentic-eng	2026-07-31T21:02:34Z	0	plan-review	close-the-consumer-half-of-the-v0250-reviewstartedat	2	R4	1	blocking	0	-
PRPs-agentic-eng	2026-07-31T21:02:34Z	0	plan-review	close-the-consumer-half-of-the-v0250-reviewstartedat	2	R5	1	blocking	0	-
PRPs-agentic-eng	2026-07-31T21:02:34Z	0	plan-review	close-the-consumer-half-of-the-v0250-reviewstartedat	2	R6	1	blocking	0	-
PRPs-agentic-eng	2026-07-31T21:02:34Z	0	plan-review	close-the-consumer-half-of-the-v0250-reviewstartedat	2	R7	1	blocking	0	-
PRPs-agentic-eng	2026-07-31T21:02:34Z	0	plan-review	close-the-consumer-half-of-the-v0250-reviewstartedat	2	R8	1	blocking	0	-
PRPs-agentic-eng	2026-07-31T21:02:34Z	0	plan-review	close-the-consumer-half-of-the-v0250-reviewstartedat	2	R8-desc-min-ac	1	blocking	0	-
PRPs-agentic-eng	2026-07-31T21:02:34Z	0	plan-review	close-the-consumer-half-of-the-v0250-reviewstartedat	2	R8a	1	blocking	0	-
PRPs-agentic-eng	2026-07-31T21:02:34Z	0	plan-review	close-the-consumer-half-of-the-v0250-reviewstartedat	2	R8b	1	blocking	0	-
PRPs-agentic-eng	2026-07-31T21:02:34Z	0	plan-review	close-the-consumer-half-of-the-v0250-reviewstartedat	2	R8c	1	blocking	0	-
PRPs-agentic-eng	2026-07-31T21:12:59Z	0	plan-review	close-the-consumer-half-of-the-v0250-reviewstartedat	3	R-COH-ACTION-VALIDATE-CONTRADICTION	1	blocking	0	-
PRPs-agentic-eng	2026-07-31T21:12:59Z	0	plan-review	close-the-consumer-half-of-the-v0250-reviewstartedat	3	R-COH-FILES-UNTOUCHED	0	blocking	0	-
PRPs-agentic-eng	2026-07-31T21:12:59Z	0	plan-review	close-the-consumer-half-of-the-v0250-reviewstartedat	3	R-COH-MANDATORY-READING-MISSING	1	blocking	0	-
PRPs-agentic-eng	2026-07-31T21:12:59Z	0	plan-review	close-the-consumer-half-of-the-v0250-reviewstartedat	3	R-COH-OTHER-INTERNAL-CONTRADICTION	0	blocking	0	-
PRPs-agentic-eng	2026-07-31T21:12:59Z	0	plan-review	close-the-consumer-half-of-the-v0250-reviewstartedat	3	R-COH-OTHER-INTERNAL-CONTRADICTION	0	blocking	0	-
PRPs-agentic-eng	2026-07-31T21:12:59Z	0	plan-review	close-the-consumer-half-of-the-v0250-reviewstartedat	3	R-COH-PATTERN-SOURCE-MISSING	1	blocking	0	-
PRPs-agentic-eng	2026-07-31T21:12:59Z	0	plan-review	close-the-consumer-half-of-the-v0250-reviewstartedat	3	R-COH-TASK-AC-MISSING	1	blocking	0	-
PRPs-agentic-eng	2026-07-31T21:12:59Z	0	plan-review	close-the-consumer-half-of-the-v0250-reviewstartedat	3	R-COH-VALIDATE-ALWAYS-PASS	1	blocking	0	-
PRPs-agentic-eng	2026-07-31T21:12:59Z	0	plan-review	close-the-consumer-half-of-the-v0250-reviewstartedat	3	R-COH-VALIDATE-FORBIDDEN-GREP-SCOPE	1	blocking	0	-
PRPs-agentic-eng	2026-07-31T21:12:59Z	0	plan-review	close-the-consumer-half-of-the-v0250-reviewstartedat	3	R-COH-VALIDATE-FRAMEWORK-MISMATCH	1	blocking	0	-
PRPs-agentic-eng	2026-07-31T21:12:59Z	0	plan-review	close-the-consumer-half-of-the-v0250-reviewstartedat	3	R-COH-VALIDATE-SEARCH-AMBIGUOUS	1	blocking	0	-
PRPs-agentic-eng	2026-07-31T21:12:59Z	0	plan-review	close-the-consumer-half-of-the-v0250-reviewstartedat	3	R1	1	blocking	0	-
PRPs-agentic-eng	2026-07-31T21:12:59Z	0	plan-review	close-the-consumer-half-of-the-v0250-reviewstartedat	3	R2	1	blocking	0	-
PRPs-agentic-eng	2026-07-31T21:12:59Z	0	plan-review	close-the-consumer-half-of-the-v0250-reviewstartedat	3	R3	1	blocking	0	-
PRPs-agentic-eng	2026-07-31T21:12:59Z	0	plan-review	close-the-consumer-half-of-the-v0250-reviewstartedat	3	R4	1	blocking	0	-
PRPs-agentic-eng	2026-07-31T21:12:59Z	0	plan-review	close-the-consumer-half-of-the-v0250-reviewstartedat	3	R5	1	blocking	0	-
PRPs-agentic-eng	2026-07-31T21:12:59Z	0	plan-review	close-the-consumer-half-of-the-v0250-reviewstartedat	3	R6	1	blocking	0	-
PRPs-agentic-eng	2026-07-31T21:12:59Z	0	plan-review	close-the-consumer-half-of-the-v0250-reviewstartedat	3	R7	1	blocking	0	-
PRPs-agentic-eng	2026-07-31T21:12:59Z	0	plan-review	close-the-consumer-half-of-the-v0250-reviewstartedat	3	R8-desc-min-ac	1	blocking	0	-
PRPs-agentic-eng	2026-07-31T21:12:59Z	0	plan-review	close-the-consumer-half-of-the-v0250-reviewstartedat	3	R8a	1	blocking	0	-
PRPs-agentic-eng	2026-07-31T21:12:59Z	0	plan-review	close-the-consumer-half-of-the-v0250-reviewstartedat	3	R8b	1	blocking	0	-
PRPs-agentic-eng	2026-07-31T21:12:59Z	0	plan-review	close-the-consumer-half-of-the-v0250-reviewstartedat	3	R8c	1	blocking	0	-
PRPs-agentic-eng	2026-07-31T21:22:26Z	0	plan-review	close-the-consumer-half-of-the-v0250-reviewstartedat	4	R-COH-ACTION-VALIDATE-CONTRADICTION	1	blocking	0	-
PRPs-agentic-eng	2026-07-31T21:22:26Z	0	plan-review	close-the-consumer-half-of-the-v0250-reviewstartedat	4	R-COH-FILES-UNTOUCHED	1	blocking	0	-
PRPs-agentic-eng	2026-07-31T21:22:26Z	0	plan-review	close-the-consumer-half-of-the-v0250-reviewstartedat	4	R-COH-MANDATORY-READING-MISSING	1	blocking	0	-
PRPs-agentic-eng	2026-07-31T21:22:26Z	0	plan-review	close-the-consumer-half-of-the-v0250-reviewstartedat	4	R-COH-OTHER-INTERNAL-CONTRADICTION	0	blocking	0	-
PRPs-agentic-eng	2026-07-31T21:22:26Z	0	plan-review	close-the-consumer-half-of-the-v0250-reviewstartedat	4	R-COH-PATTERN-SOURCE-MISSING	1	blocking	0	-
PRPs-agentic-eng	2026-07-31T21:22:26Z	0	plan-review	close-the-consumer-half-of-the-v0250-reviewstartedat	4	R-COH-TASK-AC-MISSING	1	blocking	0	-
PRPs-agentic-eng	2026-07-31T21:22:26Z	0	plan-review	close-the-consumer-half-of-the-v0250-reviewstartedat	4	R-COH-VALIDATE-ALWAYS-PASS	1	blocking	0	-
PRPs-agentic-eng	2026-07-31T21:22:26Z	0	plan-review	close-the-consumer-half-of-the-v0250-reviewstartedat	4	R-COH-VALIDATE-FORBIDDEN-GREP-SCOPE	1	blocking	0	-
PRPs-agentic-eng	2026-07-31T21:22:26Z	0	plan-review	close-the-consumer-half-of-the-v0250-reviewstartedat	4	R-COH-VALIDATE-FRAMEWORK-MISMATCH	1	blocking	0	-
PRPs-agentic-eng	2026-07-31T21:22:26Z	0	plan-review	close-the-consumer-half-of-the-v0250-reviewstartedat	4	R-COH-VALIDATE-SEARCH-AMBIGUOUS	1	blocking	0	-
PRPs-agentic-eng	2026-07-31T21:22:26Z	0	plan-review	close-the-consumer-half-of-the-v0250-reviewstartedat	4	R1	1	blocking	0	-
PRPs-agentic-eng	2026-07-31T21:22:26Z	0	plan-review	close-the-consumer-half-of-the-v0250-reviewstartedat	4	R2	1	blocking	0	-
PRPs-agentic-eng	2026-07-31T21:22:26Z	0	plan-review	close-the-consumer-half-of-the-v0250-reviewstartedat	4	R3	1	blocking	0	-
PRPs-agentic-eng	2026-07-31T21:22:26Z	0	plan-review	close-the-consumer-half-of-the-v0250-reviewstartedat	4	R4	1	blocking	0	-
PRPs-agentic-eng	2026-07-31T21:22:26Z	0	plan-review	close-the-consumer-half-of-the-v0250-reviewstartedat	4	R5	1	blocking	0	-
PRPs-agentic-eng	2026-07-31T21:22:26Z	0	plan-review	close-the-consumer-half-of-the-v0250-reviewstartedat	4	R6	1	blocking	0	-
PRPs-agentic-eng	2026-07-31T21:22:26Z	0	plan-review	close-the-consumer-half-of-the-v0250-reviewstartedat	4	R7	1	blocking	0	-
PRPs-agentic-eng	2026-07-31T21:22:26Z	0	plan-review	close-the-consumer-half-of-the-v0250-reviewstartedat	4	R8-desc-min-ac	1	blocking	0	-
PRPs-agentic-eng	2026-07-31T21:22:26Z	0	plan-review	close-the-consumer-half-of-the-v0250-reviewstartedat	4	R8a	1	blocking	0	-
PRPs-agentic-eng	2026-07-31T21:22:26Z	0	plan-review	close-the-consumer-half-of-the-v0250-reviewstartedat	4	R8b	1	blocking	0	-
PRPs-agentic-eng	2026-07-31T21:22:26Z	0	plan-review	close-the-consumer-half-of-the-v0250-reviewstartedat	4	R8c	1	blocking	0	-
PRPs-agentic-eng	2026-07-31T21:29:21Z	0	plan-review	close-the-consumer-half-of-the-v0250-reviewstartedat	5	R-COH-ACTION-VALIDATE-CONTRADICTION	1	blocking	0	-
PRPs-agentic-eng	2026-07-31T21:29:21Z	0	plan-review	close-the-consumer-half-of-the-v0250-reviewstartedat	5	R-COH-FILES-UNTOUCHED	1	blocking	0	-
PRPs-agentic-eng	2026-07-31T21:29:21Z	0	plan-review	close-the-consumer-half-of-the-v0250-reviewstartedat	5	R-COH-MANDATORY-READING-MISSING	1	blocking	0	-
PRPs-agentic-eng	2026-07-31T21:29:21Z	0	plan-review	close-the-consumer-half-of-the-v0250-reviewstartedat	5	R-COH-OTHER-INTERNAL-CONTRADICTION	1	blocking	0	-
PRPs-agentic-eng	2026-07-31T21:29:21Z	0	plan-review	close-the-consumer-half-of-the-v0250-reviewstartedat	5	R-COH-PATTERN-SOURCE-MISSING	1	blocking	0	-
PRPs-agentic-eng	2026-07-31T21:29:21Z	0	plan-review	close-the-consumer-half-of-the-v0250-reviewstartedat	5	R-COH-TASK-AC-MISSING	1	blocking	0	-
PRPs-agentic-eng	2026-07-31T21:29:21Z	0	plan-review	close-the-consumer-half-of-the-v0250-reviewstartedat	5	R-COH-VALIDATE-ALWAYS-PASS	1	blocking	0	-
PRPs-agentic-eng	2026-07-31T21:29:21Z	0	plan-review	close-the-consumer-half-of-the-v0250-reviewstartedat	5	R-COH-VALIDATE-FORBIDDEN-GREP-SCOPE	1	blocking	0	-
PRPs-agentic-eng	2026-07-31T21:29:21Z	0	plan-review	close-the-consumer-half-of-the-v0250-reviewstartedat	5	R-COH-VALIDATE-FRAMEWORK-MISMATCH	1	blocking	0	-
PRPs-agentic-eng	2026-07-31T21:29:21Z	0	plan-review	close-the-consumer-half-of-the-v0250-reviewstartedat	5	R-COH-VALIDATE-SEARCH-AMBIGUOUS	1	blocking	0	-
PRPs-agentic-eng	2026-07-31T21:29:21Z	0	plan-review	close-the-consumer-half-of-the-v0250-reviewstartedat	5	R1	1	blocking	0	-
PRPs-agentic-eng	2026-07-31T21:29:21Z	0	plan-review	close-the-consumer-half-of-the-v0250-reviewstartedat	5	R2	1	blocking	0	-
PRPs-agentic-eng	2026-07-31T21:29:21Z	0	plan-review	close-the-consumer-half-of-the-v0250-reviewstartedat	5	R3	1	blocking	0	-
PRPs-agentic-eng	2026-07-31T21:29:21Z	0	plan-review	close-the-consumer-half-of-the-v0250-reviewstartedat	5	R4	1	blocking	0	-
PRPs-agentic-eng	2026-07-31T21:29:21Z	0	plan-review	close-the-consumer-half-of-the-v0250-reviewstartedat	5	R5	1	blocking	0	-
PRPs-agentic-eng	2026-07-31T21:29:21Z	0	plan-review	close-the-consumer-half-of-the-v0250-reviewstartedat	5	R6	1	blocking	0	-
PRPs-agentic-eng	2026-07-31T21:29:21Z	0	plan-review	close-the-consumer-half-of-the-v0250-reviewstartedat	5	R7	1	blocking	0	-
PRPs-agentic-eng	2026-07-31T21:29:21Z	0	plan-review	close-the-consumer-half-of-the-v0250-reviewstartedat	5	R8-desc-min-ac	1	blocking	0	-
PRPs-agentic-eng	2026-07-31T21:29:21Z	0	plan-review	close-the-consumer-half-of-the-v0250-reviewstartedat	5	R8a	1	blocking	0	-
PRPs-agentic-eng	2026-07-31T21:29:21Z	0	plan-review	close-the-consumer-half-of-the-v0250-reviewstartedat	5	R8b	1	blocking	0	-
PRPs-agentic-eng	2026-07-31T21:29:21Z	0	plan-review	close-the-consumer-half-of-the-v0250-reviewstartedat	5	R8c	1	blocking	0	-
PRPs-agentic-eng	2026-07-31T00:00:00Z	0	plan-review	close-the-validation-docs-debt-recorded-in	1	R-COH-ACTION-VALIDATE-CONTRADICTION	1	blocking	0	-
PRPs-agentic-eng	2026-07-31T00:00:00Z	0	plan-review	close-the-validation-docs-debt-recorded-in	1	R-COH-FILES-UNTOUCHED	1	blocking	0	-
PRPs-agentic-eng	2026-07-31T00:00:00Z	0	plan-review	close-the-validation-docs-debt-recorded-in	1	R-COH-MANDATORY-READING-IRRELEVANT	0	blocking	0	-
PRPs-agentic-eng	2026-07-31T00:00:00Z	0	plan-review	close-the-validation-docs-debt-recorded-in	1	R-COH-MANDATORY-READING-MISSING	1	blocking	0	-
PRPs-agentic-eng	2026-07-31T00:00:00Z	0	plan-review	close-the-validation-docs-debt-recorded-in	1	R-COH-PATTERN-SOURCE-MISSING	1	blocking	0	-
PRPs-agentic-eng	2026-07-31T00:00:00Z	0	plan-review	close-the-validation-docs-debt-recorded-in	1	R-COH-TASK-AC-MISSING	0	blocking	0	-
PRPs-agentic-eng	2026-07-31T00:00:00Z	0	plan-review	close-the-validation-docs-debt-recorded-in	1	R-COH-VALIDATE-ALWAYS-PASS	1	blocking	0	-
PRPs-agentic-eng	2026-07-31T00:00:00Z	0	plan-review	close-the-validation-docs-debt-recorded-in	1	R-COH-VALIDATE-FORBIDDEN-GREP-SCOPE	1	blocking	0	-
PRPs-agentic-eng	2026-07-31T00:00:00Z	0	plan-review	close-the-validation-docs-debt-recorded-in	1	R-COH-VALIDATE-FRAMEWORK-MISMATCH	1	blocking	0	-
PRPs-agentic-eng	2026-07-31T00:00:00Z	0	plan-review	close-the-validation-docs-debt-recorded-in	1	R-COH-VALIDATE-SEARCH-AMBIGUOUS	1	blocking	0	-
PRPs-agentic-eng	2026-07-31T00:00:00Z	0	plan-review	close-the-validation-docs-debt-recorded-in	1	R1	1	blocking	0	-
PRPs-agentic-eng	2026-07-31T00:00:00Z	0	plan-review	close-the-validation-docs-debt-recorded-in	1	R2	1	blocking	0	-
PRPs-agentic-eng	2026-07-31T00:00:00Z	0	plan-review	close-the-validation-docs-debt-recorded-in	1	R3	1	blocking	0	-
PRPs-agentic-eng	2026-07-31T00:00:00Z	0	plan-review	close-the-validation-docs-debt-recorded-in	1	R4	1	blocking	0	-
PRPs-agentic-eng	2026-07-31T00:00:00Z	0	plan-review	close-the-validation-docs-debt-recorded-in	1	R5	1	blocking	0	-
PRPs-agentic-eng	2026-07-31T00:00:00Z	0	plan-review	close-the-validation-docs-debt-recorded-in	1	R6	1	blocking	0	-
PRPs-agentic-eng	2026-07-31T00:00:00Z	0	plan-review	close-the-validation-docs-debt-recorded-in	1	R7	1	blocking	0	-
PRPs-agentic-eng	2026-07-31T00:00:00Z	0	plan-review	close-the-validation-docs-debt-recorded-in	1	R8-desc-min-ac	1	blocking	0	-
PRPs-agentic-eng	2026-07-31T00:00:00Z	0	plan-review	close-the-validation-docs-debt-recorded-in	1	R8a	1	blocking	0	-
PRPs-agentic-eng	2026-07-31T00:00:00Z	0	plan-review	close-the-validation-docs-debt-recorded-in	1	R8b	1	blocking	0	-
PRPs-agentic-eng	2026-07-31T00:00:00Z	0	plan-review	close-the-validation-docs-debt-recorded-in	1	R8c	1	blocking	0	-
PRPs-agentic-eng	2026-07-31T15:00:00Z	0	plan-review	close-the-validation-docs-debt-recorded-in	2	R-COH-ACTION-VALIDATE-CONTRADICTION	1	blocking	0	-
PRPs-agentic-eng	2026-07-31T15:00:00Z	0	plan-review	close-the-validation-docs-debt-recorded-in	2	R-COH-FILES-UNTOUCHED	1	blocking	0	-
PRPs-agentic-eng	2026-07-31T15:00:00Z	0	plan-review	close-the-validation-docs-debt-recorded-in	2	R-COH-MANDATORY-READING-IRRELEVANT	1	blocking	0	-
PRPs-agentic-eng	2026-07-31T15:00:00Z	0	plan-review	close-the-validation-docs-debt-recorded-in	2	R-COH-MANDATORY-READING-MISSING	1	blocking	0	-
PRPs-agentic-eng	2026-07-31T15:00:00Z	0	plan-review	close-the-validation-docs-debt-recorded-in	2	R-COH-PATTERN-SOURCE-MISSING	1	blocking	0	-
PRPs-agentic-eng	2026-07-31T15:00:00Z	0	plan-review	close-the-validation-docs-debt-recorded-in	2	R-COH-TASK-AC-MISSING	1	blocking	0	-
PRPs-agentic-eng	2026-07-31T15:00:00Z	0	plan-review	close-the-validation-docs-debt-recorded-in	2	R-COH-VALIDATE-ALWAYS-PASS	1	blocking	0	-
PRPs-agentic-eng	2026-07-31T15:00:00Z	0	plan-review	close-the-validation-docs-debt-recorded-in	2	R-COH-VALIDATE-FORBIDDEN-GREP-SCOPE	1	blocking	0	-
PRPs-agentic-eng	2026-07-31T15:00:00Z	0	plan-review	close-the-validation-docs-debt-recorded-in	2	R-COH-VALIDATE-FRAMEWORK-MISMATCH	1	blocking	0	-
PRPs-agentic-eng	2026-07-31T15:00:00Z	0	plan-review	close-the-validation-docs-debt-recorded-in	2	R-COH-VALIDATE-SEARCH-AMBIGUOUS	1	blocking	0	-
PRPs-agentic-eng	2026-07-31T15:00:00Z	0	plan-review	close-the-validation-docs-debt-recorded-in	2	R1	1	blocking	0	-
PRPs-agentic-eng	2026-07-31T15:00:00Z	0	plan-review	close-the-validation-docs-debt-recorded-in	2	R2	1	blocking	0	-
PRPs-agentic-eng	2026-07-31T15:00:00Z	0	plan-review	close-the-validation-docs-debt-recorded-in	2	R3	1	blocking	0	-
PRPs-agentic-eng	2026-07-31T15:00:00Z	0	plan-review	close-the-validation-docs-debt-recorded-in	2	R4	1	blocking	0	-
PRPs-agentic-eng	2026-07-31T15:00:00Z	0	plan-review	close-the-validation-docs-debt-recorded-in	2	R5	1	blocking	0	-
PRPs-agentic-eng	2026-07-31T15:00:00Z	0	plan-review	close-the-validation-docs-debt-recorded-in	2	R6	1	blocking	0	-
PRPs-agentic-eng	2026-07-31T15:00:00Z	0	plan-review	close-the-validation-docs-debt-recorded-in	2	R7	1	blocking	0	-
PRPs-agentic-eng	2026-07-31T15:00:00Z	0	plan-review	close-the-validation-docs-debt-recorded-in	2	R8-desc-min-ac	1	blocking	0	-
PRPs-agentic-eng	2026-07-31T15:00:00Z	0	plan-review	close-the-validation-docs-debt-recorded-in	2	R8a	1	blocking	0	-
PRPs-agentic-eng	2026-07-31T15:00:00Z	0	plan-review	close-the-validation-docs-debt-recorded-in	2	R8b	1	blocking	0	-
PRPs-agentic-eng	2026-07-31T15:00:00Z	0	plan-review	close-the-validation-docs-debt-recorded-in	2	R8c	1	blocking	0	-
PRPs-agentic-eng	2026-07-31T22:52:21Z	0	plan-review	correct-stale-check-count-claims-on-the-validation-suite	1	R-COH-ACTION-VALIDATE-CONTRADICTION	1	blocking	0	-
PRPs-agentic-eng	2026-07-31T22:52:21Z	0	plan-review	correct-stale-check-count-claims-on-the-validation-suite	1	R-COH-FILES-UNTOUCHED	1	blocking	0	-
PRPs-agentic-eng	2026-07-31T22:52:21Z	0	plan-review	correct-stale-check-count-claims-on-the-validation-suite	1	R-COH-MANDATORY-READING-MISSING	1	blocking	0	-
PRPs-agentic-eng	2026-07-31T22:52:21Z	0	plan-review	correct-stale-check-count-claims-on-the-validation-suite	1	R-COH-OTHER-INTERNAL-CONTRADICTION	0	blocking	0	-
PRPs-agentic-eng	2026-07-31T22:52:21Z	0	plan-review	correct-stale-check-count-claims-on-the-validation-suite	1	R-COH-PATTERN-SOURCE-MISSING	1	blocking	0	-
PRPs-agentic-eng	2026-07-31T22:52:21Z	0	plan-review	correct-stale-check-count-claims-on-the-validation-suite	1	R-COH-TASK-AC-MISSING	0	blocking	0	-
PRPs-agentic-eng	2026-07-31T22:52:21Z	0	plan-review	correct-stale-check-count-claims-on-the-validation-suite	1	R-COH-VALIDATE-ALWAYS-PASS	1	blocking	0	-
PRPs-agentic-eng	2026-07-31T22:52:21Z	0	plan-review	correct-stale-check-count-claims-on-the-validation-suite	1	R-COH-VALIDATE-FORBIDDEN-GREP-SCOPE	1	blocking	0	-
PRPs-agentic-eng	2026-07-31T22:52:21Z	0	plan-review	correct-stale-check-count-claims-on-the-validation-suite	1	R-COH-VALIDATE-FRAMEWORK-MISMATCH	1	blocking	0	-
PRPs-agentic-eng	2026-07-31T22:52:21Z	0	plan-review	correct-stale-check-count-claims-on-the-validation-suite	1	R-COH-VALIDATE-SEARCH-AMBIGUOUS	1	blocking	0	-
PRPs-agentic-eng	2026-07-31T22:52:21Z	0	plan-review	correct-stale-check-count-claims-on-the-validation-suite	1	R1	1	blocking	0	-
PRPs-agentic-eng	2026-07-31T22:52:21Z	0	plan-review	correct-stale-check-count-claims-on-the-validation-suite	1	R2	1	blocking	0	-
PRPs-agentic-eng	2026-07-31T22:52:21Z	0	plan-review	correct-stale-check-count-claims-on-the-validation-suite	1	R3	1	blocking	0	-
PRPs-agentic-eng	2026-07-31T22:52:21Z	0	plan-review	correct-stale-check-count-claims-on-the-validation-suite	1	R4	1	blocking	0	-
PRPs-agentic-eng	2026-07-31T22:52:21Z	0	plan-review	correct-stale-check-count-claims-on-the-validation-suite	1	R5	1	blocking	0	-
PRPs-agentic-eng	2026-07-31T22:52:21Z	0	plan-review	correct-stale-check-count-claims-on-the-validation-suite	1	R6	1	blocking	0	-
PRPs-agentic-eng	2026-07-31T22:52:21Z	0	plan-review	correct-stale-check-count-claims-on-the-validation-suite	1	R7	1	blocking	0	-
PRPs-agentic-eng	2026-07-31T22:52:21Z	0	plan-review	correct-stale-check-count-claims-on-the-validation-suite	1	R8-desc-min-ac	1	blocking	0	-
PRPs-agentic-eng	2026-07-31T22:52:21Z	0	plan-review	correct-stale-check-count-claims-on-the-validation-suite	1	R8a	1	blocking	0	-
PRPs-agentic-eng	2026-07-31T22:52:21Z	0	plan-review	correct-stale-check-count-claims-on-the-validation-suite	1	R8b	1	blocking	0	-
PRPs-agentic-eng	2026-07-31T22:52:21Z	0	plan-review	correct-stale-check-count-claims-on-the-validation-suite	1	R8c	1	blocking	0	-
PRPs-agentic-eng	2026-07-31T22:54:05Z	0	plan-review	correct-stale-check-count-claims-on-the-validation-suite	2	R-COH-ACTION-VALIDATE-CONTRADICTION	1	blocking	0	-
PRPs-agentic-eng	2026-07-31T22:54:05Z	0	plan-review	correct-stale-check-count-claims-on-the-validation-suite	2	R-COH-FILES-UNTOUCHED	1	blocking	0	-
PRPs-agentic-eng	2026-07-31T22:54:05Z	0	plan-review	correct-stale-check-count-claims-on-the-validation-suite	2	R-COH-MANDATORY-READING-MISSING	1	blocking	0	-
PRPs-agentic-eng	2026-07-31T22:54:05Z	0	plan-review	correct-stale-check-count-claims-on-the-validation-suite	2	R-COH-PATTERN-SOURCE-MISSING	1	blocking	0	-
PRPs-agentic-eng	2026-07-31T22:54:05Z	0	plan-review	correct-stale-check-count-claims-on-the-validation-suite	2	R-COH-TASK-AC-MISSING	1	blocking	0	-
PRPs-agentic-eng	2026-07-31T22:54:05Z	0	plan-review	correct-stale-check-count-claims-on-the-validation-suite	2	R-COH-VALIDATE-ALWAYS-PASS	1	blocking	0	-
PRPs-agentic-eng	2026-07-31T22:54:05Z	0	plan-review	correct-stale-check-count-claims-on-the-validation-suite	2	R-COH-VALIDATE-FORBIDDEN-GREP-SCOPE	1	blocking	0	-
PRPs-agentic-eng	2026-07-31T22:54:05Z	0	plan-review	correct-stale-check-count-claims-on-the-validation-suite	2	R-COH-VALIDATE-FRAMEWORK-MISMATCH	1	blocking	0	-
PRPs-agentic-eng	2026-07-31T22:54:05Z	0	plan-review	correct-stale-check-count-claims-on-the-validation-suite	2	R-COH-VALIDATE-SEARCH-AMBIGUOUS	1	blocking	0	-
PRPs-agentic-eng	2026-07-31T22:54:05Z	0	plan-review	correct-stale-check-count-claims-on-the-validation-suite	2	R1	1	blocking	0	-
PRPs-agentic-eng	2026-07-31T22:54:05Z	0	plan-review	correct-stale-check-count-claims-on-the-validation-suite	2	R2	1	blocking	0	-
PRPs-agentic-eng	2026-07-31T22:54:05Z	0	plan-review	correct-stale-check-count-claims-on-the-validation-suite	2	R3	1	blocking	0	-
PRPs-agentic-eng	2026-07-31T22:54:05Z	0	plan-review	correct-stale-check-count-claims-on-the-validation-suite	2	R4	1	blocking	0	-
PRPs-agentic-eng	2026-07-31T22:54:05Z	0	plan-review	correct-stale-check-count-claims-on-the-validation-suite	2	R5	1	blocking	0	-
PRPs-agentic-eng	2026-07-31T22:54:05Z	0	plan-review	correct-stale-check-count-claims-on-the-validation-suite	2	R6	1	blocking	0	-
PRPs-agentic-eng	2026-07-31T22:54:05Z	0	plan-review	correct-stale-check-count-claims-on-the-validation-suite	2	R7	1	blocking	0	-
PRPs-agentic-eng	2026-07-31T22:54:05Z	0	plan-review	correct-stale-check-count-claims-on-the-validation-suite	2	R8-desc-min-ac	1	blocking	0	-
PRPs-agentic-eng	2026-07-31T22:54:05Z	0	plan-review	correct-stale-check-count-claims-on-the-validation-suite	2	R8a	1	blocking	0	-
PRPs-agentic-eng	2026-07-31T22:54:05Z	0	plan-review	correct-stale-check-count-claims-on-the-validation-suite	2	R8b	1	blocking	0	-
PRPs-agentic-eng	2026-07-31T22:54:05Z	0	plan-review	correct-stale-check-count-claims-on-the-validation-suite	2	R8c	1	blocking	0	-
PRPs-agentic-eng	2026-07-31T23:14:19Z	0	plan-review	correct-the-stale-133-unit-test-total-in-the	1	R-COH-ACTION-VALIDATE-CONTRADICTION	1	blocking	0	-
PRPs-agentic-eng	2026-07-31T23:14:19Z	0	plan-review	correct-the-stale-133-unit-test-total-in-the	1	R-COH-FILES-UNTOUCHED	1	blocking	0	-
PRPs-agentic-eng	2026-07-31T23:14:19Z	0	plan-review	correct-the-stale-133-unit-test-total-in-the	1	R-COH-MANDATORY-READING-MISSING	1	blocking	0	-
PRPs-agentic-eng	2026-07-31T23:14:19Z	0	plan-review	correct-the-stale-133-unit-test-total-in-the	1	R-COH-PATTERN-SOURCE-MISSING	1	blocking	0	-
PRPs-agentic-eng	2026-07-31T23:14:19Z	0	plan-review	correct-the-stale-133-unit-test-total-in-the	1	R-COH-TASK-AC-MISSING	1	blocking	0	-
PRPs-agentic-eng	2026-07-31T23:14:19Z	0	plan-review	correct-the-stale-133-unit-test-total-in-the	1	R-COH-VALIDATE-ALWAYS-PASS	1	blocking	0	-
PRPs-agentic-eng	2026-07-31T23:14:19Z	0	plan-review	correct-the-stale-133-unit-test-total-in-the	1	R-COH-VALIDATE-FORBIDDEN-GREP-SCOPE	1	blocking	0	-
PRPs-agentic-eng	2026-07-31T23:14:19Z	0	plan-review	correct-the-stale-133-unit-test-total-in-the	1	R-COH-VALIDATE-FRAMEWORK-MISMATCH	1	blocking	0	-
PRPs-agentic-eng	2026-07-31T23:14:19Z	0	plan-review	correct-the-stale-133-unit-test-total-in-the	1	R-COH-VALIDATE-SEARCH-AMBIGUOUS	1	blocking	0	-
PRPs-agentic-eng	2026-07-31T23:14:19Z	0	plan-review	correct-the-stale-133-unit-test-total-in-the	1	R1	1	blocking	0	-
PRPs-agentic-eng	2026-07-31T23:14:19Z	0	plan-review	correct-the-stale-133-unit-test-total-in-the	1	R2	1	blocking	0	-
PRPs-agentic-eng	2026-07-31T23:14:19Z	0	plan-review	correct-the-stale-133-unit-test-total-in-the	1	R3	1	blocking	0	-
PRPs-agentic-eng	2026-07-31T23:14:19Z	0	plan-review	correct-the-stale-133-unit-test-total-in-the	1	R4	1	blocking	0	-
PRPs-agentic-eng	2026-07-31T23:14:19Z	0	plan-review	correct-the-stale-133-unit-test-total-in-the	1	R5	1	blocking	0	-
PRPs-agentic-eng	2026-07-31T23:14:19Z	0	plan-review	correct-the-stale-133-unit-test-total-in-the	1	R6	1	blocking	0	-
PRPs-agentic-eng	2026-07-31T23:14:19Z	0	plan-review	correct-the-stale-133-unit-test-total-in-the	1	R7	1	blocking	0	-
PRPs-agentic-eng	2026-07-31T23:14:19Z	0	plan-review	correct-the-stale-133-unit-test-total-in-the	1	R8-desc-min-ac	1	blocking	0	-
PRPs-agentic-eng	2026-07-31T23:14:19Z	0	plan-review	correct-the-stale-133-unit-test-total-in-the	1	R8a	1	blocking	0	-
PRPs-agentic-eng	2026-07-31T23:14:19Z	0	plan-review	correct-the-stale-133-unit-test-total-in-the	1	R8b	1	blocking	0	-
PRPs-agentic-eng	2026-07-31T23:14:19Z	0	plan-review	correct-the-stale-133-unit-test-total-in-the	1	R8c	1	blocking	0	-
PRPs-agentic-eng	2026-07-23T00:00:00Z	0	plan-review	enforce-figma-component-reuse-per-ac-2-of-figma-implementation-track	1	R-COH-FILES-UNTOUCHED	1	blocking	0	-
PRPs-agentic-eng	2026-07-23T00:00:00Z	0	plan-review	enforce-figma-component-reuse-per-ac-2-of-figma-implementation-track	1	R-COH-MANDATORY-READING-MISSING	1	blocking	0	-
PRPs-agentic-eng	2026-07-23T00:00:00Z	0	plan-review	enforce-figma-component-reuse-per-ac-2-of-figma-implementation-track	1	R-COH-PATTERN-SOURCE-MISSING	1	blocking	0	-
PRPs-agentic-eng	2026-07-23T00:00:00Z	0	plan-review	enforce-figma-component-reuse-per-ac-2-of-figma-implementation-track	1	R-COH-TASK-AC-MISSING	1	blocking	0	-
PRPs-agentic-eng	2026-07-23T00:00:00Z	0	plan-review	enforce-figma-component-reuse-per-ac-2-of-figma-implementation-track	1	R-COH-VALIDATE-ALWAYS-PASS	1	blocking	0	-
PRPs-agentic-eng	2026-07-23T00:00:00Z	0	plan-review	enforce-figma-component-reuse-per-ac-2-of-figma-implementation-track	1	R-COH-VALIDATE-FRAMEWORK-MISMATCH	1	blocking	0	-
PRPs-agentic-eng	2026-07-23T00:00:00Z	0	plan-review	enforce-figma-component-reuse-per-ac-2-of-figma-implementation-track	1	R1	1	blocking	0	-
PRPs-agentic-eng	2026-07-23T00:00:00Z	0	plan-review	enforce-figma-component-reuse-per-ac-2-of-figma-implementation-track	1	R2	1	blocking	0	-
PRPs-agentic-eng	2026-07-23T00:00:00Z	0	plan-review	enforce-figma-component-reuse-per-ac-2-of-figma-implementation-track	1	R3	1	blocking	0	-
PRPs-agentic-eng	2026-07-23T00:00:00Z	0	plan-review	enforce-figma-component-reuse-per-ac-2-of-figma-implementation-track	1	R4	1	blocking	0	-
PRPs-agentic-eng	2026-07-23T00:00:00Z	0	plan-review	enforce-figma-component-reuse-per-ac-2-of-figma-implementation-track	1	R5	1	blocking	0	-
PRPs-agentic-eng	2026-07-23T00:00:00Z	0	plan-review	enforce-figma-component-reuse-per-ac-2-of-figma-implementation-track	1	R6	1	blocking	0	-
PRPs-agentic-eng	2026-07-23T00:00:00Z	0	plan-review	enforce-figma-component-reuse-per-ac-2-of-figma-implementation-track	1	R7	1	blocking	0	-
PRPs-agentic-eng	2026-07-23T00:00:00Z	0	plan-review	enforce-figma-component-reuse-per-ac-2-of-figma-implementation-track	1	R8-desc-min-ac	1	blocking	0	-
PRPs-agentic-eng	2026-07-23T00:00:00Z	0	plan-review	enforce-figma-component-reuse-per-ac-2-of-figma-implementation-track	1	R8a	1	blocking	0	-
PRPs-agentic-eng	2026-07-23T00:00:00Z	0	plan-review	enforce-figma-component-reuse-per-ac-2-of-figma-implementation-track	1	R8b	1	blocking	0	-
PRPs-agentic-eng	2026-07-23T00:00:00Z	0	plan-review	enforce-figma-component-reuse-per-ac-2-of-figma-implementation-track	1	R8c	1	blocking	0	-
PRPs-agentic-eng	2026-07-22T00:00:00Z	0	plan-review	figma-implementation-track-phase-1-foundations	1	R-COH-FILES-UNTOUCHED	1	blocking	0	-
PRPs-agentic-eng	2026-07-22T00:00:00Z	0	plan-review	figma-implementation-track-phase-1-foundations	1	R-COH-MANDATORY-READING-MISSING	1	blocking	0	-
PRPs-agentic-eng	2026-07-22T00:00:00Z	0	plan-review	figma-implementation-track-phase-1-foundations	1	R-COH-PATTERN-SOURCE-MISSING	1	blocking	0	-
PRPs-agentic-eng	2026-07-22T00:00:00Z	0	plan-review	figma-implementation-track-phase-1-foundations	1	R-COH-TASK-AC-MISSING	0	blocking	0	-
PRPs-agentic-eng	2026-07-22T00:00:00Z	0	plan-review	figma-implementation-track-phase-1-foundations	1	R-COH-VALIDATE-ALWAYS-PASS	0	blocking	0	-
PRPs-agentic-eng	2026-07-22T00:00:00Z	0	plan-review	figma-implementation-track-phase-1-foundations	1	R-COH-VALIDATE-FRAMEWORK-MISMATCH	0	blocking	0	-
PRPs-agentic-eng	2026-07-22T00:00:00Z	0	plan-review	figma-implementation-track-phase-1-foundations	1	R1	1	blocking	0	-
PRPs-agentic-eng	2026-07-22T00:00:00Z	0	plan-review	figma-implementation-track-phase-1-foundations	1	R2	1	blocking	0	-
PRPs-agentic-eng	2026-07-22T00:00:00Z	0	plan-review	figma-implementation-track-phase-1-foundations	1	R3	1	blocking	0	-
PRPs-agentic-eng	2026-07-22T00:00:00Z	0	plan-review	figma-implementation-track-phase-1-foundations	1	R4	1	blocking	0	-
PRPs-agentic-eng	2026-07-22T00:00:00Z	0	plan-review	figma-implementation-track-phase-1-foundations	1	R5	1	blocking	0	-
PRPs-agentic-eng	2026-07-22T00:00:00Z	0	plan-review	figma-implementation-track-phase-1-foundations	1	R6	1	blocking	0	-
PRPs-agentic-eng	2026-07-22T00:00:00Z	0	plan-review	figma-implementation-track-phase-1-foundations	1	R7	1	blocking	0	-
PRPs-agentic-eng	2026-07-22T00:00:00Z	0	plan-review	figma-implementation-track-phase-1-foundations	1	R8	1	blocking	0	-
PRPs-agentic-eng	2026-07-22T00:00:00Z	0	plan-review	figma-implementation-track-phase-1-foundations	2	R-COH-FILES-UNTOUCHED	1	blocking	0	-
PRPs-agentic-eng	2026-07-22T00:00:00Z	0	plan-review	figma-implementation-track-phase-1-foundations	2	R-COH-MANDATORY-READING-MISSING	1	blocking	0	-
PRPs-agentic-eng	2026-07-22T00:00:00Z	0	plan-review	figma-implementation-track-phase-1-foundations	2	R-COH-PATTERN-SOURCE-MISSING	1	blocking	0	-
PRPs-agentic-eng	2026-07-22T00:00:00Z	0	plan-review	figma-implementation-track-phase-1-foundations	2	R-COH-TASK-AC-MISSING	1	blocking	0	-
PRPs-agentic-eng	2026-07-22T00:00:00Z	0	plan-review	figma-implementation-track-phase-1-foundations	2	R-COH-VALIDATE-ALWAYS-PASS	1	blocking	0	-
PRPs-agentic-eng	2026-07-22T00:00:00Z	0	plan-review	figma-implementation-track-phase-1-foundations	2	R-COH-VALIDATE-FRAMEWORK-MISMATCH	1	blocking	0	-
PRPs-agentic-eng	2026-07-22T00:00:00Z	0	plan-review	figma-implementation-track-phase-1-foundations	2	R1	1	blocking	0	-
PRPs-agentic-eng	2026-07-22T00:00:00Z	0	plan-review	figma-implementation-track-phase-1-foundations	2	R2	1	blocking	0	-
PRPs-agentic-eng	2026-07-22T00:00:00Z	0	plan-review	figma-implementation-track-phase-1-foundations	2	R3	1	blocking	0	-
PRPs-agentic-eng	2026-07-22T00:00:00Z	0	plan-review	figma-implementation-track-phase-1-foundations	2	R4	1	blocking	0	-
PRPs-agentic-eng	2026-07-22T00:00:00Z	0	plan-review	figma-implementation-track-phase-1-foundations	2	R5	1	blocking	0	-
PRPs-agentic-eng	2026-07-22T00:00:00Z	0	plan-review	figma-implementation-track-phase-1-foundations	2	R6	1	blocking	0	-
PRPs-agentic-eng	2026-07-22T00:00:00Z	0	plan-review	figma-implementation-track-phase-1-foundations	2	R7	1	blocking	0	-
PRPs-agentic-eng	2026-07-22T00:00:00Z	0	plan-review	figma-implementation-track-phase-1-foundations	2	R8	1	blocking	0	-
PRPs-agentic-eng	2026-07-22T00:00:00Z	0	plan-review	figma-implementation-track-phase-2-mcp-access-spike	1	R-COH-FILES-UNTOUCHED	1	blocking	0	-
PRPs-agentic-eng	2026-07-22T00:00:00Z	0	plan-review	figma-implementation-track-phase-2-mcp-access-spike	1	R-COH-MANDATORY-READING-MISSING	1	blocking	0	-
PRPs-agentic-eng	2026-07-22T00:00:00Z	0	plan-review	figma-implementation-track-phase-2-mcp-access-spike	1	R-COH-PATTERN-SOURCE-MISSING	1	blocking	0	-
PRPs-agentic-eng	2026-07-22T00:00:00Z	0	plan-review	figma-implementation-track-phase-2-mcp-access-spike	1	R-COH-TASK-AC-MISSING	1	blocking	0	-
PRPs-agentic-eng	2026-07-22T00:00:00Z	0	plan-review	figma-implementation-track-phase-2-mcp-access-spike	1	R-COH-VALIDATE-ALWAYS-PASS	1	blocking	0	-
PRPs-agentic-eng	2026-07-22T00:00:00Z	0	plan-review	figma-implementation-track-phase-2-mcp-access-spike	1	R-COH-VALIDATE-FRAMEWORK-MISMATCH	1	blocking	0	-
PRPs-agentic-eng	2026-07-22T00:00:00Z	0	plan-review	figma-implementation-track-phase-2-mcp-access-spike	1	R1	1	blocking	0	-
PRPs-agentic-eng	2026-07-22T00:00:00Z	0	plan-review	figma-implementation-track-phase-2-mcp-access-spike	1	R2	1	blocking	0	-
PRPs-agentic-eng	2026-07-22T00:00:00Z	0	plan-review	figma-implementation-track-phase-2-mcp-access-spike	1	R3	1	blocking	0	-
PRPs-agentic-eng	2026-07-22T00:00:00Z	0	plan-review	figma-implementation-track-phase-2-mcp-access-spike	1	R4	1	blocking	0	-
PRPs-agentic-eng	2026-07-22T00:00:00Z	0	plan-review	figma-implementation-track-phase-2-mcp-access-spike	1	R5	1	blocking	0	-
PRPs-agentic-eng	2026-07-22T00:00:00Z	0	plan-review	figma-implementation-track-phase-2-mcp-access-spike	1	R6	1	blocking	0	-
PRPs-agentic-eng	2026-07-22T00:00:00Z	0	plan-review	figma-implementation-track-phase-2-mcp-access-spike	1	R7	1	blocking	0	-
PRPs-agentic-eng	2026-07-22T00:00:00Z	0	plan-review	figma-implementation-track-phase-2-mcp-access-spike	1	R8	1	blocking	0	-
PRPs-agentic-eng	2026-07-22T00:00:00Z	0	plan-review	figma-implementation-track-phase-3-component-map	1	R-COH-FILES-UNTOUCHED	1	blocking	0	-
PRPs-agentic-eng	2026-07-22T00:00:00Z	0	plan-review	figma-implementation-track-phase-3-component-map	1	R-COH-MANDATORY-READING-MISSING	1	blocking	0	-
PRPs-agentic-eng	2026-07-22T00:00:00Z	0	plan-review	figma-implementation-track-phase-3-component-map	1	R-COH-PATTERN-SOURCE-MISSING	1	blocking	0	-
PRPs-agentic-eng	2026-07-22T00:00:00Z	0	plan-review	figma-implementation-track-phase-3-component-map	1	R-COH-TASK-AC-MISSING	1	blocking	0	-
PRPs-agentic-eng	2026-07-22T00:00:00Z	0	plan-review	figma-implementation-track-phase-3-component-map	1	R-COH-VALIDATE-ALWAYS-PASS	1	blocking	0	-
PRPs-agentic-eng	2026-07-22T00:00:00Z	0	plan-review	figma-implementation-track-phase-3-component-map	1	R-COH-VALIDATE-FRAMEWORK-MISMATCH	1	blocking	0	-
PRPs-agentic-eng	2026-07-22T00:00:00Z	0	plan-review	figma-implementation-track-phase-3-component-map	1	R1	1	blocking	0	-
PRPs-agentic-eng	2026-07-22T00:00:00Z	0	plan-review	figma-implementation-track-phase-3-component-map	1	R2	1	blocking	0	-
PRPs-agentic-eng	2026-07-22T00:00:00Z	0	plan-review	figma-implementation-track-phase-3-component-map	1	R3	1	blocking	0	-
PRPs-agentic-eng	2026-07-22T00:00:00Z	0	plan-review	figma-implementation-track-phase-3-component-map	1	R4	1	blocking	0	-
PRPs-agentic-eng	2026-07-22T00:00:00Z	0	plan-review	figma-implementation-track-phase-3-component-map	1	R5	1	blocking	0	-
PRPs-agentic-eng	2026-07-22T00:00:00Z	0	plan-review	figma-implementation-track-phase-3-component-map	1	R6	1	blocking	0	-
PRPs-agentic-eng	2026-07-22T00:00:00Z	0	plan-review	figma-implementation-track-phase-3-component-map	1	R7	1	blocking	0	-
PRPs-agentic-eng	2026-07-22T00:00:00Z	0	plan-review	figma-implementation-track-phase-3-component-map	1	R8	1	blocking	0	-
PRPs-agentic-eng	2026-07-23T00:00:00Z	0	plan-review	figma-implementation-track-phase-4-design-spec	1	R-COH-FILES-UNTOUCHED	1	blocking	0	-
PRPs-agentic-eng	2026-07-23T00:00:00Z	0	plan-review	figma-implementation-track-phase-4-design-spec	1	R-COH-MANDATORY-READING-MISSING	1	blocking	0	-
PRPs-agentic-eng	2026-07-23T00:00:00Z	0	plan-review	figma-implementation-track-phase-4-design-spec	1	R-COH-PATTERN-SOURCE-MISSING	1	blocking	0	-
PRPs-agentic-eng	2026-07-23T00:00:00Z	0	plan-review	figma-implementation-track-phase-4-design-spec	1	R-COH-TASK-AC-MISSING	1	blocking	0	-
PRPs-agentic-eng	2026-07-23T00:00:00Z	0	plan-review	figma-implementation-track-phase-4-design-spec	1	R-COH-VALIDATE-ALWAYS-PASS	1	blocking	0	-
PRPs-agentic-eng	2026-07-23T00:00:00Z	0	plan-review	figma-implementation-track-phase-4-design-spec	1	R-COH-VALIDATE-FRAMEWORK-MISMATCH	1	blocking	0	-
PRPs-agentic-eng	2026-07-23T00:00:00Z	0	plan-review	figma-implementation-track-phase-4-design-spec	1	R1	1	blocking	0	-
PRPs-agentic-eng	2026-07-23T00:00:00Z	0	plan-review	figma-implementation-track-phase-4-design-spec	1	R2	1	blocking	0	-
PRPs-agentic-eng	2026-07-23T00:00:00Z	0	plan-review	figma-implementation-track-phase-4-design-spec	1	R3	1	blocking	0	-
PRPs-agentic-eng	2026-07-23T00:00:00Z	0	plan-review	figma-implementation-track-phase-4-design-spec	1	R4	1	blocking	0	-
PRPs-agentic-eng	2026-07-23T00:00:00Z	0	plan-review	figma-implementation-track-phase-4-design-spec	1	R5	1	blocking	0	-
PRPs-agentic-eng	2026-07-23T00:00:00Z	0	plan-review	figma-implementation-track-phase-4-design-spec	1	R6	1	blocking	0	-
PRPs-agentic-eng	2026-07-23T00:00:00Z	0	plan-review	figma-implementation-track-phase-4-design-spec	1	R7	1	blocking	0	-
PRPs-agentic-eng	2026-07-23T00:00:00Z	0	plan-review	figma-implementation-track-phase-4-design-spec	1	R8	1	blocking	0	-
PRPs-agentic-eng	2026-07-23T00:00:00Z	0	plan-review	figma-implementation-track-phase-5-plan-integration	1	R-COH-FILES-UNTOUCHED	1	blocking	0	-
PRPs-agentic-eng	2026-07-23T00:00:00Z	0	plan-review	figma-implementation-track-phase-5-plan-integration	1	R-COH-MANDATORY-READING-MISSING	1	blocking	0	-
PRPs-agentic-eng	2026-07-23T00:00:00Z	0	plan-review	figma-implementation-track-phase-5-plan-integration	1	R-COH-PATTERN-SOURCE-MISSING	1	blocking	0	-
PRPs-agentic-eng	2026-07-23T00:00:00Z	0	plan-review	figma-implementation-track-phase-5-plan-integration	1	R-COH-TASK-AC-MISSING	1	blocking	0	-
PRPs-agentic-eng	2026-07-23T00:00:00Z	0	plan-review	figma-implementation-track-phase-5-plan-integration	1	R-COH-VALIDATE-ALWAYS-PASS	1	blocking	0	-
PRPs-agentic-eng	2026-07-23T00:00:00Z	0	plan-review	figma-implementation-track-phase-5-plan-integration	1	R-COH-VALIDATE-FRAMEWORK-MISMATCH	1	blocking	0	-
PRPs-agentic-eng	2026-07-23T00:00:00Z	0	plan-review	figma-implementation-track-phase-5-plan-integration	1	R1	1	blocking	0	-
PRPs-agentic-eng	2026-07-23T00:00:00Z	0	plan-review	figma-implementation-track-phase-5-plan-integration	1	R2	1	blocking	0	-
PRPs-agentic-eng	2026-07-23T00:00:00Z	0	plan-review	figma-implementation-track-phase-5-plan-integration	1	R3	1	blocking	0	-
PRPs-agentic-eng	2026-07-23T00:00:00Z	0	plan-review	figma-implementation-track-phase-5-plan-integration	1	R4	1	blocking	0	-
PRPs-agentic-eng	2026-07-23T00:00:00Z	0	plan-review	figma-implementation-track-phase-5-plan-integration	1	R5	1	blocking	0	-
PRPs-agentic-eng	2026-07-23T00:00:00Z	0	plan-review	figma-implementation-track-phase-5-plan-integration	1	R6	1	blocking	0	-
PRPs-agentic-eng	2026-07-23T00:00:00Z	0	plan-review	figma-implementation-track-phase-5-plan-integration	1	R7	1	blocking	0	-
PRPs-agentic-eng	2026-07-23T00:00:00Z	0	plan-review	figma-implementation-track-phase-5-plan-integration	1	R8	1	blocking	0	-
PRPs-agentic-eng	2026-07-23T00:00:00Z	0	plan-review	figma-implementation-track-phase-6-visual-loop	1	R-COH-AC-TASK-DECOUPLED	0	blocking	0	-
PRPs-agentic-eng	2026-07-23T00:00:00Z	0	plan-review	figma-implementation-track-phase-6-visual-loop	1	R-COH-AC-TASK-DECOUPLED	0	blocking	0	-
PRPs-agentic-eng	2026-07-23T00:00:00Z	0	plan-review	figma-implementation-track-phase-6-visual-loop	1	R-COH-FILES-UNTOUCHED	1	blocking	0	-
PRPs-agentic-eng	2026-07-23T00:00:00Z	0	plan-review	figma-implementation-track-phase-6-visual-loop	1	R-COH-MANDATORY-READING-MISSING	1	blocking	0	-
PRPs-agentic-eng	2026-07-23T00:00:00Z	0	plan-review	figma-implementation-track-phase-6-visual-loop	1	R-COH-PATTERN-SOURCE-MISSING	1	blocking	0	-
PRPs-agentic-eng	2026-07-23T00:00:00Z	0	plan-review	figma-implementation-track-phase-6-visual-loop	1	R-COH-PATTERN-TASK-DRIFT	0	blocking	0	-
PRPs-agentic-eng	2026-07-23T00:00:00Z	0	plan-review	figma-implementation-track-phase-6-visual-loop	1	R-COH-TASK-AC-MISSING	1	blocking	0	-
PRPs-agentic-eng	2026-07-23T00:00:00Z	0	plan-review	figma-implementation-track-phase-6-visual-loop	1	R-COH-VALIDATE-ALWAYS-PASS	1	blocking	0	-
PRPs-agentic-eng	2026-07-23T00:00:00Z	0	plan-review	figma-implementation-track-phase-6-visual-loop	1	R-COH-VALIDATE-FRAMEWORK-MISMATCH	0	blocking	0	-
PRPs-agentic-eng	2026-07-23T00:00:00Z	0	plan-review	figma-implementation-track-phase-6-visual-loop	1	R1	1	blocking	0	-
PRPs-agentic-eng	2026-07-23T00:00:00Z	0	plan-review	figma-implementation-track-phase-6-visual-loop	1	R2	1	blocking	0	-
PRPs-agentic-eng	2026-07-23T00:00:00Z	0	plan-review	figma-implementation-track-phase-6-visual-loop	1	R3	1	blocking	0	-
PRPs-agentic-eng	2026-07-23T00:00:00Z	0	plan-review	figma-implementation-track-phase-6-visual-loop	1	R4	1	blocking	0	-
PRPs-agentic-eng	2026-07-23T00:00:00Z	0	plan-review	figma-implementation-track-phase-6-visual-loop	1	R5	1	blocking	0	-
PRPs-agentic-eng	2026-07-23T00:00:00Z	0	plan-review	figma-implementation-track-phase-6-visual-loop	1	R6	1	blocking	0	-
PRPs-agentic-eng	2026-07-23T00:00:00Z	0	plan-review	figma-implementation-track-phase-6-visual-loop	1	R7	1	blocking	0	-
PRPs-agentic-eng	2026-07-23T00:00:00Z	0	plan-review	figma-implementation-track-phase-6-visual-loop	1	R8	1	blocking	0	-
PRPs-agentic-eng	2026-07-23T00:05:00Z	0	plan-review	figma-implementation-track-phase-6-visual-loop	2	R-COH-FILES-UNTOUCHED	1	blocking	0	-
PRPs-agentic-eng	2026-07-23T00:05:00Z	0	plan-review	figma-implementation-track-phase-6-visual-loop	2	R-COH-MANDATORY-READING-MISSING	1	blocking	0	-
PRPs-agentic-eng	2026-07-23T00:05:00Z	0	plan-review	figma-implementation-track-phase-6-visual-loop	2	R-COH-PATTERN-SOURCE-MISSING	1	blocking	0	-
PRPs-agentic-eng	2026-07-23T00:05:00Z	0	plan-review	figma-implementation-track-phase-6-visual-loop	2	R-COH-TASK-AC-MISSING	1	blocking	0	-
PRPs-agentic-eng	2026-07-23T00:05:00Z	0	plan-review	figma-implementation-track-phase-6-visual-loop	2	R-COH-VALIDATE-ALWAYS-PASS	1	blocking	0	-
PRPs-agentic-eng	2026-07-23T00:05:00Z	0	plan-review	figma-implementation-track-phase-6-visual-loop	2	R-COH-VALIDATE-FRAMEWORK-MISMATCH	1	blocking	0	-
PRPs-agentic-eng	2026-07-23T00:05:00Z	0	plan-review	figma-implementation-track-phase-6-visual-loop	2	R1	1	blocking	0	-
PRPs-agentic-eng	2026-07-23T00:05:00Z	0	plan-review	figma-implementation-track-phase-6-visual-loop	2	R2	1	blocking	0	-
PRPs-agentic-eng	2026-07-23T00:05:00Z	0	plan-review	figma-implementation-track-phase-6-visual-loop	2	R3	1	blocking	0	-
PRPs-agentic-eng	2026-07-23T00:05:00Z	0	plan-review	figma-implementation-track-phase-6-visual-loop	2	R4	1	blocking	0	-
PRPs-agentic-eng	2026-07-23T00:05:00Z	0	plan-review	figma-implementation-track-phase-6-visual-loop	2	R5	1	blocking	0	-
PRPs-agentic-eng	2026-07-23T00:05:00Z	0	plan-review	figma-implementation-track-phase-6-visual-loop	2	R6	1	blocking	0	-
PRPs-agentic-eng	2026-07-23T00:05:00Z	0	plan-review	figma-implementation-track-phase-6-visual-loop	2	R7	1	blocking	0	-
PRPs-agentic-eng	2026-07-23T00:05:00Z	0	plan-review	figma-implementation-track-phase-6-visual-loop	2	R8	1	blocking	0	-
PRPs-agentic-eng	2026-07-23T12:00:00Z	0	plan-review	figma-implementation-track-phase-7-surface-integration	1	R-COH-FILES-UNTOUCHED	1	blocking	0	-
PRPs-agentic-eng	2026-07-23T12:00:00Z	0	plan-review	figma-implementation-track-phase-7-surface-integration	1	R-COH-MANDATORY-READING-IRRELEVANT	0	blocking	0	-
PRPs-agentic-eng	2026-07-23T12:00:00Z	0	plan-review	figma-implementation-track-phase-7-surface-integration	1	R-COH-MANDATORY-READING-MISSING	1	blocking	0	-
PRPs-agentic-eng	2026-07-23T12:00:00Z	0	plan-review	figma-implementation-track-phase-7-surface-integration	1	R-COH-PATTERN-SOURCE-MISSING	1	blocking	0	-
PRPs-agentic-eng	2026-07-23T12:00:00Z	0	plan-review	figma-implementation-track-phase-7-surface-integration	1	R-COH-TASK-AC-MISSING	0	blocking	0	-
PRPs-agentic-eng	2026-07-23T12:00:00Z	0	plan-review	figma-implementation-track-phase-7-surface-integration	1	R-COH-VALIDATE-ALWAYS-PASS	1	blocking	0	-
PRPs-agentic-eng	2026-07-23T12:00:00Z	0	plan-review	figma-implementation-track-phase-7-surface-integration	1	R-COH-VALIDATE-FRAMEWORK-MISMATCH	1	blocking	0	-
PRPs-agentic-eng	2026-07-23T12:00:00Z	0	plan-review	figma-implementation-track-phase-7-surface-integration	1	R1	1	blocking	0	-
PRPs-agentic-eng	2026-07-23T12:00:00Z	0	plan-review	figma-implementation-track-phase-7-surface-integration	1	R2	1	blocking	0	-
PRPs-agentic-eng	2026-07-23T12:00:00Z	0	plan-review	figma-implementation-track-phase-7-surface-integration	1	R3	0	blocking	0	-
PRPs-agentic-eng	2026-07-23T12:00:00Z	0	plan-review	figma-implementation-track-phase-7-surface-integration	1	R4	1	blocking	0	-
PRPs-agentic-eng	2026-07-23T12:00:00Z	0	plan-review	figma-implementation-track-phase-7-surface-integration	1	R5	1	blocking	0	-
PRPs-agentic-eng	2026-07-23T12:00:00Z	0	plan-review	figma-implementation-track-phase-7-surface-integration	1	R6	1	blocking	0	-
PRPs-agentic-eng	2026-07-23T12:00:00Z	0	plan-review	figma-implementation-track-phase-7-surface-integration	1	R7	1	blocking	0	-
PRPs-agentic-eng	2026-07-23T12:00:00Z	0	plan-review	figma-implementation-track-phase-7-surface-integration	1	R8	1	blocking	0	-
PRPs-agentic-eng	2026-07-23T18:45:00Z	0	plan-review	figma-implementation-track-phase-7-surface-integration	2	R-COH-FILES-UNTOUCHED	1	blocking	0	-
PRPs-agentic-eng	2026-07-23T18:45:00Z	0	plan-review	figma-implementation-track-phase-7-surface-integration	2	R-COH-MANDATORY-READING-MISSING	1	blocking	0	-
PRPs-agentic-eng	2026-07-23T18:45:00Z	0	plan-review	figma-implementation-track-phase-7-surface-integration	2	R-COH-PATTERN-SOURCE-MISSING	1	blocking	0	-
PRPs-agentic-eng	2026-07-23T18:45:00Z	0	plan-review	figma-implementation-track-phase-7-surface-integration	2	R-COH-TASK-AC-MISSING	1	blocking	0	-
PRPs-agentic-eng	2026-07-23T18:45:00Z	0	plan-review	figma-implementation-track-phase-7-surface-integration	2	R-COH-VALIDATE-ALWAYS-PASS	1	blocking	0	-
PRPs-agentic-eng	2026-07-23T18:45:00Z	0	plan-review	figma-implementation-track-phase-7-surface-integration	2	R-COH-VALIDATE-FRAMEWORK-MISMATCH	1	blocking	0	-
PRPs-agentic-eng	2026-07-23T18:45:00Z	0	plan-review	figma-implementation-track-phase-7-surface-integration	2	R1	1	blocking	0	-
PRPs-agentic-eng	2026-07-23T18:45:00Z	0	plan-review	figma-implementation-track-phase-7-surface-integration	2	R2	1	blocking	0	-
PRPs-agentic-eng	2026-07-23T18:45:00Z	0	plan-review	figma-implementation-track-phase-7-surface-integration	2	R3	1	blocking	0	-
PRPs-agentic-eng	2026-07-23T18:45:00Z	0	plan-review	figma-implementation-track-phase-7-surface-integration	2	R4	1	blocking	0	-
PRPs-agentic-eng	2026-07-23T18:45:00Z	0	plan-review	figma-implementation-track-phase-7-surface-integration	2	R5	1	blocking	0	-
PRPs-agentic-eng	2026-07-23T18:45:00Z	0	plan-review	figma-implementation-track-phase-7-surface-integration	2	R6	1	blocking	0	-
PRPs-agentic-eng	2026-07-23T18:45:00Z	0	plan-review	figma-implementation-track-phase-7-surface-integration	2	R7	1	blocking	0	-
PRPs-agentic-eng	2026-07-23T18:45:00Z	0	plan-review	figma-implementation-track-phase-7-surface-integration	2	R8	1	blocking	0	-
PRPs-agentic-eng	2026-07-24T00:00:00Z	0	plan-review	figma-visual-first-track-phase-1-foundations	1	R-COH-FILES-UNTOUCHED	1	blocking	0	-
PRPs-agentic-eng	2026-07-24T00:00:00Z	0	plan-review	figma-visual-first-track-phase-1-foundations	1	R-COH-MANDATORY-READING-MISSING	1	blocking	0	-
PRPs-agentic-eng	2026-07-24T00:00:00Z	0	plan-review	figma-visual-first-track-phase-1-foundations	1	R-COH-PATTERN-SOURCE-MISSING	1	blocking	0	-
PRPs-agentic-eng	2026-07-24T00:00:00Z	0	plan-review	figma-visual-first-track-phase-1-foundations	1	R-COH-TASK-AC-MISSING	1	blocking	0	-
PRPs-agentic-eng	2026-07-24T00:00:00Z	0	plan-review	figma-visual-first-track-phase-1-foundations	1	R-COH-VALIDATE-ALWAYS-PASS	1	blocking	0	-
PRPs-agentic-eng	2026-07-24T00:00:00Z	0	plan-review	figma-visual-first-track-phase-1-foundations	1	R-COH-VALIDATE-FRAMEWORK-MISMATCH	1	blocking	0	-
PRPs-agentic-eng	2026-07-24T00:00:00Z	0	plan-review	figma-visual-first-track-phase-1-foundations	1	R1	1	blocking	0	-
PRPs-agentic-eng	2026-07-24T00:00:00Z	0	plan-review	figma-visual-first-track-phase-1-foundations	1	R2	1	blocking	0	-
PRPs-agentic-eng	2026-07-24T00:00:00Z	0	plan-review	figma-visual-first-track-phase-1-foundations	1	R3	0	blocking	0	-
PRPs-agentic-eng	2026-07-24T00:00:00Z	0	plan-review	figma-visual-first-track-phase-1-foundations	1	R4	1	blocking	0	-
PRPs-agentic-eng	2026-07-24T00:00:00Z	0	plan-review	figma-visual-first-track-phase-1-foundations	1	R5	1	blocking	0	-
PRPs-agentic-eng	2026-07-24T00:00:00Z	0	plan-review	figma-visual-first-track-phase-1-foundations	1	R6	1	blocking	0	-
PRPs-agentic-eng	2026-07-24T00:00:00Z	0	plan-review	figma-visual-first-track-phase-1-foundations	1	R7	1	blocking	0	-
PRPs-agentic-eng	2026-07-24T00:00:00Z	0	plan-review	figma-visual-first-track-phase-1-foundations	1	R8	1	blocking	0	-
PRPs-agentic-eng	2026-07-24T00:00:00Z	0	plan-review	figma-visual-first-track-phase-1-foundations	2	R-COH-FILES-UNTOUCHED	1	blocking	0	-
PRPs-agentic-eng	2026-07-24T00:00:00Z	0	plan-review	figma-visual-first-track-phase-1-foundations	2	R-COH-MANDATORY-READING-MISSING	1	blocking	0	-
PRPs-agentic-eng	2026-07-24T00:00:00Z	0	plan-review	figma-visual-first-track-phase-1-foundations	2	R-COH-OTHER-INTERNAL-CONTRADICTION	0	blocking	0	-
PRPs-agentic-eng	2026-07-24T00:00:00Z	0	plan-review	figma-visual-first-track-phase-1-foundations	2	R-COH-PATTERN-SOURCE-MISSING	1	blocking	0	-
PRPs-agentic-eng	2026-07-24T00:00:00Z	0	plan-review	figma-visual-first-track-phase-1-foundations	2	R-COH-TASK-AC-MISSING	1	blocking	0	-
PRPs-agentic-eng	2026-07-24T00:00:00Z	0	plan-review	figma-visual-first-track-phase-1-foundations	2	R-COH-VALIDATE-ALWAYS-PASS	1	blocking	0	-
PRPs-agentic-eng	2026-07-24T00:00:00Z	0	plan-review	figma-visual-first-track-phase-1-foundations	2	R-COH-VALIDATE-FRAMEWORK-MISMATCH	1	blocking	0	-
PRPs-agentic-eng	2026-07-24T00:00:00Z	0	plan-review	figma-visual-first-track-phase-1-foundations	2	R1	1	blocking	0	-
PRPs-agentic-eng	2026-07-24T00:00:00Z	0	plan-review	figma-visual-first-track-phase-1-foundations	2	R2	1	blocking	0	-
PRPs-agentic-eng	2026-07-24T00:00:00Z	0	plan-review	figma-visual-first-track-phase-1-foundations	2	R3	1	blocking	0	-
PRPs-agentic-eng	2026-07-24T00:00:00Z	0	plan-review	figma-visual-first-track-phase-1-foundations	2	R4	1	blocking	0	-
PRPs-agentic-eng	2026-07-24T00:00:00Z	0	plan-review	figma-visual-first-track-phase-1-foundations	2	R5	1	blocking	0	-
PRPs-agentic-eng	2026-07-24T00:00:00Z	0	plan-review	figma-visual-first-track-phase-1-foundations	2	R6	1	blocking	0	-
PRPs-agentic-eng	2026-07-24T00:00:00Z	0	plan-review	figma-visual-first-track-phase-1-foundations	2	R7	1	blocking	0	-
PRPs-agentic-eng	2026-07-24T00:00:00Z	0	plan-review	figma-visual-first-track-phase-1-foundations	2	R8	1	blocking	0	-
PRPs-agentic-eng	2026-07-24T00:00:00Z	0	plan-review	figma-visual-first-track-phase-1-foundations	3	R-COH-FILES-UNTOUCHED	1	blocking	0	-
PRPs-agentic-eng	2026-07-24T00:00:00Z	0	plan-review	figma-visual-first-track-phase-1-foundations	3	R-COH-MANDATORY-READING-MISSING	1	blocking	0	-
PRPs-agentic-eng	2026-07-24T00:00:00Z	0	plan-review	figma-visual-first-track-phase-1-foundations	3	R-COH-OTHER-INTERNAL-CONTRADICTION	0	blocking	0	-
PRPs-agentic-eng	2026-07-24T00:00:00Z	0	plan-review	figma-visual-first-track-phase-1-foundations	3	R-COH-OTHER-INTERNAL-CONTRADICTION	0	blocking	0	-
PRPs-agentic-eng	2026-07-24T00:00:00Z	0	plan-review	figma-visual-first-track-phase-1-foundations	3	R-COH-PATTERN-SOURCE-MISSING	1	blocking	0	-
PRPs-agentic-eng	2026-07-24T00:00:00Z	0	plan-review	figma-visual-first-track-phase-1-foundations	3	R-COH-TASK-AC-MISSING	1	blocking	0	-
PRPs-agentic-eng	2026-07-24T00:00:00Z	0	plan-review	figma-visual-first-track-phase-1-foundations	3	R-COH-VALIDATE-ALWAYS-PASS	1	blocking	0	-
PRPs-agentic-eng	2026-07-24T00:00:00Z	0	plan-review	figma-visual-first-track-phase-1-foundations	3	R-COH-VALIDATE-FRAMEWORK-MISMATCH	1	blocking	0	-
PRPs-agentic-eng	2026-07-24T00:00:00Z	0	plan-review	figma-visual-first-track-phase-1-foundations	3	R1	1	blocking	0	-
PRPs-agentic-eng	2026-07-24T00:00:00Z	0	plan-review	figma-visual-first-track-phase-1-foundations	3	R2	1	blocking	0	-
PRPs-agentic-eng	2026-07-24T00:00:00Z	0	plan-review	figma-visual-first-track-phase-1-foundations	3	R3	1	blocking	0	-
PRPs-agentic-eng	2026-07-24T00:00:00Z	0	plan-review	figma-visual-first-track-phase-1-foundations	3	R4	1	blocking	0	-
PRPs-agentic-eng	2026-07-24T00:00:00Z	0	plan-review	figma-visual-first-track-phase-1-foundations	3	R5	1	blocking	0	-
PRPs-agentic-eng	2026-07-24T00:00:00Z	0	plan-review	figma-visual-first-track-phase-1-foundations	3	R6	1	blocking	0	-
PRPs-agentic-eng	2026-07-24T00:00:00Z	0	plan-review	figma-visual-first-track-phase-1-foundations	3	R7	1	blocking	0	-
PRPs-agentic-eng	2026-07-24T00:00:00Z	0	plan-review	figma-visual-first-track-phase-1-foundations	3	R8	1	blocking	0	-
PRPs-agentic-eng	2026-07-24T00:00:00Z	0	plan-review	figma-visual-first-track-phase-1-foundations	4	R-COH-FILES-UNTOUCHED	1	blocking	0	-
PRPs-agentic-eng	2026-07-24T00:00:00Z	0	plan-review	figma-visual-first-track-phase-1-foundations	4	R-COH-MANDATORY-READING-MISSING	1	blocking	0	-
PRPs-agentic-eng	2026-07-24T00:00:00Z	0	plan-review	figma-visual-first-track-phase-1-foundations	4	R-COH-PATTERN-SOURCE-MISSING	1	blocking	0	-
PRPs-agentic-eng	2026-07-24T00:00:00Z	0	plan-review	figma-visual-first-track-phase-1-foundations	4	R-COH-TASK-AC-MISSING	1	blocking	0	-
PRPs-agentic-eng	2026-07-24T00:00:00Z	0	plan-review	figma-visual-first-track-phase-1-foundations	4	R-COH-VALIDATE-ALWAYS-PASS	1	blocking	0	-
PRPs-agentic-eng	2026-07-24T00:00:00Z	0	plan-review	figma-visual-first-track-phase-1-foundations	4	R-COH-VALIDATE-FRAMEWORK-MISMATCH	1	blocking	0	-
PRPs-agentic-eng	2026-07-24T00:00:00Z	0	plan-review	figma-visual-first-track-phase-1-foundations	4	R1	1	blocking	0	-
PRPs-agentic-eng	2026-07-24T00:00:00Z	0	plan-review	figma-visual-first-track-phase-1-foundations	4	R2	1	blocking	0	-
PRPs-agentic-eng	2026-07-24T00:00:00Z	0	plan-review	figma-visual-first-track-phase-1-foundations	4	R3	1	blocking	0	-
PRPs-agentic-eng	2026-07-24T00:00:00Z	0	plan-review	figma-visual-first-track-phase-1-foundations	4	R4	1	blocking	0	-
PRPs-agentic-eng	2026-07-24T00:00:00Z	0	plan-review	figma-visual-first-track-phase-1-foundations	4	R5	1	blocking	0	-
PRPs-agentic-eng	2026-07-24T00:00:00Z	0	plan-review	figma-visual-first-track-phase-1-foundations	4	R6	1	blocking	0	-
PRPs-agentic-eng	2026-07-24T00:00:00Z	0	plan-review	figma-visual-first-track-phase-1-foundations	4	R7	1	blocking	0	-
PRPs-agentic-eng	2026-07-24T00:00:00Z	0	plan-review	figma-visual-first-track-phase-1-foundations	4	R8	1	blocking	0	-
PRPs-agentic-eng	2026-07-24T00:00:00Z	0	plan-review	figma-visual-first-track-phase-2-prd-authoring	1	R-COH-FILES-UNTOUCHED	1	blocking	0	-
PRPs-agentic-eng	2026-07-24T00:00:00Z	0	plan-review	figma-visual-first-track-phase-2-prd-authoring	1	R-COH-MANDATORY-READING-MISSING	1	blocking	0	-
PRPs-agentic-eng	2026-07-24T00:00:00Z	0	plan-review	figma-visual-first-track-phase-2-prd-authoring	1	R-COH-PATTERN-SOURCE-MISSING	1	blocking	0	-
PRPs-agentic-eng	2026-07-24T00:00:00Z	0	plan-review	figma-visual-first-track-phase-2-prd-authoring	1	R-COH-TASK-AC-MISSING	1	blocking	0	-
PRPs-agentic-eng	2026-07-24T00:00:00Z	0	plan-review	figma-visual-first-track-phase-2-prd-authoring	1	R-COH-VALIDATE-ALWAYS-PASS	1	blocking	0	-
PRPs-agentic-eng	2026-07-24T00:00:00Z	0	plan-review	figma-visual-first-track-phase-2-prd-authoring	1	R-COH-VALIDATE-FRAMEWORK-MISMATCH	1	blocking	0	-
PRPs-agentic-eng	2026-07-24T00:00:00Z	0	plan-review	figma-visual-first-track-phase-2-prd-authoring	1	R1	1	blocking	0	-
PRPs-agentic-eng	2026-07-24T00:00:00Z	0	plan-review	figma-visual-first-track-phase-2-prd-authoring	1	R2	1	blocking	0	-
PRPs-agentic-eng	2026-07-24T00:00:00Z	0	plan-review	figma-visual-first-track-phase-2-prd-authoring	1	R3	1	blocking	0	-
PRPs-agentic-eng	2026-07-24T00:00:00Z	0	plan-review	figma-visual-first-track-phase-2-prd-authoring	1	R4	1	blocking	0	-
PRPs-agentic-eng	2026-07-24T00:00:00Z	0	plan-review	figma-visual-first-track-phase-2-prd-authoring	1	R5	1	blocking	0	-
PRPs-agentic-eng	2026-07-24T00:00:00Z	0	plan-review	figma-visual-first-track-phase-2-prd-authoring	1	R6	1	blocking	0	-
PRPs-agentic-eng	2026-07-24T00:00:00Z	0	plan-review	figma-visual-first-track-phase-2-prd-authoring	1	R7	1	blocking	0	-
PRPs-agentic-eng	2026-07-24T00:00:00Z	0	plan-review	figma-visual-first-track-phase-2-prd-authoring	1	R8	1	blocking	0	-
PRPs-agentic-eng	2026-07-25T12:00:00Z	0	plan-review	figma-visual-first-track-phase-3-plan-visual	1	R-COH-FILES-UNTOUCHED	1	blocking	0	-
PRPs-agentic-eng	2026-07-25T12:00:00Z	0	plan-review	figma-visual-first-track-phase-3-plan-visual	1	R-COH-MANDATORY-READING-MISSING	1	blocking	0	-
PRPs-agentic-eng	2026-07-25T12:00:00Z	0	plan-review	figma-visual-first-track-phase-3-plan-visual	1	R-COH-PATTERN-SOURCE-MISSING	1	blocking	0	-
PRPs-agentic-eng	2026-07-25T12:00:00Z	0	plan-review	figma-visual-first-track-phase-3-plan-visual	1	R-COH-TASK-AC-MISSING	1	blocking	0	-
PRPs-agentic-eng	2026-07-25T12:00:00Z	0	plan-review	figma-visual-first-track-phase-3-plan-visual	1	R-COH-VALIDATE-ALWAYS-PASS	1	blocking	0	-
PRPs-agentic-eng	2026-07-25T12:00:00Z	0	plan-review	figma-visual-first-track-phase-3-plan-visual	1	R-COH-VALIDATE-FRAMEWORK-MISMATCH	1	blocking	0	-
PRPs-agentic-eng	2026-07-25T12:00:00Z	0	plan-review	figma-visual-first-track-phase-3-plan-visual	1	R1	1	blocking	0	-
PRPs-agentic-eng	2026-07-25T12:00:00Z	0	plan-review	figma-visual-first-track-phase-3-plan-visual	1	R2	1	blocking	0	-
PRPs-agentic-eng	2026-07-25T12:00:00Z	0	plan-review	figma-visual-first-track-phase-3-plan-visual	1	R3	1	blocking	0	-
PRPs-agentic-eng	2026-07-25T12:00:00Z	0	plan-review	figma-visual-first-track-phase-3-plan-visual	1	R4	1	blocking	0	-
PRPs-agentic-eng	2026-07-25T12:00:00Z	0	plan-review	figma-visual-first-track-phase-3-plan-visual	1	R5	1	blocking	0	-
PRPs-agentic-eng	2026-07-25T12:00:00Z	0	plan-review	figma-visual-first-track-phase-3-plan-visual	1	R6	1	blocking	0	-
PRPs-agentic-eng	2026-07-25T12:00:00Z	0	plan-review	figma-visual-first-track-phase-3-plan-visual	1	R7	1	blocking	0	-
PRPs-agentic-eng	2026-07-25T12:00:00Z	0	plan-review	figma-visual-first-track-phase-3-plan-visual	1	R8	1	blocking	0	-
PRPs-agentic-eng	2026-07-25T00:00:00Z	0	plan-review	figma-visual-first-track-phase-4-plan-logic-ledger	1	R-COH-FILES-UNTOUCHED	1	blocking	0	-
PRPs-agentic-eng	2026-07-25T00:00:00Z	0	plan-review	figma-visual-first-track-phase-4-plan-logic-ledger	1	R-COH-MANDATORY-READING-MISSING	1	blocking	0	-
PRPs-agentic-eng	2026-07-25T00:00:00Z	0	plan-review	figma-visual-first-track-phase-4-plan-logic-ledger	1	R-COH-PATTERN-SOURCE-MISSING	1	blocking	0	-
PRPs-agentic-eng	2026-07-25T00:00:00Z	0	plan-review	figma-visual-first-track-phase-4-plan-logic-ledger	1	R-COH-PATTERN-TASK-DRIFT	0	blocking	0	-
PRPs-agentic-eng	2026-07-25T00:00:00Z	0	plan-review	figma-visual-first-track-phase-4-plan-logic-ledger	1	R-COH-PATTERN-TASK-DRIFT	0	blocking	0	-
PRPs-agentic-eng	2026-07-25T00:00:00Z	0	plan-review	figma-visual-first-track-phase-4-plan-logic-ledger	1	R-COH-TASK-AC-MISSING	1	blocking	0	-
PRPs-agentic-eng	2026-07-25T00:00:00Z	0	plan-review	figma-visual-first-track-phase-4-plan-logic-ledger	1	R-COH-VALIDATE-ALWAYS-PASS	1	blocking	0	-
PRPs-agentic-eng	2026-07-25T00:00:00Z	0	plan-review	figma-visual-first-track-phase-4-plan-logic-ledger	1	R-COH-VALIDATE-FRAMEWORK-MISMATCH	1	blocking	0	-
PRPs-agentic-eng	2026-07-25T00:00:00Z	0	plan-review	figma-visual-first-track-phase-4-plan-logic-ledger	1	R1	1	blocking	0	-
PRPs-agentic-eng	2026-07-25T00:00:00Z	0	plan-review	figma-visual-first-track-phase-4-plan-logic-ledger	1	R2	1	blocking	0	-
PRPs-agentic-eng	2026-07-25T00:00:00Z	0	plan-review	figma-visual-first-track-phase-4-plan-logic-ledger	1	R3	1	blocking	0	-
PRPs-agentic-eng	2026-07-25T00:00:00Z	0	plan-review	figma-visual-first-track-phase-4-plan-logic-ledger	1	R4	1	blocking	0	-
PRPs-agentic-eng	2026-07-25T00:00:00Z	0	plan-review	figma-visual-first-track-phase-4-plan-logic-ledger	1	R5	1	blocking	0	-
PRPs-agentic-eng	2026-07-25T00:00:00Z	0	plan-review	figma-visual-first-track-phase-4-plan-logic-ledger	1	R6	1	blocking	0	-
PRPs-agentic-eng	2026-07-25T00:00:00Z	0	plan-review	figma-visual-first-track-phase-4-plan-logic-ledger	1	R7	1	blocking	0	-
PRPs-agentic-eng	2026-07-25T00:00:00Z	0	plan-review	figma-visual-first-track-phase-4-plan-logic-ledger	1	R8	1	blocking	0	-
PRPs-agentic-eng	2026-07-25T00:00:00Z	0	plan-review	figma-visual-first-track-phase-4-plan-logic-ledger	2	R-COH-FILES-UNTOUCHED	1	blocking	0	-
PRPs-agentic-eng	2026-07-25T00:00:00Z	0	plan-review	figma-visual-first-track-phase-4-plan-logic-ledger	2	R-COH-MANDATORY-READING-MISSING	1	blocking	0	-
PRPs-agentic-eng	2026-07-25T00:00:00Z	0	plan-review	figma-visual-first-track-phase-4-plan-logic-ledger	2	R-COH-PATTERN-SOURCE-MISSING	1	blocking	0	-
PRPs-agentic-eng	2026-07-25T00:00:00Z	0	plan-review	figma-visual-first-track-phase-4-plan-logic-ledger	2	R-COH-PATTERN-TASK-DRIFT	0	blocking	0	-
PRPs-agentic-eng	2026-07-25T00:00:00Z	0	plan-review	figma-visual-first-track-phase-4-plan-logic-ledger	2	R-COH-TASK-AC-MISSING	1	blocking	0	-
PRPs-agentic-eng	2026-07-25T00:00:00Z	0	plan-review	figma-visual-first-track-phase-4-plan-logic-ledger	2	R-COH-VALIDATE-ALWAYS-PASS	1	blocking	0	-
PRPs-agentic-eng	2026-07-25T00:00:00Z	0	plan-review	figma-visual-first-track-phase-4-plan-logic-ledger	2	R-COH-VALIDATE-FRAMEWORK-MISMATCH	1	blocking	0	-
PRPs-agentic-eng	2026-07-25T00:00:00Z	0	plan-review	figma-visual-first-track-phase-4-plan-logic-ledger	2	R1	1	blocking	0	-
PRPs-agentic-eng	2026-07-25T00:00:00Z	0	plan-review	figma-visual-first-track-phase-4-plan-logic-ledger	2	R2	1	blocking	0	-
PRPs-agentic-eng	2026-07-25T00:00:00Z	0	plan-review	figma-visual-first-track-phase-4-plan-logic-ledger	2	R3	1	blocking	0	-
PRPs-agentic-eng	2026-07-25T00:00:00Z	0	plan-review	figma-visual-first-track-phase-4-plan-logic-ledger	2	R4	1	blocking	0	-
PRPs-agentic-eng	2026-07-25T00:00:00Z	0	plan-review	figma-visual-first-track-phase-4-plan-logic-ledger	2	R5	1	blocking	0	-
PRPs-agentic-eng	2026-07-25T00:00:00Z	0	plan-review	figma-visual-first-track-phase-4-plan-logic-ledger	2	R6	1	blocking	0	-
PRPs-agentic-eng	2026-07-25T00:00:00Z	0	plan-review	figma-visual-first-track-phase-4-plan-logic-ledger	2	R7	1	blocking	0	-
PRPs-agentic-eng	2026-07-25T00:00:00Z	0	plan-review	figma-visual-first-track-phase-4-plan-logic-ledger	2	R8	1	blocking	0	-
PRPs-agentic-eng	2026-07-25T00:00:00Z	0	plan-review	figma-visual-first-track-phase-4-plan-logic-ledger	3	R-COH-FILES-UNTOUCHED	1	blocking	0	-
PRPs-agentic-eng	2026-07-25T00:00:00Z	0	plan-review	figma-visual-first-track-phase-4-plan-logic-ledger	3	R-COH-MANDATORY-READING-MISSING	1	blocking	0	-
PRPs-agentic-eng	2026-07-25T00:00:00Z	0	plan-review	figma-visual-first-track-phase-4-plan-logic-ledger	3	R-COH-PATTERN-SOURCE-MISSING	1	blocking	0	-
PRPs-agentic-eng	2026-07-25T00:00:00Z	0	plan-review	figma-visual-first-track-phase-4-plan-logic-ledger	3	R-COH-TASK-AC-MISSING	1	blocking	0	-
PRPs-agentic-eng	2026-07-25T00:00:00Z	0	plan-review	figma-visual-first-track-phase-4-plan-logic-ledger	3	R-COH-VALIDATE-ALWAYS-PASS	1	blocking	0	-
PRPs-agentic-eng	2026-07-25T00:00:00Z	0	plan-review	figma-visual-first-track-phase-4-plan-logic-ledger	3	R-COH-VALIDATE-FRAMEWORK-MISMATCH	1	blocking	0	-
PRPs-agentic-eng	2026-07-25T00:00:00Z	0	plan-review	figma-visual-first-track-phase-4-plan-logic-ledger	3	R1	1	blocking	0	-
PRPs-agentic-eng	2026-07-25T00:00:00Z	0	plan-review	figma-visual-first-track-phase-4-plan-logic-ledger	3	R2	1	blocking	0	-
PRPs-agentic-eng	2026-07-25T00:00:00Z	0	plan-review	figma-visual-first-track-phase-4-plan-logic-ledger	3	R3	1	blocking	0	-
PRPs-agentic-eng	2026-07-25T00:00:00Z	0	plan-review	figma-visual-first-track-phase-4-plan-logic-ledger	3	R4	1	blocking	0	-
PRPs-agentic-eng	2026-07-25T00:00:00Z	0	plan-review	figma-visual-first-track-phase-4-plan-logic-ledger	3	R5	1	blocking	0	-
PRPs-agentic-eng	2026-07-25T00:00:00Z	0	plan-review	figma-visual-first-track-phase-4-plan-logic-ledger	3	R6	1	blocking	0	-
PRPs-agentic-eng	2026-07-25T00:00:00Z	0	plan-review	figma-visual-first-track-phase-4-plan-logic-ledger	3	R7	1	blocking	0	-
PRPs-agentic-eng	2026-07-25T00:00:00Z	0	plan-review	figma-visual-first-track-phase-4-plan-logic-ledger	3	R8	1	blocking	0	-
PRPs-agentic-eng	2026-07-26T18:42:00Z	0	plan-review	figma-visual-first-track-phase-5-implement-time-gate	1	R-COH-AC-TASK-DECOUPLED	0	blocking	0	-
PRPs-agentic-eng	2026-07-26T18:42:00Z	0	plan-review	figma-visual-first-track-phase-5-implement-time-gate	1	R-COH-FILES-UNTOUCHED	1	blocking	0	-
PRPs-agentic-eng	2026-07-26T18:42:00Z	0	plan-review	figma-visual-first-track-phase-5-implement-time-gate	1	R-COH-MANDATORY-READING-MISSING	1	blocking	0	-
PRPs-agentic-eng	2026-07-26T18:42:00Z	0	plan-review	figma-visual-first-track-phase-5-implement-time-gate	1	R-COH-PATTERN-SOURCE-MISSING	1	blocking	0	-
PRPs-agentic-eng	2026-07-26T18:42:00Z	0	plan-review	figma-visual-first-track-phase-5-implement-time-gate	1	R-COH-TASK-AC-MISSING	1	blocking	0	-
PRPs-agentic-eng	2026-07-26T18:42:00Z	0	plan-review	figma-visual-first-track-phase-5-implement-time-gate	1	R-COH-VALIDATE-ALWAYS-PASS	1	blocking	0	-
PRPs-agentic-eng	2026-07-26T18:42:00Z	0	plan-review	figma-visual-first-track-phase-5-implement-time-gate	1	R-COH-VALIDATE-FRAMEWORK-MISMATCH	1	blocking	0	-
PRPs-agentic-eng	2026-07-26T18:42:00Z	0	plan-review	figma-visual-first-track-phase-5-implement-time-gate	1	R1	1	blocking	0	-
PRPs-agentic-eng	2026-07-26T18:42:00Z	0	plan-review	figma-visual-first-track-phase-5-implement-time-gate	1	R2	1	blocking	0	-
PRPs-agentic-eng	2026-07-26T18:42:00Z	0	plan-review	figma-visual-first-track-phase-5-implement-time-gate	1	R3	1	blocking	0	-
PRPs-agentic-eng	2026-07-26T18:42:00Z	0	plan-review	figma-visual-first-track-phase-5-implement-time-gate	1	R4	1	blocking	0	-
PRPs-agentic-eng	2026-07-26T18:42:00Z	0	plan-review	figma-visual-first-track-phase-5-implement-time-gate	1	R5	1	blocking	0	-
PRPs-agentic-eng	2026-07-26T18:42:00Z	0	plan-review	figma-visual-first-track-phase-5-implement-time-gate	1	R6	1	blocking	0	-
PRPs-agentic-eng	2026-07-26T18:42:00Z	0	plan-review	figma-visual-first-track-phase-5-implement-time-gate	1	R7	1	blocking	0	-
PRPs-agentic-eng	2026-07-26T18:42:00Z	0	plan-review	figma-visual-first-track-phase-5-implement-time-gate	1	R8	0	blocking	0	-
PRPs-agentic-eng	2026-07-26T20:10:00Z	0	plan-review	figma-visual-first-track-phase-5-implement-time-gate	2	R-COH-AC-TASK-DECOUPLED	0	blocking	0	-
PRPs-agentic-eng	2026-07-26T20:10:00Z	0	plan-review	figma-visual-first-track-phase-5-implement-time-gate	2	R-COH-FILES-UNTOUCHED	1	blocking	0	-
PRPs-agentic-eng	2026-07-26T20:10:00Z	0	plan-review	figma-visual-first-track-phase-5-implement-time-gate	2	R-COH-MANDATORY-READING-IRRELEVANT	0	blocking	0	-
PRPs-agentic-eng	2026-07-26T20:10:00Z	0	plan-review	figma-visual-first-track-phase-5-implement-time-gate	2	R-COH-MANDATORY-READING-IRRELEVANT	0	blocking	0	-
PRPs-agentic-eng	2026-07-26T20:10:00Z	0	plan-review	figma-visual-first-track-phase-5-implement-time-gate	2	R-COH-MANDATORY-READING-MISSING	1	blocking	0	-
PRPs-agentic-eng	2026-07-26T20:10:00Z	0	plan-review	figma-visual-first-track-phase-5-implement-time-gate	2	R-COH-OTHER-INTERNAL-CONTRADICTION	0	blocking	0	-
PRPs-agentic-eng	2026-07-26T20:10:00Z	0	plan-review	figma-visual-first-track-phase-5-implement-time-gate	2	R-COH-PATTERN-SOURCE-MISSING	1	blocking	0	-
PRPs-agentic-eng	2026-07-26T20:10:00Z	0	plan-review	figma-visual-first-track-phase-5-implement-time-gate	2	R-COH-TASK-AC-MISSING	1	blocking	0	-
PRPs-agentic-eng	2026-07-26T20:10:00Z	0	plan-review	figma-visual-first-track-phase-5-implement-time-gate	2	R-COH-VALIDATE-ALWAYS-PASS	1	blocking	0	-
PRPs-agentic-eng	2026-07-26T20:10:00Z	0	plan-review	figma-visual-first-track-phase-5-implement-time-gate	2	R-COH-VALIDATE-FRAMEWORK-MISMATCH	1	blocking	0	-
PRPs-agentic-eng	2026-07-26T20:10:00Z	0	plan-review	figma-visual-first-track-phase-5-implement-time-gate	2	R1	1	blocking	0	-
PRPs-agentic-eng	2026-07-26T20:10:00Z	0	plan-review	figma-visual-first-track-phase-5-implement-time-gate	2	R2	1	blocking	0	-
PRPs-agentic-eng	2026-07-26T20:10:00Z	0	plan-review	figma-visual-first-track-phase-5-implement-time-gate	2	R3	1	blocking	0	-
PRPs-agentic-eng	2026-07-26T20:10:00Z	0	plan-review	figma-visual-first-track-phase-5-implement-time-gate	2	R4	1	blocking	0	-
PRPs-agentic-eng	2026-07-26T20:10:00Z	0	plan-review	figma-visual-first-track-phase-5-implement-time-gate	2	R5	1	blocking	0	-
PRPs-agentic-eng	2026-07-26T20:10:00Z	0	plan-review	figma-visual-first-track-phase-5-implement-time-gate	2	R6	1	blocking	0	-
PRPs-agentic-eng	2026-07-26T20:10:00Z	0	plan-review	figma-visual-first-track-phase-5-implement-time-gate	2	R7	1	blocking	0	-
PRPs-agentic-eng	2026-07-26T20:10:00Z	0	plan-review	figma-visual-first-track-phase-5-implement-time-gate	2	R8	0	blocking	0	-
PRPs-agentic-eng	2026-07-27T16:45:00Z	0	plan-review	figma-visual-first-track-phase-5-implement-time-gate	3	R-COH-FILES-UNTOUCHED	1	blocking	0	-
PRPs-agentic-eng	2026-07-27T16:45:00Z	0	plan-review	figma-visual-first-track-phase-5-implement-time-gate	3	R-COH-MANDATORY-READING-MISSING	1	blocking	0	-
PRPs-agentic-eng	2026-07-27T16:45:00Z	0	plan-review	figma-visual-first-track-phase-5-implement-time-gate	3	R-COH-OTHER-INTERNAL-CONTRADICTION	0	blocking	0	-
PRPs-agentic-eng	2026-07-27T16:45:00Z	0	plan-review	figma-visual-first-track-phase-5-implement-time-gate	3	R-COH-PATTERN-SOURCE-MISSING	1	blocking	0	-
PRPs-agentic-eng	2026-07-27T16:45:00Z	0	plan-review	figma-visual-first-track-phase-5-implement-time-gate	3	R-COH-TASK-AC-MISSING	1	blocking	0	-
PRPs-agentic-eng	2026-07-27T16:45:00Z	0	plan-review	figma-visual-first-track-phase-5-implement-time-gate	3	R-COH-VALIDATE-ALWAYS-PASS	1	blocking	0	-
PRPs-agentic-eng	2026-07-27T16:45:00Z	0	plan-review	figma-visual-first-track-phase-5-implement-time-gate	3	R-COH-VALIDATE-FRAMEWORK-MISMATCH	1	blocking	0	-
PRPs-agentic-eng	2026-07-27T16:45:00Z	0	plan-review	figma-visual-first-track-phase-5-implement-time-gate	3	R1	1	blocking	0	-
PRPs-agentic-eng	2026-07-27T16:45:00Z	0	plan-review	figma-visual-first-track-phase-5-implement-time-gate	3	R2	1	blocking	0	-
PRPs-agentic-eng	2026-07-27T16:45:00Z	0	plan-review	figma-visual-first-track-phase-5-implement-time-gate	3	R3	1	blocking	0	-
PRPs-agentic-eng	2026-07-27T16:45:00Z	0	plan-review	figma-visual-first-track-phase-5-implement-time-gate	3	R4	1	blocking	0	-
PRPs-agentic-eng	2026-07-27T16:45:00Z	0	plan-review	figma-visual-first-track-phase-5-implement-time-gate	3	R5	1	blocking	0	-
PRPs-agentic-eng	2026-07-27T16:45:00Z	0	plan-review	figma-visual-first-track-phase-5-implement-time-gate	3	R6	1	blocking	0	-
PRPs-agentic-eng	2026-07-27T16:45:00Z	0	plan-review	figma-visual-first-track-phase-5-implement-time-gate	3	R7	1	blocking	0	-
PRPs-agentic-eng	2026-07-27T16:45:00Z	0	plan-review	figma-visual-first-track-phase-5-implement-time-gate	3	R8	1	blocking	0	-
PRPs-agentic-eng	2026-07-27T18:20:00Z	0	plan-review	figma-visual-first-track-phase-5-implement-time-gate	4	R-COH-FILES-UNTOUCHED	1	blocking	0	-
PRPs-agentic-eng	2026-07-27T18:20:00Z	0	plan-review	figma-visual-first-track-phase-5-implement-time-gate	4	R-COH-MANDATORY-READING-MISSING	1	blocking	0	-
PRPs-agentic-eng	2026-07-27T18:20:00Z	0	plan-review	figma-visual-first-track-phase-5-implement-time-gate	4	R-COH-PATTERN-SOURCE-MISSING	1	blocking	0	-
PRPs-agentic-eng	2026-07-27T18:20:00Z	0	plan-review	figma-visual-first-track-phase-5-implement-time-gate	4	R-COH-TASK-AC-MISSING	1	blocking	0	-
PRPs-agentic-eng	2026-07-27T18:20:00Z	0	plan-review	figma-visual-first-track-phase-5-implement-time-gate	4	R-COH-VALIDATE-ALWAYS-PASS	1	blocking	0	-
PRPs-agentic-eng	2026-07-27T18:20:00Z	0	plan-review	figma-visual-first-track-phase-5-implement-time-gate	4	R-COH-VALIDATE-FRAMEWORK-MISMATCH	1	blocking	0	-
PRPs-agentic-eng	2026-07-27T18:20:00Z	0	plan-review	figma-visual-first-track-phase-5-implement-time-gate	4	R1	1	blocking	0	-
PRPs-agentic-eng	2026-07-27T18:20:00Z	0	plan-review	figma-visual-first-track-phase-5-implement-time-gate	4	R2	1	blocking	0	-
PRPs-agentic-eng	2026-07-27T18:20:00Z	0	plan-review	figma-visual-first-track-phase-5-implement-time-gate	4	R3	1	blocking	0	-
PRPs-agentic-eng	2026-07-27T18:20:00Z	0	plan-review	figma-visual-first-track-phase-5-implement-time-gate	4	R4	1	blocking	0	-
PRPs-agentic-eng	2026-07-27T18:20:00Z	0	plan-review	figma-visual-first-track-phase-5-implement-time-gate	4	R5	1	blocking	0	-
PRPs-agentic-eng	2026-07-27T18:20:00Z	0	plan-review	figma-visual-first-track-phase-5-implement-time-gate	4	R6	1	blocking	0	-
PRPs-agentic-eng	2026-07-27T18:20:00Z	0	plan-review	figma-visual-first-track-phase-5-implement-time-gate	4	R7	1	blocking	0	-
PRPs-agentic-eng	2026-07-27T18:20:00Z	0	plan-review	figma-visual-first-track-phase-5-implement-time-gate	4	R8	1	blocking	0	-
PRPs-agentic-eng	2026-07-27T00:00:00Z	0	plan-review	figma-visual-first-track-phase-6-orchestrator-wiring	1	R-COH-AC-TASK-DECOUPLED	0	blocking	0	-
PRPs-agentic-eng	2026-07-27T00:00:00Z	0	plan-review	figma-visual-first-track-phase-6-orchestrator-wiring	1	R-COH-AC-TASK-DECOUPLED	0	blocking	0	-
PRPs-agentic-eng	2026-07-27T00:00:00Z	0	plan-review	figma-visual-first-track-phase-6-orchestrator-wiring	1	R-COH-ACTION-VALIDATE-CONTRADICTION	0	blocking	0	-
PRPs-agentic-eng	2026-07-27T00:00:00Z	0	plan-review	figma-visual-first-track-phase-6-orchestrator-wiring	1	R-COH-FILES-UNTOUCHED	1	blocking	0	-
PRPs-agentic-eng	2026-07-27T00:00:00Z	0	plan-review	figma-visual-first-track-phase-6-orchestrator-wiring	1	R-COH-MANDATORY-READING-MISSING	1	blocking	0	-
PRPs-agentic-eng	2026-07-27T00:00:00Z	0	plan-review	figma-visual-first-track-phase-6-orchestrator-wiring	1	R-COH-OTHER-INTERNAL-CONTRADICTION	0	blocking	0	-
PRPs-agentic-eng	2026-07-27T00:00:00Z	0	plan-review	figma-visual-first-track-phase-6-orchestrator-wiring	1	R-COH-PATTERN-SOURCE-MISSING	1	blocking	0	-
PRPs-agentic-eng	2026-07-27T00:00:00Z	0	plan-review	figma-visual-first-track-phase-6-orchestrator-wiring	1	R-COH-TASK-AC-MISSING	1	blocking	0	-
PRPs-agentic-eng	2026-07-27T00:00:00Z	0	plan-review	figma-visual-first-track-phase-6-orchestrator-wiring	1	R-COH-VALIDATE-ALWAYS-PASS	1	blocking	0	-
PRPs-agentic-eng	2026-07-27T00:00:00Z	0	plan-review	figma-visual-first-track-phase-6-orchestrator-wiring	1	R-COH-VALIDATE-FRAMEWORK-MISMATCH	1	blocking	0	-
PRPs-agentic-eng	2026-07-27T00:00:00Z	0	plan-review	figma-visual-first-track-phase-6-orchestrator-wiring	1	R1	1	blocking	0	-
PRPs-agentic-eng	2026-07-27T00:00:00Z	0	plan-review	figma-visual-first-track-phase-6-orchestrator-wiring	1	R2	1	blocking	0	-
PRPs-agentic-eng	2026-07-27T00:00:00Z	0	plan-review	figma-visual-first-track-phase-6-orchestrator-wiring	1	R3	1	blocking	0	-
PRPs-agentic-eng	2026-07-27T00:00:00Z	0	plan-review	figma-visual-first-track-phase-6-orchestrator-wiring	1	R4	1	blocking	0	-
PRPs-agentic-eng	2026-07-27T00:00:00Z	0	plan-review	figma-visual-first-track-phase-6-orchestrator-wiring	1	R5	1	blocking	0	-
PRPs-agentic-eng	2026-07-27T00:00:00Z	0	plan-review	figma-visual-first-track-phase-6-orchestrator-wiring	1	R6	1	blocking	0	-
PRPs-agentic-eng	2026-07-27T00:00:00Z	0	plan-review	figma-visual-first-track-phase-6-orchestrator-wiring	1	R7	1	blocking	0	-
PRPs-agentic-eng	2026-07-27T00:00:00Z	0	plan-review	figma-visual-first-track-phase-6-orchestrator-wiring	1	R8	1	blocking	0	-
PRPs-agentic-eng	2026-07-27T00:00:00Z	0	plan-review	figma-visual-first-track-phase-6-orchestrator-wiring	2	R-COH-ACTION-VALIDATE-CONTRADICTION	0	blocking	0	-
PRPs-agentic-eng	2026-07-27T00:00:00Z	0	plan-review	figma-visual-first-track-phase-6-orchestrator-wiring	2	R-COH-FILES-UNTOUCHED	1	blocking	0	-
PRPs-agentic-eng	2026-07-27T00:00:00Z	0	plan-review	figma-visual-first-track-phase-6-orchestrator-wiring	2	R-COH-MANDATORY-READING-IRRELEVANT	0	blocking	0	-
PRPs-agentic-eng	2026-07-27T00:00:00Z	0	plan-review	figma-visual-first-track-phase-6-orchestrator-wiring	2	R-COH-MANDATORY-READING-MISSING	1	blocking	0	-
PRPs-agentic-eng	2026-07-27T00:00:00Z	0	plan-review	figma-visual-first-track-phase-6-orchestrator-wiring	2	R-COH-OTHER-INTERNAL-CONTRADICTION	0	blocking	0	-
PRPs-agentic-eng	2026-07-27T00:00:00Z	0	plan-review	figma-visual-first-track-phase-6-orchestrator-wiring	2	R-COH-PATTERN-SOURCE-MISSING	1	blocking	0	-
PRPs-agentic-eng	2026-07-27T00:00:00Z	0	plan-review	figma-visual-first-track-phase-6-orchestrator-wiring	2	R-COH-TASK-AC-MISSING	1	blocking	0	-
PRPs-agentic-eng	2026-07-27T00:00:00Z	0	plan-review	figma-visual-first-track-phase-6-orchestrator-wiring	2	R-COH-VALIDATE-ALWAYS-PASS	1	blocking	0	-
PRPs-agentic-eng	2026-07-27T00:00:00Z	0	plan-review	figma-visual-first-track-phase-6-orchestrator-wiring	2	R-COH-VALIDATE-FRAMEWORK-MISMATCH	1	blocking	0	-
PRPs-agentic-eng	2026-07-27T00:00:00Z	0	plan-review	figma-visual-first-track-phase-6-orchestrator-wiring	2	R1	1	blocking	0	-
PRPs-agentic-eng	2026-07-27T00:00:00Z	0	plan-review	figma-visual-first-track-phase-6-orchestrator-wiring	2	R2	1	blocking	0	-
PRPs-agentic-eng	2026-07-27T00:00:00Z	0	plan-review	figma-visual-first-track-phase-6-orchestrator-wiring	2	R3	1	blocking	0	-
PRPs-agentic-eng	2026-07-27T00:00:00Z	0	plan-review	figma-visual-first-track-phase-6-orchestrator-wiring	2	R4	1	blocking	0	-
PRPs-agentic-eng	2026-07-27T00:00:00Z	0	plan-review	figma-visual-first-track-phase-6-orchestrator-wiring	2	R5	1	blocking	0	-
PRPs-agentic-eng	2026-07-27T00:00:00Z	0	plan-review	figma-visual-first-track-phase-6-orchestrator-wiring	2	R6	1	blocking	0	-
PRPs-agentic-eng	2026-07-27T00:00:00Z	0	plan-review	figma-visual-first-track-phase-6-orchestrator-wiring	2	R7	1	blocking	0	-
PRPs-agentic-eng	2026-07-27T00:00:00Z	0	plan-review	figma-visual-first-track-phase-6-orchestrator-wiring	2	R8	1	blocking	0	-
PRPs-agentic-eng	2026-07-27T00:00:00Z	0	plan-review	figma-visual-first-track-phase-6-orchestrator-wiring	3	R-COH-ACTION-VALIDATE-CONTRADICTION	1	blocking	0	-
PRPs-agentic-eng	2026-07-27T00:00:00Z	0	plan-review	figma-visual-first-track-phase-6-orchestrator-wiring	3	R-COH-FILES-UNTOUCHED	1	blocking	0	-
PRPs-agentic-eng	2026-07-27T00:00:00Z	0	plan-review	figma-visual-first-track-phase-6-orchestrator-wiring	3	R-COH-MANDATORY-READING-MISSING	1	blocking	0	-
PRPs-agentic-eng	2026-07-27T00:00:00Z	0	plan-review	figma-visual-first-track-phase-6-orchestrator-wiring	3	R-COH-PATTERN-SOURCE-MISSING	1	blocking	0	-
PRPs-agentic-eng	2026-07-27T00:00:00Z	0	plan-review	figma-visual-first-track-phase-6-orchestrator-wiring	3	R-COH-TASK-AC-MISSING	1	blocking	0	-
PRPs-agentic-eng	2026-07-27T00:00:00Z	0	plan-review	figma-visual-first-track-phase-6-orchestrator-wiring	3	R-COH-VALIDATE-ALWAYS-PASS	1	blocking	0	-
PRPs-agentic-eng	2026-07-27T00:00:00Z	0	plan-review	figma-visual-first-track-phase-6-orchestrator-wiring	3	R-COH-VALIDATE-FRAMEWORK-MISMATCH	1	blocking	0	-
PRPs-agentic-eng	2026-07-27T00:00:00Z	0	plan-review	figma-visual-first-track-phase-6-orchestrator-wiring	3	R1	1	blocking	0	-
PRPs-agentic-eng	2026-07-27T00:00:00Z	0	plan-review	figma-visual-first-track-phase-6-orchestrator-wiring	3	R2	1	blocking	0	-
PRPs-agentic-eng	2026-07-27T00:00:00Z	0	plan-review	figma-visual-first-track-phase-6-orchestrator-wiring	3	R3	1	blocking	0	-
PRPs-agentic-eng	2026-07-27T00:00:00Z	0	plan-review	figma-visual-first-track-phase-6-orchestrator-wiring	3	R4	1	blocking	0	-
PRPs-agentic-eng	2026-07-27T00:00:00Z	0	plan-review	figma-visual-first-track-phase-6-orchestrator-wiring	3	R5	1	blocking	0	-
PRPs-agentic-eng	2026-07-27T00:00:00Z	0	plan-review	figma-visual-first-track-phase-6-orchestrator-wiring	3	R6	1	blocking	0	-
PRPs-agentic-eng	2026-07-27T00:00:00Z	0	plan-review	figma-visual-first-track-phase-6-orchestrator-wiring	3	R7	1	blocking	0	-
PRPs-agentic-eng	2026-07-27T00:00:00Z	0	plan-review	figma-visual-first-track-phase-6-orchestrator-wiring	3	R8	1	blocking	0	-
PRPs-agentic-eng	2026-07-27T00:00:00Z	0	plan-review	figma-visual-first-track-phase-7-surface-integration-dogfood	1	R-COH-FILES-UNTOUCHED	1	blocking	0	-
PRPs-agentic-eng	2026-07-27T00:00:00Z	0	plan-review	figma-visual-first-track-phase-7-surface-integration-dogfood	1	R-COH-MANDATORY-READING-MISSING	1	blocking	0	-
PRPs-agentic-eng	2026-07-27T00:00:00Z	0	plan-review	figma-visual-first-track-phase-7-surface-integration-dogfood	1	R-COH-PATTERN-SOURCE-MISSING	1	blocking	0	-
PRPs-agentic-eng	2026-07-27T00:00:00Z	0	plan-review	figma-visual-first-track-phase-7-surface-integration-dogfood	1	R-COH-TASK-AC-MISSING	1	blocking	0	-
PRPs-agentic-eng	2026-07-27T00:00:00Z	0	plan-review	figma-visual-first-track-phase-7-surface-integration-dogfood	1	R-COH-VALIDATE-ALWAYS-PASS	1	blocking	0	-
PRPs-agentic-eng	2026-07-27T00:00:00Z	0	plan-review	figma-visual-first-track-phase-7-surface-integration-dogfood	1	R-COH-VALIDATE-FRAMEWORK-MISMATCH	1	blocking	0	-
PRPs-agentic-eng	2026-07-27T00:00:00Z	0	plan-review	figma-visual-first-track-phase-7-surface-integration-dogfood	1	R1	1	blocking	0	-
PRPs-agentic-eng	2026-07-27T00:00:00Z	0	plan-review	figma-visual-first-track-phase-7-surface-integration-dogfood	1	R2	1	blocking	0	-
PRPs-agentic-eng	2026-07-27T00:00:00Z	0	plan-review	figma-visual-first-track-phase-7-surface-integration-dogfood	1	R3	1	blocking	0	-
PRPs-agentic-eng	2026-07-27T00:00:00Z	0	plan-review	figma-visual-first-track-phase-7-surface-integration-dogfood	1	R4	1	blocking	0	-
PRPs-agentic-eng	2026-07-27T00:00:00Z	0	plan-review	figma-visual-first-track-phase-7-surface-integration-dogfood	1	R5	1	blocking	0	-
PRPs-agentic-eng	2026-07-27T00:00:00Z	0	plan-review	figma-visual-first-track-phase-7-surface-integration-dogfood	1	R6	1	blocking	0	-
PRPs-agentic-eng	2026-07-27T00:00:00Z	0	plan-review	figma-visual-first-track-phase-7-surface-integration-dogfood	1	R7	1	blocking	0	-
PRPs-agentic-eng	2026-07-27T00:00:00Z	0	plan-review	figma-visual-first-track-phase-7-surface-integration-dogfood	1	R8	1	blocking	0	-
PRPs-agentic-eng	2026-07-31T17:07:18Z	0	plan-review	fix-degenerate-t000000-timestamps-in-relay-reviewer-jsonl	1	R-COH-ACTION-VALIDATE-CONTRADICTION	1	blocking	0	-
PRPs-agentic-eng	2026-07-31T17:07:18Z	0	plan-review	fix-degenerate-t000000-timestamps-in-relay-reviewer-jsonl	1	R-COH-FILES-UNTOUCHED	1	blocking	0	-
PRPs-agentic-eng	2026-07-31T17:07:18Z	0	plan-review	fix-degenerate-t000000-timestamps-in-relay-reviewer-jsonl	1	R-COH-MANDATORY-READING-MISSING	1	blocking	0	-
PRPs-agentic-eng	2026-07-31T17:07:18Z	0	plan-review	fix-degenerate-t000000-timestamps-in-relay-reviewer-jsonl	1	R-COH-PATTERN-SOURCE-MISSING	1	blocking	0	-
PRPs-agentic-eng	2026-07-31T17:07:18Z	0	plan-review	fix-degenerate-t000000-timestamps-in-relay-reviewer-jsonl	1	R-COH-TASK-AC-MISSING	0	blocking	0	-
PRPs-agentic-eng	2026-07-31T17:07:18Z	0	plan-review	fix-degenerate-t000000-timestamps-in-relay-reviewer-jsonl	1	R-COH-VALIDATE-ALWAYS-PASS	1	blocking	0	-
PRPs-agentic-eng	2026-07-31T17:07:18Z	0	plan-review	fix-degenerate-t000000-timestamps-in-relay-reviewer-jsonl	1	R-COH-VALIDATE-FORBIDDEN-GREP-SCOPE	1	blocking	0	-
PRPs-agentic-eng	2026-07-31T17:07:18Z	0	plan-review	fix-degenerate-t000000-timestamps-in-relay-reviewer-jsonl	1	R-COH-VALIDATE-FRAMEWORK-MISMATCH	0	blocking	0	-
PRPs-agentic-eng	2026-07-31T17:07:18Z	0	plan-review	fix-degenerate-t000000-timestamps-in-relay-reviewer-jsonl	1	R-COH-VALIDATE-SEARCH-AMBIGUOUS	1	blocking	0	-
PRPs-agentic-eng	2026-07-31T17:07:18Z	0	plan-review	fix-degenerate-t000000-timestamps-in-relay-reviewer-jsonl	1	R1	1	blocking	0	-
PRPs-agentic-eng	2026-07-31T17:07:18Z	0	plan-review	fix-degenerate-t000000-timestamps-in-relay-reviewer-jsonl	1	R2	0	blocking	0	-
PRPs-agentic-eng	2026-07-31T17:07:18Z	0	plan-review	fix-degenerate-t000000-timestamps-in-relay-reviewer-jsonl	1	R3	1	blocking	0	-
PRPs-agentic-eng	2026-07-31T17:07:18Z	0	plan-review	fix-degenerate-t000000-timestamps-in-relay-reviewer-jsonl	1	R4	1	blocking	0	-
PRPs-agentic-eng	2026-07-31T17:07:18Z	0	plan-review	fix-degenerate-t000000-timestamps-in-relay-reviewer-jsonl	1	R5	1	blocking	0	-
PRPs-agentic-eng	2026-07-31T17:07:18Z	0	plan-review	fix-degenerate-t000000-timestamps-in-relay-reviewer-jsonl	1	R6	1	blocking	0	-
PRPs-agentic-eng	2026-07-31T17:07:18Z	0	plan-review	fix-degenerate-t000000-timestamps-in-relay-reviewer-jsonl	1	R7	1	blocking	0	-
PRPs-agentic-eng	2026-07-31T17:07:18Z	0	plan-review	fix-degenerate-t000000-timestamps-in-relay-reviewer-jsonl	1	R8-desc-min-ac	1	blocking	0	-
PRPs-agentic-eng	2026-07-31T17:07:18Z	0	plan-review	fix-degenerate-t000000-timestamps-in-relay-reviewer-jsonl	1	R8a	1	blocking	0	-
PRPs-agentic-eng	2026-07-31T17:07:18Z	0	plan-review	fix-degenerate-t000000-timestamps-in-relay-reviewer-jsonl	1	R8b	1	blocking	0	-
PRPs-agentic-eng	2026-07-31T17:07:18Z	0	plan-review	fix-degenerate-t000000-timestamps-in-relay-reviewer-jsonl	1	R8c	1	blocking	0	-
PRPs-agentic-eng	2026-07-31T17:09:04Z	0	plan-review	fix-degenerate-t000000-timestamps-in-relay-reviewer-jsonl	2	R-COH-ACTION-VALIDATE-CONTRADICTION	1	blocking	0	-
PRPs-agentic-eng	2026-07-31T17:09:04Z	0	plan-review	fix-degenerate-t000000-timestamps-in-relay-reviewer-jsonl	2	R-COH-FILES-UNTOUCHED	1	blocking	0	-
PRPs-agentic-eng	2026-07-31T17:09:04Z	0	plan-review	fix-degenerate-t000000-timestamps-in-relay-reviewer-jsonl	2	R-COH-MANDATORY-READING-MISSING	1	blocking	0	-
PRPs-agentic-eng	2026-07-31T17:09:04Z	0	plan-review	fix-degenerate-t000000-timestamps-in-relay-reviewer-jsonl	2	R-COH-PATTERN-SOURCE-MISSING	1	blocking	0	-
PRPs-agentic-eng	2026-07-31T17:09:04Z	0	plan-review	fix-degenerate-t000000-timestamps-in-relay-reviewer-jsonl	2	R-COH-TASK-AC-MISSING	1	blocking	0	-
PRPs-agentic-eng	2026-07-31T17:09:04Z	0	plan-review	fix-degenerate-t000000-timestamps-in-relay-reviewer-jsonl	2	R-COH-VALIDATE-ALWAYS-PASS	1	blocking	0	-
PRPs-agentic-eng	2026-07-31T17:09:04Z	0	plan-review	fix-degenerate-t000000-timestamps-in-relay-reviewer-jsonl	2	R-COH-VALIDATE-FORBIDDEN-GREP-SCOPE	1	blocking	0	-
PRPs-agentic-eng	2026-07-31T17:09:04Z	0	plan-review	fix-degenerate-t000000-timestamps-in-relay-reviewer-jsonl	2	R-COH-VALIDATE-FRAMEWORK-MISMATCH	1	blocking	0	-
PRPs-agentic-eng	2026-07-31T17:09:04Z	0	plan-review	fix-degenerate-t000000-timestamps-in-relay-reviewer-jsonl	2	R-COH-VALIDATE-SEARCH-AMBIGUOUS	1	blocking	0	-
PRPs-agentic-eng	2026-07-31T17:09:04Z	0	plan-review	fix-degenerate-t000000-timestamps-in-relay-reviewer-jsonl	2	R1	1	blocking	0	-
PRPs-agentic-eng	2026-07-31T17:09:04Z	0	plan-review	fix-degenerate-t000000-timestamps-in-relay-reviewer-jsonl	2	R2	1	blocking	0	-
PRPs-agentic-eng	2026-07-31T17:09:04Z	0	plan-review	fix-degenerate-t000000-timestamps-in-relay-reviewer-jsonl	2	R3	1	blocking	0	-
PRPs-agentic-eng	2026-07-31T17:09:04Z	0	plan-review	fix-degenerate-t000000-timestamps-in-relay-reviewer-jsonl	2	R4	1	blocking	0	-
PRPs-agentic-eng	2026-07-31T17:09:04Z	0	plan-review	fix-degenerate-t000000-timestamps-in-relay-reviewer-jsonl	2	R5	1	blocking	0	-
PRPs-agentic-eng	2026-07-31T17:09:04Z	0	plan-review	fix-degenerate-t000000-timestamps-in-relay-reviewer-jsonl	2	R6	1	blocking	0	-
PRPs-agentic-eng	2026-07-31T17:09:04Z	0	plan-review	fix-degenerate-t000000-timestamps-in-relay-reviewer-jsonl	2	R7	1	blocking	0	-
PRPs-agentic-eng	2026-07-31T17:09:04Z	0	plan-review	fix-degenerate-t000000-timestamps-in-relay-reviewer-jsonl	2	R8-desc-min-ac	1	blocking	0	-
PRPs-agentic-eng	2026-07-31T17:09:04Z	0	plan-review	fix-degenerate-t000000-timestamps-in-relay-reviewer-jsonl	2	R8a	1	blocking	0	-
PRPs-agentic-eng	2026-07-31T17:09:04Z	0	plan-review	fix-degenerate-t000000-timestamps-in-relay-reviewer-jsonl	2	R8b	1	blocking	0	-
PRPs-agentic-eng	2026-07-31T17:09:04Z	0	plan-review	fix-degenerate-t000000-timestamps-in-relay-reviewer-jsonl	2	R8c	1	blocking	0	-
PRPs-agentic-eng	2026-07-23T00:00:00Z	0	plan-review	fix-design-system-config-producer	1	R-COH-AC-TASK-DECOUPLED	0	blocking	0	-
PRPs-agentic-eng	2026-07-23T00:00:00Z	0	plan-review	fix-design-system-config-producer	1	R-COH-FILES-UNTOUCHED	1	blocking	0	-
PRPs-agentic-eng	2026-07-23T00:00:00Z	0	plan-review	fix-design-system-config-producer	1	R-COH-MANDATORY-READING-MISSING	1	blocking	0	-
PRPs-agentic-eng	2026-07-23T00:00:00Z	0	plan-review	fix-design-system-config-producer	1	R-COH-PATTERN-SOURCE-MISSING	1	blocking	0	-
PRPs-agentic-eng	2026-07-23T00:00:00Z	0	plan-review	fix-design-system-config-producer	1	R-COH-TASK-AC-MISSING	1	blocking	0	-
PRPs-agentic-eng	2026-07-23T00:00:00Z	0	plan-review	fix-design-system-config-producer	1	R-COH-VALIDATE-ALWAYS-PASS	1	blocking	0	-
PRPs-agentic-eng	2026-07-23T00:00:00Z	0	plan-review	fix-design-system-config-producer	1	R-COH-VALIDATE-FRAMEWORK-MISMATCH	1	blocking	0	-
PRPs-agentic-eng	2026-07-23T00:00:00Z	0	plan-review	fix-design-system-config-producer	1	R1	1	blocking	0	-
PRPs-agentic-eng	2026-07-23T00:00:00Z	0	plan-review	fix-design-system-config-producer	1	R2	1	blocking	0	-
PRPs-agentic-eng	2026-07-23T00:00:00Z	0	plan-review	fix-design-system-config-producer	1	R3	1	blocking	0	-
PRPs-agentic-eng	2026-07-23T00:00:00Z	0	plan-review	fix-design-system-config-producer	1	R4	1	blocking	0	-
PRPs-agentic-eng	2026-07-23T00:00:00Z	0	plan-review	fix-design-system-config-producer	1	R5	1	blocking	0	-
PRPs-agentic-eng	2026-07-23T00:00:00Z	0	plan-review	fix-design-system-config-producer	1	R6	1	blocking	0	-
PRPs-agentic-eng	2026-07-23T00:00:00Z	0	plan-review	fix-design-system-config-producer	1	R7	1	blocking	0	-
PRPs-agentic-eng	2026-07-23T00:00:00Z	0	plan-review	fix-design-system-config-producer	1	R8-desc-min-ac	1	blocking	0	-
PRPs-agentic-eng	2026-07-23T00:00:00Z	0	plan-review	fix-design-system-config-producer	1	R8a	1	blocking	0	-
PRPs-agentic-eng	2026-07-23T00:00:00Z	0	plan-review	fix-design-system-config-producer	1	R8b	1	blocking	0	-
PRPs-agentic-eng	2026-07-23T00:00:00Z	0	plan-review	fix-design-system-config-producer	1	R8c	1	blocking	0	-
PRPs-agentic-eng	2026-07-23T01:00:00Z	0	plan-review	fix-design-system-config-producer	2	R-COH-FILES-UNTOUCHED	1	blocking	0	-
PRPs-agentic-eng	2026-07-23T01:00:00Z	0	plan-review	fix-design-system-config-producer	2	R-COH-MANDATORY-READING-MISSING	1	blocking	0	-
PRPs-agentic-eng	2026-07-23T01:00:00Z	0	plan-review	fix-design-system-config-producer	2	R-COH-PATTERN-SOURCE-MISSING	1	blocking	0	-
PRPs-agentic-eng	2026-07-23T01:00:00Z	0	plan-review	fix-design-system-config-producer	2	R-COH-TASK-AC-MISSING	1	blocking	0	-
PRPs-agentic-eng	2026-07-23T01:00:00Z	0	plan-review	fix-design-system-config-producer	2	R-COH-VALIDATE-ALWAYS-PASS	1	blocking	0	-
PRPs-agentic-eng	2026-07-23T01:00:00Z	0	plan-review	fix-design-system-config-producer	2	R-COH-VALIDATE-FRAMEWORK-MISMATCH	1	blocking	0	-
PRPs-agentic-eng	2026-07-23T01:00:00Z	0	plan-review	fix-design-system-config-producer	2	R1	1	blocking	0	-
PRPs-agentic-eng	2026-07-23T01:00:00Z	0	plan-review	fix-design-system-config-producer	2	R2	1	blocking	0	-
PRPs-agentic-eng	2026-07-23T01:00:00Z	0	plan-review	fix-design-system-config-producer	2	R3	1	blocking	0	-
PRPs-agentic-eng	2026-07-23T01:00:00Z	0	plan-review	fix-design-system-config-producer	2	R4	1	blocking	0	-
PRPs-agentic-eng	2026-07-23T01:00:00Z	0	plan-review	fix-design-system-config-producer	2	R5	1	blocking	0	-
PRPs-agentic-eng	2026-07-23T01:00:00Z	0	plan-review	fix-design-system-config-producer	2	R6	1	blocking	0	-
PRPs-agentic-eng	2026-07-23T01:00:00Z	0	plan-review	fix-design-system-config-producer	2	R7	1	blocking	0	-
PRPs-agentic-eng	2026-07-23T01:00:00Z	0	plan-review	fix-design-system-config-producer	2	R8-desc-min-ac	1	blocking	0	-
PRPs-agentic-eng	2026-07-23T01:00:00Z	0	plan-review	fix-design-system-config-producer	2	R8a	1	blocking	0	-
PRPs-agentic-eng	2026-07-23T01:00:00Z	0	plan-review	fix-design-system-config-producer	2	R8b	1	blocking	0	-
PRPs-agentic-eng	2026-07-23T01:00:00Z	0	plan-review	fix-design-system-config-producer	2	R8c	1	blocking	0	-
PRPs-agentic-eng	2026-07-15T00:00:00Z	0	plan-review	implement-phase-docs-sync-phase-1-agent-capability-config-surface	1	R-COH-FILES-UNTOUCHED	1	blocking	0	-
PRPs-agentic-eng	2026-07-15T00:00:00Z	0	plan-review	implement-phase-docs-sync-phase-1-agent-capability-config-surface	1	R-COH-MANDATORY-READING-MISSING	1	blocking	0	-
PRPs-agentic-eng	2026-07-15T00:00:00Z	0	plan-review	implement-phase-docs-sync-phase-1-agent-capability-config-surface	1	R-COH-PATTERN-SOURCE-MISSING	1	blocking	0	-
PRPs-agentic-eng	2026-07-15T00:00:00Z	0	plan-review	implement-phase-docs-sync-phase-1-agent-capability-config-surface	1	R-COH-TASK-AC-MISSING	0	blocking	0	-
PRPs-agentic-eng	2026-07-15T00:00:00Z	0	plan-review	implement-phase-docs-sync-phase-1-agent-capability-config-surface	1	R-COH-VALIDATE-ALWAYS-PASS	1	blocking	0	-
PRPs-agentic-eng	2026-07-15T00:00:00Z	0	plan-review	implement-phase-docs-sync-phase-1-agent-capability-config-surface	1	R-COH-VALIDATE-FRAMEWORK-MISMATCH	0	blocking	0	-
PRPs-agentic-eng	2026-07-15T00:00:00Z	0	plan-review	implement-phase-docs-sync-phase-1-agent-capability-config-surface	1	R1	1	blocking	0	-
PRPs-agentic-eng	2026-07-15T00:00:00Z	0	plan-review	implement-phase-docs-sync-phase-1-agent-capability-config-surface	1	R2	1	blocking	0	-
PRPs-agentic-eng	2026-07-15T00:00:00Z	0	plan-review	implement-phase-docs-sync-phase-1-agent-capability-config-surface	1	R3	1	blocking	0	-
PRPs-agentic-eng	2026-07-15T00:00:00Z	0	plan-review	implement-phase-docs-sync-phase-1-agent-capability-config-surface	1	R4	1	blocking	0	-
PRPs-agentic-eng	2026-07-15T00:00:00Z	0	plan-review	implement-phase-docs-sync-phase-1-agent-capability-config-surface	1	R5	1	blocking	0	-
PRPs-agentic-eng	2026-07-15T00:00:00Z	0	plan-review	implement-phase-docs-sync-phase-1-agent-capability-config-surface	1	R6	1	blocking	0	-
PRPs-agentic-eng	2026-07-15T00:00:00Z	0	plan-review	implement-phase-docs-sync-phase-1-agent-capability-config-surface	1	R7	1	blocking	0	-
PRPs-agentic-eng	2026-07-15T00:00:00Z	0	plan-review	implement-phase-docs-sync-phase-1-agent-capability-config-surface	1	R8	1	blocking	0	-
PRPs-agentic-eng	2026-07-15T01:00:00Z	0	plan-review	implement-phase-docs-sync-phase-1-agent-capability-config-surface	2	R-COH-FILES-UNTOUCHED	1	blocking	0	-
PRPs-agentic-eng	2026-07-15T01:00:00Z	0	plan-review	implement-phase-docs-sync-phase-1-agent-capability-config-surface	2	R-COH-MANDATORY-READING-MISSING	1	blocking	0	-
PRPs-agentic-eng	2026-07-15T01:00:00Z	0	plan-review	implement-phase-docs-sync-phase-1-agent-capability-config-surface	2	R-COH-PATTERN-SOURCE-MISSING	1	blocking	0	-
PRPs-agentic-eng	2026-07-15T01:00:00Z	0	plan-review	implement-phase-docs-sync-phase-1-agent-capability-config-surface	2	R-COH-TASK-AC-MISSING	1	blocking	0	-
PRPs-agentic-eng	2026-07-15T01:00:00Z	0	plan-review	implement-phase-docs-sync-phase-1-agent-capability-config-surface	2	R-COH-VALIDATE-ALWAYS-PASS	1	blocking	0	-
PRPs-agentic-eng	2026-07-15T01:00:00Z	0	plan-review	implement-phase-docs-sync-phase-1-agent-capability-config-surface	2	R-COH-VALIDATE-FRAMEWORK-MISMATCH	1	blocking	0	-
PRPs-agentic-eng	2026-07-15T01:00:00Z	0	plan-review	implement-phase-docs-sync-phase-1-agent-capability-config-surface	2	R1	1	blocking	0	-
PRPs-agentic-eng	2026-07-15T01:00:00Z	0	plan-review	implement-phase-docs-sync-phase-1-agent-capability-config-surface	2	R2	1	blocking	0	-
PRPs-agentic-eng	2026-07-15T01:00:00Z	0	plan-review	implement-phase-docs-sync-phase-1-agent-capability-config-surface	2	R3	1	blocking	0	-
PRPs-agentic-eng	2026-07-15T01:00:00Z	0	plan-review	implement-phase-docs-sync-phase-1-agent-capability-config-surface	2	R4	1	blocking	0	-
PRPs-agentic-eng	2026-07-15T01:00:00Z	0	plan-review	implement-phase-docs-sync-phase-1-agent-capability-config-surface	2	R5	1	blocking	0	-
PRPs-agentic-eng	2026-07-15T01:00:00Z	0	plan-review	implement-phase-docs-sync-phase-1-agent-capability-config-surface	2	R6	1	blocking	0	-
PRPs-agentic-eng	2026-07-15T01:00:00Z	0	plan-review	implement-phase-docs-sync-phase-1-agent-capability-config-surface	2	R7	1	blocking	0	-
PRPs-agentic-eng	2026-07-15T01:00:00Z	0	plan-review	implement-phase-docs-sync-phase-1-agent-capability-config-surface	2	R8	1	blocking	0	-
PRPs-agentic-eng	2026-07-15T00:00:00Z	0	plan-review	implement-phase-docs-sync-phase-2-relay-implement-dispatch	1	R-COH-FILES-UNTOUCHED	1	blocking	0	-
PRPs-agentic-eng	2026-07-15T00:00:00Z	0	plan-review	implement-phase-docs-sync-phase-2-relay-implement-dispatch	1	R-COH-MANDATORY-READING-MISSING	1	blocking	0	-
PRPs-agentic-eng	2026-07-15T00:00:00Z	0	plan-review	implement-phase-docs-sync-phase-2-relay-implement-dispatch	1	R-COH-PATTERN-SOURCE-MISSING	1	blocking	0	-
PRPs-agentic-eng	2026-07-15T00:00:00Z	0	plan-review	implement-phase-docs-sync-phase-2-relay-implement-dispatch	1	R-COH-TASK-AC-MISSING	1	blocking	0	-
PRPs-agentic-eng	2026-07-15T00:00:00Z	0	plan-review	implement-phase-docs-sync-phase-2-relay-implement-dispatch	1	R-COH-VALIDATE-ALWAYS-PASS	1	blocking	0	-
PRPs-agentic-eng	2026-07-15T00:00:00Z	0	plan-review	implement-phase-docs-sync-phase-2-relay-implement-dispatch	1	R-COH-VALIDATE-FRAMEWORK-MISMATCH	1	blocking	0	-
PRPs-agentic-eng	2026-07-15T00:00:00Z	0	plan-review	implement-phase-docs-sync-phase-2-relay-implement-dispatch	1	R1	1	blocking	0	-
PRPs-agentic-eng	2026-07-15T00:00:00Z	0	plan-review	implement-phase-docs-sync-phase-2-relay-implement-dispatch	1	R2	1	blocking	0	-
PRPs-agentic-eng	2026-07-15T00:00:00Z	0	plan-review	implement-phase-docs-sync-phase-2-relay-implement-dispatch	1	R3	1	blocking	0	-
PRPs-agentic-eng	2026-07-15T00:00:00Z	0	plan-review	implement-phase-docs-sync-phase-2-relay-implement-dispatch	1	R4	1	blocking	0	-
PRPs-agentic-eng	2026-07-15T00:00:00Z	0	plan-review	implement-phase-docs-sync-phase-2-relay-implement-dispatch	1	R5	1	blocking	0	-
PRPs-agentic-eng	2026-07-15T00:00:00Z	0	plan-review	implement-phase-docs-sync-phase-2-relay-implement-dispatch	1	R6	1	blocking	0	-
PRPs-agentic-eng	2026-07-15T00:00:00Z	0	plan-review	implement-phase-docs-sync-phase-2-relay-implement-dispatch	1	R7	1	blocking	0	-
PRPs-agentic-eng	2026-07-15T00:00:00Z	0	plan-review	implement-phase-docs-sync-phase-2-relay-implement-dispatch	1	R8	1	blocking	0	-
PRPs-agentic-eng	2026-07-16T00:00:00Z	0	plan-review	implement-phase-docs-sync-phase-2-relay-implement-dispatch	2	R-COH-FILES-UNTOUCHED	1	blocking	0	-
PRPs-agentic-eng	2026-07-16T00:00:00Z	0	plan-review	implement-phase-docs-sync-phase-2-relay-implement-dispatch	2	R-COH-MANDATORY-READING-IRRELEVANT	0	blocking	0	-
PRPs-agentic-eng	2026-07-16T00:00:00Z	0	plan-review	implement-phase-docs-sync-phase-2-relay-implement-dispatch	2	R-COH-MANDATORY-READING-MISSING	1	blocking	0	-
PRPs-agentic-eng	2026-07-16T00:00:00Z	0	plan-review	implement-phase-docs-sync-phase-2-relay-implement-dispatch	2	R-COH-PATTERN-SOURCE-MISSING	1	blocking	0	-
PRPs-agentic-eng	2026-07-16T00:00:00Z	0	plan-review	implement-phase-docs-sync-phase-2-relay-implement-dispatch	2	R-COH-TASK-AC-MISSING	1	blocking	0	-
PRPs-agentic-eng	2026-07-16T00:00:00Z	0	plan-review	implement-phase-docs-sync-phase-2-relay-implement-dispatch	2	R-COH-VALIDATE-ALWAYS-PASS	1	blocking	0	-
PRPs-agentic-eng	2026-07-16T00:00:00Z	0	plan-review	implement-phase-docs-sync-phase-2-relay-implement-dispatch	2	R-COH-VALIDATE-FRAMEWORK-MISMATCH	1	blocking	0	-
PRPs-agentic-eng	2026-07-16T00:00:00Z	0	plan-review	implement-phase-docs-sync-phase-2-relay-implement-dispatch	2	R1	1	blocking	0	-
PRPs-agentic-eng	2026-07-16T00:00:00Z	0	plan-review	implement-phase-docs-sync-phase-2-relay-implement-dispatch	2	R2	1	blocking	0	-
PRPs-agentic-eng	2026-07-16T00:00:00Z	0	plan-review	implement-phase-docs-sync-phase-2-relay-implement-dispatch	2	R3	1	blocking	0	-
PRPs-agentic-eng	2026-07-16T00:00:00Z	0	plan-review	implement-phase-docs-sync-phase-2-relay-implement-dispatch	2	R4	1	blocking	0	-
PRPs-agentic-eng	2026-07-16T00:00:00Z	0	plan-review	implement-phase-docs-sync-phase-2-relay-implement-dispatch	2	R5	1	blocking	0	-
PRPs-agentic-eng	2026-07-16T00:00:00Z	0	plan-review	implement-phase-docs-sync-phase-2-relay-implement-dispatch	2	R6	1	blocking	0	-
PRPs-agentic-eng	2026-07-16T00:00:00Z	0	plan-review	implement-phase-docs-sync-phase-2-relay-implement-dispatch	2	R7	1	blocking	0	-
PRPs-agentic-eng	2026-07-16T00:00:00Z	0	plan-review	implement-phase-docs-sync-phase-2-relay-implement-dispatch	2	R8	1	blocking	0	-
PRPs-agentic-eng	2026-07-16T00:00:00Z	0	plan-review	implement-phase-docs-sync-phase-2-relay-implement-dispatch	3	R-COH-FILES-UNTOUCHED	1	blocking	0	-
PRPs-agentic-eng	2026-07-16T00:00:00Z	0	plan-review	implement-phase-docs-sync-phase-2-relay-implement-dispatch	3	R-COH-MANDATORY-READING-MISSING	1	blocking	0	-
PRPs-agentic-eng	2026-07-16T00:00:00Z	0	plan-review	implement-phase-docs-sync-phase-2-relay-implement-dispatch	3	R-COH-PATTERN-SOURCE-MISSING	1	blocking	0	-
PRPs-agentic-eng	2026-07-16T00:00:00Z	0	plan-review	implement-phase-docs-sync-phase-2-relay-implement-dispatch	3	R-COH-TASK-AC-MISSING	1	blocking	0	-
PRPs-agentic-eng	2026-07-16T00:00:00Z	0	plan-review	implement-phase-docs-sync-phase-2-relay-implement-dispatch	3	R-COH-VALIDATE-ALWAYS-PASS	1	blocking	0	-
PRPs-agentic-eng	2026-07-16T00:00:00Z	0	plan-review	implement-phase-docs-sync-phase-2-relay-implement-dispatch	3	R-COH-VALIDATE-FRAMEWORK-MISMATCH	1	blocking	0	-
PRPs-agentic-eng	2026-07-16T00:00:00Z	0	plan-review	implement-phase-docs-sync-phase-2-relay-implement-dispatch	3	R1	1	blocking	0	-
PRPs-agentic-eng	2026-07-16T00:00:00Z	0	plan-review	implement-phase-docs-sync-phase-2-relay-implement-dispatch	3	R2	1	blocking	0	-
PRPs-agentic-eng	2026-07-16T00:00:00Z	0	plan-review	implement-phase-docs-sync-phase-2-relay-implement-dispatch	3	R3	1	blocking	0	-
PRPs-agentic-eng	2026-07-16T00:00:00Z	0	plan-review	implement-phase-docs-sync-phase-2-relay-implement-dispatch	3	R4	1	blocking	0	-
PRPs-agentic-eng	2026-07-16T00:00:00Z	0	plan-review	implement-phase-docs-sync-phase-2-relay-implement-dispatch	3	R5	1	blocking	0	-
PRPs-agentic-eng	2026-07-16T00:00:00Z	0	plan-review	implement-phase-docs-sync-phase-2-relay-implement-dispatch	3	R6	1	blocking	0	-
PRPs-agentic-eng	2026-07-16T00:00:00Z	0	plan-review	implement-phase-docs-sync-phase-2-relay-implement-dispatch	3	R7	1	blocking	0	-
PRPs-agentic-eng	2026-07-16T00:00:00Z	0	plan-review	implement-phase-docs-sync-phase-2-relay-implement-dispatch	3	R8	1	blocking	0	-
PRPs-agentic-eng	2026-07-16T00:00:00Z	0	plan-review	implement-phase-docs-sync-phase-2-relay-implement-dispatch	4	R-COH-FILES-UNTOUCHED	1	blocking	0	-
PRPs-agentic-eng	2026-07-16T00:00:00Z	0	plan-review	implement-phase-docs-sync-phase-2-relay-implement-dispatch	4	R-COH-MANDATORY-READING-MISSING	1	blocking	0	-
PRPs-agentic-eng	2026-07-16T00:00:00Z	0	plan-review	implement-phase-docs-sync-phase-2-relay-implement-dispatch	4	R-COH-PATTERN-SOURCE-MISSING	1	blocking	0	-
PRPs-agentic-eng	2026-07-16T00:00:00Z	0	plan-review	implement-phase-docs-sync-phase-2-relay-implement-dispatch	4	R-COH-TASK-AC-MISSING	1	blocking	0	-
PRPs-agentic-eng	2026-07-16T00:00:00Z	0	plan-review	implement-phase-docs-sync-phase-2-relay-implement-dispatch	4	R-COH-VALIDATE-ALWAYS-PASS	1	blocking	0	-
PRPs-agentic-eng	2026-07-16T00:00:00Z	0	plan-review	implement-phase-docs-sync-phase-2-relay-implement-dispatch	4	R-COH-VALIDATE-FRAMEWORK-MISMATCH	1	blocking	0	-
PRPs-agentic-eng	2026-07-16T00:00:00Z	0	plan-review	implement-phase-docs-sync-phase-2-relay-implement-dispatch	4	R1	1	blocking	0	-
PRPs-agentic-eng	2026-07-16T00:00:00Z	0	plan-review	implement-phase-docs-sync-phase-2-relay-implement-dispatch	4	R2	1	blocking	0	-
PRPs-agentic-eng	2026-07-16T00:00:00Z	0	plan-review	implement-phase-docs-sync-phase-2-relay-implement-dispatch	4	R3	1	blocking	0	-
PRPs-agentic-eng	2026-07-16T00:00:00Z	0	plan-review	implement-phase-docs-sync-phase-2-relay-implement-dispatch	4	R4	1	blocking	0	-
PRPs-agentic-eng	2026-07-16T00:00:00Z	0	plan-review	implement-phase-docs-sync-phase-2-relay-implement-dispatch	4	R5	1	blocking	0	-
PRPs-agentic-eng	2026-07-16T00:00:00Z	0	plan-review	implement-phase-docs-sync-phase-2-relay-implement-dispatch	4	R6	1	blocking	0	-
PRPs-agentic-eng	2026-07-16T00:00:00Z	0	plan-review	implement-phase-docs-sync-phase-2-relay-implement-dispatch	4	R7	1	blocking	0	-
PRPs-agentic-eng	2026-07-16T00:00:00Z	0	plan-review	implement-phase-docs-sync-phase-2-relay-implement-dispatch	4	R8	1	blocking	0	-
PRPs-agentic-eng	2026-07-16T00:00:00Z	0	plan-review	implement-phase-docs-sync-phase-3-approve-as-safety-net	1	R-COH-FILES-UNTOUCHED	1	blocking	0	-
PRPs-agentic-eng	2026-07-16T00:00:00Z	0	plan-review	implement-phase-docs-sync-phase-3-approve-as-safety-net	1	R-COH-MANDATORY-READING-MISSING	1	blocking	0	-
PRPs-agentic-eng	2026-07-16T00:00:00Z	0	plan-review	implement-phase-docs-sync-phase-3-approve-as-safety-net	1	R-COH-PATTERN-SOURCE-MISSING	1	blocking	0	-
PRPs-agentic-eng	2026-07-16T00:00:00Z	0	plan-review	implement-phase-docs-sync-phase-3-approve-as-safety-net	1	R-COH-TASK-AC-MISSING	0	blocking	0	-
PRPs-agentic-eng	2026-07-16T00:00:00Z	0	plan-review	implement-phase-docs-sync-phase-3-approve-as-safety-net	1	R-COH-VALIDATE-ALWAYS-PASS	1	blocking	0	-
PRPs-agentic-eng	2026-07-16T00:00:00Z	0	plan-review	implement-phase-docs-sync-phase-3-approve-as-safety-net	1	R-COH-VALIDATE-FRAMEWORK-MISMATCH	1	blocking	0	-
PRPs-agentic-eng	2026-07-16T00:00:00Z	0	plan-review	implement-phase-docs-sync-phase-3-approve-as-safety-net	1	R1	1	blocking	0	-
PRPs-agentic-eng	2026-07-16T00:00:00Z	0	plan-review	implement-phase-docs-sync-phase-3-approve-as-safety-net	1	R2	1	blocking	0	-
PRPs-agentic-eng	2026-07-16T00:00:00Z	0	plan-review	implement-phase-docs-sync-phase-3-approve-as-safety-net	1	R3	1	blocking	0	-
PRPs-agentic-eng	2026-07-16T00:00:00Z	0	plan-review	implement-phase-docs-sync-phase-3-approve-as-safety-net	1	R4	1	blocking	0	-
PRPs-agentic-eng	2026-07-16T00:00:00Z	0	plan-review	implement-phase-docs-sync-phase-3-approve-as-safety-net	1	R5	1	blocking	0	-
PRPs-agentic-eng	2026-07-16T00:00:00Z	0	plan-review	implement-phase-docs-sync-phase-3-approve-as-safety-net	1	R6	1	blocking	0	-
PRPs-agentic-eng	2026-07-16T00:00:00Z	0	plan-review	implement-phase-docs-sync-phase-3-approve-as-safety-net	1	R7	1	blocking	0	-
PRPs-agentic-eng	2026-07-16T00:00:00Z	0	plan-review	implement-phase-docs-sync-phase-3-approve-as-safety-net	1	R8	1	blocking	0	-
PRPs-agentic-eng	2026-07-16T00:05:00Z	0	plan-review	implement-phase-docs-sync-phase-3-approve-as-safety-net	2	R-COH-FILES-UNTOUCHED	1	blocking	0	-
PRPs-agentic-eng	2026-07-16T00:05:00Z	0	plan-review	implement-phase-docs-sync-phase-3-approve-as-safety-net	2	R-COH-MANDATORY-READING-MISSING	1	blocking	0	-
PRPs-agentic-eng	2026-07-16T00:05:00Z	0	plan-review	implement-phase-docs-sync-phase-3-approve-as-safety-net	2	R-COH-PATTERN-SOURCE-MISSING	1	blocking	0	-
PRPs-agentic-eng	2026-07-16T00:05:00Z	0	plan-review	implement-phase-docs-sync-phase-3-approve-as-safety-net	2	R-COH-TASK-AC-MISSING	1	blocking	0	-
PRPs-agentic-eng	2026-07-16T00:05:00Z	0	plan-review	implement-phase-docs-sync-phase-3-approve-as-safety-net	2	R-COH-VALIDATE-ALWAYS-PASS	1	blocking	0	-
PRPs-agentic-eng	2026-07-16T00:05:00Z	0	plan-review	implement-phase-docs-sync-phase-3-approve-as-safety-net	2	R-COH-VALIDATE-FRAMEWORK-MISMATCH	1	blocking	0	-
PRPs-agentic-eng	2026-07-16T00:05:00Z	0	plan-review	implement-phase-docs-sync-phase-3-approve-as-safety-net	2	R1	1	blocking	0	-
PRPs-agentic-eng	2026-07-16T00:05:00Z	0	plan-review	implement-phase-docs-sync-phase-3-approve-as-safety-net	2	R2	1	blocking	0	-
PRPs-agentic-eng	2026-07-16T00:05:00Z	0	plan-review	implement-phase-docs-sync-phase-3-approve-as-safety-net	2	R3	1	blocking	0	-
PRPs-agentic-eng	2026-07-16T00:05:00Z	0	plan-review	implement-phase-docs-sync-phase-3-approve-as-safety-net	2	R4	1	blocking	0	-
PRPs-agentic-eng	2026-07-16T00:05:00Z	0	plan-review	implement-phase-docs-sync-phase-3-approve-as-safety-net	2	R5	1	blocking	0	-
PRPs-agentic-eng	2026-07-16T00:05:00Z	0	plan-review	implement-phase-docs-sync-phase-3-approve-as-safety-net	2	R6	1	blocking	0	-
PRPs-agentic-eng	2026-07-16T00:05:00Z	0	plan-review	implement-phase-docs-sync-phase-3-approve-as-safety-net	2	R7	1	blocking	0	-
PRPs-agentic-eng	2026-07-16T00:05:00Z	0	plan-review	implement-phase-docs-sync-phase-3-approve-as-safety-net	2	R8	1	blocking	0	-
PRPs-agentic-eng	2026-07-16T00:00:00Z	0	plan-review	implement-phase-docs-sync-phase-4-docs-site	1	R-COH-FILES-UNTOUCHED	1	blocking	0	-
PRPs-agentic-eng	2026-07-16T00:00:00Z	0	plan-review	implement-phase-docs-sync-phase-4-docs-site	1	R-COH-MANDATORY-READING-MISSING	1	blocking	0	-
PRPs-agentic-eng	2026-07-16T00:00:00Z	0	plan-review	implement-phase-docs-sync-phase-4-docs-site	1	R-COH-PATTERN-SOURCE-MISSING	1	blocking	0	-
PRPs-agentic-eng	2026-07-16T00:00:00Z	0	plan-review	implement-phase-docs-sync-phase-4-docs-site	1	R-COH-TASK-AC-MISSING	1	blocking	0	-
PRPs-agentic-eng	2026-07-16T00:00:00Z	0	plan-review	implement-phase-docs-sync-phase-4-docs-site	1	R-COH-VALIDATE-ALWAYS-PASS	1	blocking	0	-
PRPs-agentic-eng	2026-07-16T00:00:00Z	0	plan-review	implement-phase-docs-sync-phase-4-docs-site	1	R-COH-VALIDATE-FRAMEWORK-MISMATCH	1	blocking	0	-
PRPs-agentic-eng	2026-07-16T00:00:00Z	0	plan-review	implement-phase-docs-sync-phase-4-docs-site	1	R1	1	blocking	0	-
PRPs-agentic-eng	2026-07-16T00:00:00Z	0	plan-review	implement-phase-docs-sync-phase-4-docs-site	1	R2	1	blocking	0	-
PRPs-agentic-eng	2026-07-16T00:00:00Z	0	plan-review	implement-phase-docs-sync-phase-4-docs-site	1	R3	1	blocking	0	-
PRPs-agentic-eng	2026-07-16T00:00:00Z	0	plan-review	implement-phase-docs-sync-phase-4-docs-site	1	R4	1	blocking	0	-
PRPs-agentic-eng	2026-07-16T00:00:00Z	0	plan-review	implement-phase-docs-sync-phase-4-docs-site	1	R5	1	blocking	0	-
PRPs-agentic-eng	2026-07-16T00:00:00Z	0	plan-review	implement-phase-docs-sync-phase-4-docs-site	1	R6	1	blocking	0	-
PRPs-agentic-eng	2026-07-16T00:00:00Z	0	plan-review	implement-phase-docs-sync-phase-4-docs-site	1	R7	1	blocking	0	-
PRPs-agentic-eng	2026-07-16T00:00:00Z	0	plan-review	implement-phase-docs-sync-phase-4-docs-site	1	R8	1	blocking	0	-
PRPs-agentic-eng	2026-07-16T18:00:00Z	0	plan-review	implement-phase-docs-sync-phase-4-docs-site	2	R-COH-FILES-UNTOUCHED	1	blocking	0	-
PRPs-agentic-eng	2026-07-16T18:00:00Z	0	plan-review	implement-phase-docs-sync-phase-4-docs-site	2	R-COH-MANDATORY-READING-MISSING	1	blocking	0	-
PRPs-agentic-eng	2026-07-16T18:00:00Z	0	plan-review	implement-phase-docs-sync-phase-4-docs-site	2	R-COH-PATTERN-SOURCE-MISSING	1	blocking	0	-
PRPs-agentic-eng	2026-07-16T18:00:00Z	0	plan-review	implement-phase-docs-sync-phase-4-docs-site	2	R-COH-TASK-AC-MISSING	1	blocking	0	-
PRPs-agentic-eng	2026-07-16T18:00:00Z	0	plan-review	implement-phase-docs-sync-phase-4-docs-site	2	R-COH-VALIDATE-ALWAYS-PASS	1	blocking	0	-
PRPs-agentic-eng	2026-07-16T18:00:00Z	0	plan-review	implement-phase-docs-sync-phase-4-docs-site	2	R-COH-VALIDATE-FRAMEWORK-MISMATCH	1	blocking	0	-
PRPs-agentic-eng	2026-07-16T18:00:00Z	0	plan-review	implement-phase-docs-sync-phase-4-docs-site	2	R1	1	blocking	0	-
PRPs-agentic-eng	2026-07-16T18:00:00Z	0	plan-review	implement-phase-docs-sync-phase-4-docs-site	2	R2	1	blocking	0	-
PRPs-agentic-eng	2026-07-16T18:00:00Z	0	plan-review	implement-phase-docs-sync-phase-4-docs-site	2	R3	1	blocking	0	-
PRPs-agentic-eng	2026-07-16T18:00:00Z	0	plan-review	implement-phase-docs-sync-phase-4-docs-site	2	R4	1	blocking	0	-
PRPs-agentic-eng	2026-07-16T18:00:00Z	0	plan-review	implement-phase-docs-sync-phase-4-docs-site	2	R5	1	blocking	0	-
PRPs-agentic-eng	2026-07-16T18:00:00Z	0	plan-review	implement-phase-docs-sync-phase-4-docs-site	2	R6	1	blocking	0	-
PRPs-agentic-eng	2026-07-16T18:00:00Z	0	plan-review	implement-phase-docs-sync-phase-4-docs-site	2	R7	1	blocking	0	-
PRPs-agentic-eng	2026-07-16T18:00:00Z	0	plan-review	implement-phase-docs-sync-phase-4-docs-site	2	R8	1	blocking	0	-
PRPs-agentic-eng	2026-07-28T00:00:00Z	0	plan-review	make-the-silent-failure-paths-in	1	R-COH-FILES-UNTOUCHED	1	blocking	0	-
PRPs-agentic-eng	2026-07-28T00:00:00Z	0	plan-review	make-the-silent-failure-paths-in	1	R-COH-MANDATORY-READING-MISSING	1	blocking	0	-
PRPs-agentic-eng	2026-07-28T00:00:00Z	0	plan-review	make-the-silent-failure-paths-in	1	R-COH-PATTERN-SOURCE-MISSING	1	blocking	0	-
PRPs-agentic-eng	2026-07-28T00:00:00Z	0	plan-review	make-the-silent-failure-paths-in	1	R-COH-TASK-AC-MISSING	0	blocking	0	-
PRPs-agentic-eng	2026-07-28T00:00:00Z	0	plan-review	make-the-silent-failure-paths-in	1	R-COH-VALIDATE-ALWAYS-PASS	0	blocking	0	-
PRPs-agentic-eng	2026-07-28T00:00:00Z	0	plan-review	make-the-silent-failure-paths-in	1	R-COH-VALIDATE-FRAMEWORK-MISMATCH	1	blocking	0	-
PRPs-agentic-eng	2026-07-28T00:00:00Z	0	plan-review	make-the-silent-failure-paths-in	1	R1	1	blocking	0	-
PRPs-agentic-eng	2026-07-28T00:00:00Z	0	plan-review	make-the-silent-failure-paths-in	1	R2	1	blocking	0	-
PRPs-agentic-eng	2026-07-28T00:00:00Z	0	plan-review	make-the-silent-failure-paths-in	1	R3	1	blocking	0	-
PRPs-agentic-eng	2026-07-28T00:00:00Z	0	plan-review	make-the-silent-failure-paths-in	1	R4	1	blocking	0	-
PRPs-agentic-eng	2026-07-28T00:00:00Z	0	plan-review	make-the-silent-failure-paths-in	1	R5	1	blocking	0	-
PRPs-agentic-eng	2026-07-28T00:00:00Z	0	plan-review	make-the-silent-failure-paths-in	1	R6	1	blocking	0	-
PRPs-agentic-eng	2026-07-28T00:00:00Z	0	plan-review	make-the-silent-failure-paths-in	1	R7	1	blocking	0	-
PRPs-agentic-eng	2026-07-28T00:00:00Z	0	plan-review	make-the-silent-failure-paths-in	1	R8-desc-min-ac	1	blocking	0	-
PRPs-agentic-eng	2026-07-28T00:00:00Z	0	plan-review	make-the-silent-failure-paths-in	1	R8a	1	blocking	0	-
PRPs-agentic-eng	2026-07-28T00:00:00Z	0	plan-review	make-the-silent-failure-paths-in	1	R8b	1	blocking	0	-
PRPs-agentic-eng	2026-07-28T00:00:00Z	0	plan-review	make-the-silent-failure-paths-in	1	R8c	1	blocking	0	-
PRPs-agentic-eng	2026-07-28T01:00:00Z	0	plan-review	make-the-silent-failure-paths-in	2	R-COH-AC-TASK-DECOUPLED	0	blocking	0	-
PRPs-agentic-eng	2026-07-28T01:00:00Z	0	plan-review	make-the-silent-failure-paths-in	2	R-COH-FILES-UNTOUCHED	1	blocking	0	-
PRPs-agentic-eng	2026-07-28T01:00:00Z	0	plan-review	make-the-silent-failure-paths-in	2	R-COH-MANDATORY-READING-MISSING	1	blocking	0	-
PRPs-agentic-eng	2026-07-28T01:00:00Z	0	plan-review	make-the-silent-failure-paths-in	2	R-COH-PATTERN-SOURCE-MISSING	1	blocking	0	-
PRPs-agentic-eng	2026-07-28T01:00:00Z	0	plan-review	make-the-silent-failure-paths-in	2	R-COH-TASK-AC-MISSING	1	blocking	0	-
PRPs-agentic-eng	2026-07-28T01:00:00Z	0	plan-review	make-the-silent-failure-paths-in	2	R-COH-VALIDATE-ALWAYS-PASS	0	blocking	0	-
PRPs-agentic-eng	2026-07-28T01:00:00Z	0	plan-review	make-the-silent-failure-paths-in	2	R-COH-VALIDATE-FRAMEWORK-MISMATCH	1	blocking	0	-
PRPs-agentic-eng	2026-07-28T01:00:00Z	0	plan-review	make-the-silent-failure-paths-in	2	R1	1	blocking	0	-
PRPs-agentic-eng	2026-07-28T01:00:00Z	0	plan-review	make-the-silent-failure-paths-in	2	R2	1	blocking	0	-
PRPs-agentic-eng	2026-07-28T01:00:00Z	0	plan-review	make-the-silent-failure-paths-in	2	R3	1	blocking	0	-
PRPs-agentic-eng	2026-07-28T01:00:00Z	0	plan-review	make-the-silent-failure-paths-in	2	R4	1	blocking	0	-
PRPs-agentic-eng	2026-07-28T01:00:00Z	0	plan-review	make-the-silent-failure-paths-in	2	R5	1	blocking	0	-
PRPs-agentic-eng	2026-07-28T01:00:00Z	0	plan-review	make-the-silent-failure-paths-in	2	R6	1	blocking	0	-
PRPs-agentic-eng	2026-07-28T01:00:00Z	0	plan-review	make-the-silent-failure-paths-in	2	R7	1	blocking	0	-
PRPs-agentic-eng	2026-07-28T01:00:00Z	0	plan-review	make-the-silent-failure-paths-in	2	R8-desc-min-ac	1	blocking	0	-
PRPs-agentic-eng	2026-07-28T01:00:00Z	0	plan-review	make-the-silent-failure-paths-in	2	R8a	1	blocking	0	-
PRPs-agentic-eng	2026-07-28T01:00:00Z	0	plan-review	make-the-silent-failure-paths-in	2	R8b	1	blocking	0	-
PRPs-agentic-eng	2026-07-28T01:00:00Z	0	plan-review	make-the-silent-failure-paths-in	2	R8c	1	blocking	0	-
PRPs-agentic-eng	2026-07-28T02:00:00Z	0	plan-review	make-the-silent-failure-paths-in	3	R-COH-FILES-UNTOUCHED	1	blocking	0	-
PRPs-agentic-eng	2026-07-28T02:00:00Z	0	plan-review	make-the-silent-failure-paths-in	3	R-COH-MANDATORY-READING-MISSING	1	blocking	0	-
PRPs-agentic-eng	2026-07-28T02:00:00Z	0	plan-review	make-the-silent-failure-paths-in	3	R-COH-PATTERN-SOURCE-MISSING	1	blocking	0	-
PRPs-agentic-eng	2026-07-28T02:00:00Z	0	plan-review	make-the-silent-failure-paths-in	3	R-COH-TASK-AC-MISSING	1	blocking	0	-
PRPs-agentic-eng	2026-07-28T02:00:00Z	0	plan-review	make-the-silent-failure-paths-in	3	R-COH-VALIDATE-ALWAYS-PASS	0	blocking	0	-
PRPs-agentic-eng	2026-07-28T02:00:00Z	0	plan-review	make-the-silent-failure-paths-in	3	R-COH-VALIDATE-FRAMEWORK-MISMATCH	1	blocking	0	-
PRPs-agentic-eng	2026-07-28T02:00:00Z	0	plan-review	make-the-silent-failure-paths-in	3	R1	1	blocking	0	-
PRPs-agentic-eng	2026-07-28T02:00:00Z	0	plan-review	make-the-silent-failure-paths-in	3	R2	1	blocking	0	-
PRPs-agentic-eng	2026-07-28T02:00:00Z	0	plan-review	make-the-silent-failure-paths-in	3	R3	1	blocking	0	-
PRPs-agentic-eng	2026-07-28T02:00:00Z	0	plan-review	make-the-silent-failure-paths-in	3	R4	1	blocking	0	-
PRPs-agentic-eng	2026-07-28T02:00:00Z	0	plan-review	make-the-silent-failure-paths-in	3	R5	1	blocking	0	-
PRPs-agentic-eng	2026-07-28T02:00:00Z	0	plan-review	make-the-silent-failure-paths-in	3	R6	1	blocking	0	-
PRPs-agentic-eng	2026-07-28T02:00:00Z	0	plan-review	make-the-silent-failure-paths-in	3	R7	1	blocking	0	-
PRPs-agentic-eng	2026-07-28T02:00:00Z	0	plan-review	make-the-silent-failure-paths-in	3	R8-desc-min-ac	1	blocking	0	-
PRPs-agentic-eng	2026-07-28T02:00:00Z	0	plan-review	make-the-silent-failure-paths-in	3	R8a	1	blocking	0	-
PRPs-agentic-eng	2026-07-28T02:00:00Z	0	plan-review	make-the-silent-failure-paths-in	3	R8b	1	blocking	0	-
PRPs-agentic-eng	2026-07-28T02:00:00Z	0	plan-review	make-the-silent-failure-paths-in	3	R8c	1	blocking	0	-
PRPs-agentic-eng	2026-07-28T03:00:00Z	0	plan-review	make-the-silent-failure-paths-in	4	R-COH-FILES-UNTOUCHED	1	blocking	0	-
PRPs-agentic-eng	2026-07-28T03:00:00Z	0	plan-review	make-the-silent-failure-paths-in	4	R-COH-MANDATORY-READING-MISSING	1	blocking	0	-
PRPs-agentic-eng	2026-07-28T03:00:00Z	0	plan-review	make-the-silent-failure-paths-in	4	R-COH-PATTERN-SOURCE-MISSING	1	blocking	0	-
PRPs-agentic-eng	2026-07-28T03:00:00Z	0	plan-review	make-the-silent-failure-paths-in	4	R-COH-TASK-AC-MISSING	1	blocking	0	-
PRPs-agentic-eng	2026-07-28T03:00:00Z	0	plan-review	make-the-silent-failure-paths-in	4	R-COH-VALIDATE-ALWAYS-PASS	1	blocking	0	-
PRPs-agentic-eng	2026-07-28T03:00:00Z	0	plan-review	make-the-silent-failure-paths-in	4	R-COH-VALIDATE-FRAMEWORK-MISMATCH	1	blocking	0	-
PRPs-agentic-eng	2026-07-28T03:00:00Z	0	plan-review	make-the-silent-failure-paths-in	4	R1	1	blocking	0	-
PRPs-agentic-eng	2026-07-28T03:00:00Z	0	plan-review	make-the-silent-failure-paths-in	4	R2	1	blocking	0	-
PRPs-agentic-eng	2026-07-28T03:00:00Z	0	plan-review	make-the-silent-failure-paths-in	4	R3	1	blocking	0	-
PRPs-agentic-eng	2026-07-28T03:00:00Z	0	plan-review	make-the-silent-failure-paths-in	4	R4	1	blocking	0	-
PRPs-agentic-eng	2026-07-28T03:00:00Z	0	plan-review	make-the-silent-failure-paths-in	4	R5	1	blocking	0	-
PRPs-agentic-eng	2026-07-28T03:00:00Z	0	plan-review	make-the-silent-failure-paths-in	4	R6	1	blocking	0	-
PRPs-agentic-eng	2026-07-28T03:00:00Z	0	plan-review	make-the-silent-failure-paths-in	4	R7	1	blocking	0	-
PRPs-agentic-eng	2026-07-28T03:00:00Z	0	plan-review	make-the-silent-failure-paths-in	4	R8-desc-min-ac	1	blocking	0	-
PRPs-agentic-eng	2026-07-28T03:00:00Z	0	plan-review	make-the-silent-failure-paths-in	4	R8a	1	blocking	0	-
PRPs-agentic-eng	2026-07-28T03:00:00Z	0	plan-review	make-the-silent-failure-paths-in	4	R8b	1	blocking	0	-
PRPs-agentic-eng	2026-07-28T03:00:00Z	0	plan-review	make-the-silent-failure-paths-in	4	R8c	1	blocking	0	-
PRPs-agentic-eng	2026-07-29T00:00:00Z	0	plan-review	move-relays-three-helper-scripts-into-the-plugin	1	R-COH-ACTION-VALIDATE-CONTRADICTION	1	blocking	0	-
PRPs-agentic-eng	2026-07-29T00:00:00Z	0	plan-review	move-relays-three-helper-scripts-into-the-plugin	1	R-COH-FILES-UNTOUCHED	1	blocking	0	-
PRPs-agentic-eng	2026-07-29T00:00:00Z	0	plan-review	move-relays-three-helper-scripts-into-the-plugin	1	R-COH-MANDATORY-READING-MISSING	1	blocking	0	-
PRPs-agentic-eng	2026-07-29T00:00:00Z	0	plan-review	move-relays-three-helper-scripts-into-the-plugin	1	R-COH-PATTERN-SOURCE-MISSING	1	blocking	0	-
PRPs-agentic-eng	2026-07-29T00:00:00Z	0	plan-review	move-relays-three-helper-scripts-into-the-plugin	1	R-COH-SUMMARY-TASKS-DRIFT	0	blocking	0	-
PRPs-agentic-eng	2026-07-29T00:00:00Z	0	plan-review	move-relays-three-helper-scripts-into-the-plugin	1	R-COH-TASK-AC-MISSING	0	blocking	0	-
PRPs-agentic-eng	2026-07-29T00:00:00Z	0	plan-review	move-relays-three-helper-scripts-into-the-plugin	1	R-COH-VALIDATE-ALWAYS-PASS	1	blocking	0	-
PRPs-agentic-eng	2026-07-29T00:00:00Z	0	plan-review	move-relays-three-helper-scripts-into-the-plugin	1	R-COH-VALIDATE-FORBIDDEN-GREP-SCOPE	1	blocking	0	-
PRPs-agentic-eng	2026-07-29T00:00:00Z	0	plan-review	move-relays-three-helper-scripts-into-the-plugin	1	R-COH-VALIDATE-FRAMEWORK-MISMATCH	0	blocking	0	-
PRPs-agentic-eng	2026-07-29T00:00:00Z	0	plan-review	move-relays-three-helper-scripts-into-the-plugin	1	R-COH-VALIDATE-SEARCH-AMBIGUOUS	1	blocking	0	-
PRPs-agentic-eng	2026-07-29T00:00:00Z	0	plan-review	move-relays-three-helper-scripts-into-the-plugin	1	R1	1	blocking	0	-
PRPs-agentic-eng	2026-07-29T00:00:00Z	0	plan-review	move-relays-three-helper-scripts-into-the-plugin	1	R2	0	blocking	0	-
PRPs-agentic-eng	2026-07-29T00:00:00Z	0	plan-review	move-relays-three-helper-scripts-into-the-plugin	1	R3	1	blocking	0	-
PRPs-agentic-eng	2026-07-29T00:00:00Z	0	plan-review	move-relays-three-helper-scripts-into-the-plugin	1	R4	1	blocking	0	-
PRPs-agentic-eng	2026-07-29T00:00:00Z	0	plan-review	move-relays-three-helper-scripts-into-the-plugin	1	R5	1	blocking	0	-
PRPs-agentic-eng	2026-07-29T00:00:00Z	0	plan-review	move-relays-three-helper-scripts-into-the-plugin	1	R6	1	blocking	0	-
PRPs-agentic-eng	2026-07-29T00:00:00Z	0	plan-review	move-relays-three-helper-scripts-into-the-plugin	1	R7	1	blocking	0	-
PRPs-agentic-eng	2026-07-29T00:00:00Z	0	plan-review	move-relays-three-helper-scripts-into-the-plugin	1	R8-desc-min-ac	1	blocking	0	-
PRPs-agentic-eng	2026-07-29T00:00:00Z	0	plan-review	move-relays-three-helper-scripts-into-the-plugin	1	R8a	1	blocking	0	-
PRPs-agentic-eng	2026-07-29T00:00:00Z	0	plan-review	move-relays-three-helper-scripts-into-the-plugin	1	R8b	1	blocking	0	-
PRPs-agentic-eng	2026-07-29T00:00:00Z	0	plan-review	move-relays-three-helper-scripts-into-the-plugin	1	R8c	1	blocking	0	-
PRPs-agentic-eng	2026-07-29T00:00:00Z	0	plan-review	move-relays-three-helper-scripts-into-the-plugin	2	R-COH-AC-TASK-DECOUPLED	0	blocking	0	-
PRPs-agentic-eng	2026-07-29T00:00:00Z	0	plan-review	move-relays-three-helper-scripts-into-the-plugin	2	R-COH-ACTION-VALIDATE-CONTRADICTION	1	blocking	0	-
PRPs-agentic-eng	2026-07-29T00:00:00Z	0	plan-review	move-relays-three-helper-scripts-into-the-plugin	2	R-COH-FILES-UNTOUCHED	1	blocking	0	-
PRPs-agentic-eng	2026-07-29T00:00:00Z	0	plan-review	move-relays-three-helper-scripts-into-the-plugin	2	R-COH-MANDATORY-READING-MISSING	1	blocking	0	-
PRPs-agentic-eng	2026-07-29T00:00:00Z	0	plan-review	move-relays-three-helper-scripts-into-the-plugin	2	R-COH-OTHER-INTERNAL-CONTRADICTION	0	blocking	0	-
PRPs-agentic-eng	2026-07-29T00:00:00Z	0	plan-review	move-relays-three-helper-scripts-into-the-plugin	2	R-COH-OTHER-INTERNAL-CONTRADICTION	0	blocking	0	-
PRPs-agentic-eng	2026-07-29T00:00:00Z	0	plan-review	move-relays-three-helper-scripts-into-the-plugin	2	R-COH-PATTERN-SOURCE-MISSING	1	blocking	0	-
PRPs-agentic-eng	2026-07-29T00:00:00Z	0	plan-review	move-relays-three-helper-scripts-into-the-plugin	2	R-COH-PATTERN-TASK-DRIFT	0	blocking	0	-
PRPs-agentic-eng	2026-07-29T00:00:00Z	0	plan-review	move-relays-three-helper-scripts-into-the-plugin	2	R-COH-TASK-AC-MISSING	1	blocking	0	-
PRPs-agentic-eng	2026-07-29T00:00:00Z	0	plan-review	move-relays-three-helper-scripts-into-the-plugin	2	R-COH-VALIDATE-ALWAYS-PASS	1	blocking	0	-
PRPs-agentic-eng	2026-07-29T00:00:00Z	0	plan-review	move-relays-three-helper-scripts-into-the-plugin	2	R-COH-VALIDATE-FORBIDDEN-GREP-SCOPE	1	blocking	0	-
PRPs-agentic-eng	2026-07-29T00:00:00Z	0	plan-review	move-relays-three-helper-scripts-into-the-plugin	2	R-COH-VALIDATE-FRAMEWORK-MISMATCH	1	blocking	0	-
PRPs-agentic-eng	2026-07-29T00:00:00Z	0	plan-review	move-relays-three-helper-scripts-into-the-plugin	2	R-COH-VALIDATE-SEARCH-AMBIGUOUS	1	blocking	0	-
PRPs-agentic-eng	2026-07-29T00:00:00Z	0	plan-review	move-relays-three-helper-scripts-into-the-plugin	2	R1	1	blocking	0	-
PRPs-agentic-eng	2026-07-29T00:00:00Z	0	plan-review	move-relays-three-helper-scripts-into-the-plugin	2	R2	1	blocking	0	-
PRPs-agentic-eng	2026-07-29T00:00:00Z	0	plan-review	move-relays-three-helper-scripts-into-the-plugin	2	R3	1	blocking	0	-
PRPs-agentic-eng	2026-07-29T00:00:00Z	0	plan-review	move-relays-three-helper-scripts-into-the-plugin	2	R4	1	blocking	0	-
PRPs-agentic-eng	2026-07-29T00:00:00Z	0	plan-review	move-relays-three-helper-scripts-into-the-plugin	2	R5	1	blocking	0	-
PRPs-agentic-eng	2026-07-29T00:00:00Z	0	plan-review	move-relays-three-helper-scripts-into-the-plugin	2	R6	1	blocking	0	-
PRPs-agentic-eng	2026-07-29T00:00:00Z	0	plan-review	move-relays-three-helper-scripts-into-the-plugin	2	R7	1	blocking	0	-
PRPs-agentic-eng	2026-07-29T00:00:00Z	0	plan-review	move-relays-three-helper-scripts-into-the-plugin	2	R8-desc-min-ac	1	blocking	0	-
PRPs-agentic-eng	2026-07-29T00:00:00Z	0	plan-review	move-relays-three-helper-scripts-into-the-plugin	2	R8a	1	blocking	0	-
PRPs-agentic-eng	2026-07-29T00:00:00Z	0	plan-review	move-relays-three-helper-scripts-into-the-plugin	2	R8b	1	blocking	0	-
PRPs-agentic-eng	2026-07-29T00:00:00Z	0	plan-review	move-relays-three-helper-scripts-into-the-plugin	2	R8c	1	blocking	0	-
PRPs-agentic-eng	2026-07-29T00:00:00Z	0	plan-review	move-relays-three-helper-scripts-into-the-plugin	3	R-COH-AC-TASK-DECOUPLED	1	blocking	0	-
PRPs-agentic-eng	2026-07-29T00:00:00Z	0	plan-review	move-relays-three-helper-scripts-into-the-plugin	3	R-COH-ACTION-VALIDATE-CONTRADICTION	1	blocking	0	-
PRPs-agentic-eng	2026-07-29T00:00:00Z	0	plan-review	move-relays-three-helper-scripts-into-the-plugin	3	R-COH-FILES-UNTOUCHED	1	blocking	0	-
PRPs-agentic-eng	2026-07-29T00:00:00Z	0	plan-review	move-relays-three-helper-scripts-into-the-plugin	3	R-COH-MANDATORY-READING-IRRELEVANT	1	blocking	0	-
PRPs-agentic-eng	2026-07-29T00:00:00Z	0	plan-review	move-relays-three-helper-scripts-into-the-plugin	3	R-COH-MANDATORY-READING-MISSING	1	blocking	0	-
PRPs-agentic-eng	2026-07-29T00:00:00Z	0	plan-review	move-relays-three-helper-scripts-into-the-plugin	3	R-COH-OTHER-INTERNAL-CONTRADICTION	1	blocking	0	-
PRPs-agentic-eng	2026-07-29T00:00:00Z	0	plan-review	move-relays-three-helper-scripts-into-the-plugin	3	R-COH-PATTERN-SOURCE-MISSING	1	blocking	0	-
PRPs-agentic-eng	2026-07-29T00:00:00Z	0	plan-review	move-relays-three-helper-scripts-into-the-plugin	3	R-COH-PATTERN-TASK-DRIFT	1	blocking	0	-
PRPs-agentic-eng	2026-07-29T00:00:00Z	0	plan-review	move-relays-three-helper-scripts-into-the-plugin	3	R-COH-SUMMARY-TASKS-DRIFT	1	blocking	0	-
PRPs-agentic-eng	2026-07-29T00:00:00Z	0	plan-review	move-relays-three-helper-scripts-into-the-plugin	3	R-COH-TASK-AC-MISSING	1	blocking	0	-
PRPs-agentic-eng	2026-07-29T00:00:00Z	0	plan-review	move-relays-three-helper-scripts-into-the-plugin	3	R-COH-VALIDATE-ALWAYS-PASS	1	blocking	0	-
PRPs-agentic-eng	2026-07-29T00:00:00Z	0	plan-review	move-relays-three-helper-scripts-into-the-plugin	3	R-COH-VALIDATE-FORBIDDEN-GREP-SCOPE	1	blocking	0	-
PRPs-agentic-eng	2026-07-29T00:00:00Z	0	plan-review	move-relays-three-helper-scripts-into-the-plugin	3	R-COH-VALIDATE-FRAMEWORK-MISMATCH	1	blocking	0	-
PRPs-agentic-eng	2026-07-29T00:00:00Z	0	plan-review	move-relays-three-helper-scripts-into-the-plugin	3	R-COH-VALIDATE-SEARCH-AMBIGUOUS	1	blocking	0	-
PRPs-agentic-eng	2026-07-29T00:00:00Z	0	plan-review	move-relays-three-helper-scripts-into-the-plugin	3	R1	1	blocking	0	-
PRPs-agentic-eng	2026-07-29T00:00:00Z	0	plan-review	move-relays-three-helper-scripts-into-the-plugin	3	R2	1	blocking	0	-
PRPs-agentic-eng	2026-07-29T00:00:00Z	0	plan-review	move-relays-three-helper-scripts-into-the-plugin	3	R3	1	blocking	0	-
PRPs-agentic-eng	2026-07-29T00:00:00Z	0	plan-review	move-relays-three-helper-scripts-into-the-plugin	3	R4	1	blocking	0	-
PRPs-agentic-eng	2026-07-29T00:00:00Z	0	plan-review	move-relays-three-helper-scripts-into-the-plugin	3	R5	1	blocking	0	-
PRPs-agentic-eng	2026-07-29T00:00:00Z	0	plan-review	move-relays-three-helper-scripts-into-the-plugin	3	R6	1	blocking	0	-
PRPs-agentic-eng	2026-07-29T00:00:00Z	0	plan-review	move-relays-three-helper-scripts-into-the-plugin	3	R7	1	blocking	0	-
PRPs-agentic-eng	2026-07-29T00:00:00Z	0	plan-review	move-relays-three-helper-scripts-into-the-plugin	3	R8-desc-min-ac	1	blocking	0	-
PRPs-agentic-eng	2026-07-29T00:00:00Z	0	plan-review	move-relays-three-helper-scripts-into-the-plugin	3	R8a	1	blocking	0	-
PRPs-agentic-eng	2026-07-29T00:00:00Z	0	plan-review	move-relays-three-helper-scripts-into-the-plugin	3	R8b	1	blocking	0	-
PRPs-agentic-eng	2026-07-29T00:00:00Z	0	plan-review	move-relays-three-helper-scripts-into-the-plugin	3	R8c	1	blocking	0	-
PRPs-agentic-eng	2026-07-26T00:00:00Z	0	plan-review	plan-reviewer-action-validate-contradiction-check	1	R-COH-FILES-UNTOUCHED	1	blocking	0	-
PRPs-agentic-eng	2026-07-26T00:00:00Z	0	plan-review	plan-reviewer-action-validate-contradiction-check	1	R-COH-MANDATORY-READING-MISSING	1	blocking	0	-
PRPs-agentic-eng	2026-07-26T00:00:00Z	0	plan-review	plan-reviewer-action-validate-contradiction-check	1	R-COH-PATTERN-SOURCE-MISSING	1	blocking	0	-
PRPs-agentic-eng	2026-07-26T00:00:00Z	0	plan-review	plan-reviewer-action-validate-contradiction-check	1	R-COH-TASK-AC-MISSING	1	blocking	0	-
PRPs-agentic-eng	2026-07-26T00:00:00Z	0	plan-review	plan-reviewer-action-validate-contradiction-check	1	R-COH-VALIDATE-ALWAYS-PASS	1	blocking	0	-
PRPs-agentic-eng	2026-07-26T00:00:00Z	0	plan-review	plan-reviewer-action-validate-contradiction-check	1	R-COH-VALIDATE-FRAMEWORK-MISMATCH	1	blocking	0	-
PRPs-agentic-eng	2026-07-26T00:00:00Z	0	plan-review	plan-reviewer-action-validate-contradiction-check	1	R1	1	blocking	0	-
PRPs-agentic-eng	2026-07-26T00:00:00Z	0	plan-review	plan-reviewer-action-validate-contradiction-check	1	R2	1	blocking	0	-
PRPs-agentic-eng	2026-07-26T00:00:00Z	0	plan-review	plan-reviewer-action-validate-contradiction-check	1	R3	1	blocking	0	-
PRPs-agentic-eng	2026-07-26T00:00:00Z	0	plan-review	plan-reviewer-action-validate-contradiction-check	1	R4	1	blocking	0	-
PRPs-agentic-eng	2026-07-26T00:00:00Z	0	plan-review	plan-reviewer-action-validate-contradiction-check	1	R5	1	blocking	0	-
PRPs-agentic-eng	2026-07-26T00:00:00Z	0	plan-review	plan-reviewer-action-validate-contradiction-check	1	R6	1	blocking	0	-
PRPs-agentic-eng	2026-07-26T00:00:00Z	0	plan-review	plan-reviewer-action-validate-contradiction-check	1	R7	1	blocking	0	-
PRPs-agentic-eng	2026-07-26T00:00:00Z	0	plan-review	plan-reviewer-action-validate-contradiction-check	1	R8-desc-min-ac	1	blocking	0	-
PRPs-agentic-eng	2026-07-26T00:00:00Z	0	plan-review	plan-reviewer-action-validate-contradiction-check	1	R8a	1	blocking	0	-
PRPs-agentic-eng	2026-07-26T00:00:00Z	0	plan-review	plan-reviewer-action-validate-contradiction-check	1	R8b	1	blocking	0	-
PRPs-agentic-eng	2026-07-26T00:00:00Z	0	plan-review	plan-reviewer-action-validate-contradiction-check	1	R8c	1	blocking	0	-
PRPs-agentic-eng	2026-07-28T00:00:00Z	0	plan-review	reconcile-three-independently-authored-extensions-to-plugin	1	R-COH-ACTION-VALIDATE-CONTRADICTION	1	blocking	0	-
PRPs-agentic-eng	2026-07-28T00:00:00Z	0	plan-review	reconcile-three-independently-authored-extensions-to-plugin	1	R-COH-FILES-UNTOUCHED	1	blocking	0	-
PRPs-agentic-eng	2026-07-28T00:00:00Z	0	plan-review	reconcile-three-independently-authored-extensions-to-plugin	1	R-COH-MANDATORY-READING-MISSING	1	blocking	0	-
PRPs-agentic-eng	2026-07-28T00:00:00Z	0	plan-review	reconcile-three-independently-authored-extensions-to-plugin	1	R-COH-OTHER-INTERNAL-CONTRADICTION	0	blocking	0	-
PRPs-agentic-eng	2026-07-28T00:00:00Z	0	plan-review	reconcile-three-independently-authored-extensions-to-plugin	1	R-COH-PATTERN-SOURCE-MISSING	1	blocking	0	-
PRPs-agentic-eng	2026-07-28T00:00:00Z	0	plan-review	reconcile-three-independently-authored-extensions-to-plugin	1	R-COH-TASK-AC-MISSING	1	blocking	0	-
PRPs-agentic-eng	2026-07-28T00:00:00Z	0	plan-review	reconcile-three-independently-authored-extensions-to-plugin	1	R-COH-VALIDATE-ALWAYS-PASS	1	blocking	0	-
PRPs-agentic-eng	2026-07-28T00:00:00Z	0	plan-review	reconcile-three-independently-authored-extensions-to-plugin	1	R-COH-VALIDATE-FRAMEWORK-MISMATCH	1	blocking	0	-
PRPs-agentic-eng	2026-07-28T00:00:00Z	0	plan-review	reconcile-three-independently-authored-extensions-to-plugin	1	R-COH-VALIDATE-SEARCH-AMBIGUOUS	1	blocking	0	-
PRPs-agentic-eng	2026-07-28T00:00:00Z	0	plan-review	reconcile-three-independently-authored-extensions-to-plugin	1	R1	1	blocking	0	-
PRPs-agentic-eng	2026-07-28T00:00:00Z	0	plan-review	reconcile-three-independently-authored-extensions-to-plugin	1	R2	1	blocking	0	-
PRPs-agentic-eng	2026-07-28T00:00:00Z	0	plan-review	reconcile-three-independently-authored-extensions-to-plugin	1	R3	1	blocking	0	-
PRPs-agentic-eng	2026-07-28T00:00:00Z	0	plan-review	reconcile-three-independently-authored-extensions-to-plugin	1	R4	1	blocking	0	-
PRPs-agentic-eng	2026-07-28T00:00:00Z	0	plan-review	reconcile-three-independently-authored-extensions-to-plugin	1	R5	1	blocking	0	-
PRPs-agentic-eng	2026-07-28T00:00:00Z	0	plan-review	reconcile-three-independently-authored-extensions-to-plugin	1	R6	1	blocking	0	-
PRPs-agentic-eng	2026-07-28T00:00:00Z	0	plan-review	reconcile-three-independently-authored-extensions-to-plugin	1	R7	1	blocking	0	-
PRPs-agentic-eng	2026-07-28T00:00:00Z	0	plan-review	reconcile-three-independently-authored-extensions-to-plugin	1	R8-desc-min-ac	1	blocking	0	-
PRPs-agentic-eng	2026-07-28T00:00:00Z	0	plan-review	reconcile-three-independently-authored-extensions-to-plugin	1	R8a	1	blocking	0	-
PRPs-agentic-eng	2026-07-28T00:00:00Z	0	plan-review	reconcile-three-independently-authored-extensions-to-plugin	1	R8b	1	blocking	0	-
PRPs-agentic-eng	2026-07-28T00:00:00Z	0	plan-review	reconcile-three-independently-authored-extensions-to-plugin	1	R8c	1	blocking	0	-
PRPs-agentic-eng	2026-07-28T01:00:00Z	0	plan-review	reconcile-three-independently-authored-extensions-to-plugin	2	R-COH-ACTION-VALIDATE-CONTRADICTION	1	blocking	0	-
PRPs-agentic-eng	2026-07-28T01:00:00Z	0	plan-review	reconcile-three-independently-authored-extensions-to-plugin	2	R-COH-FILES-UNTOUCHED	1	blocking	0	-
PRPs-agentic-eng	2026-07-28T01:00:00Z	0	plan-review	reconcile-three-independently-authored-extensions-to-plugin	2	R-COH-MANDATORY-READING-MISSING	1	blocking	0	-
PRPs-agentic-eng	2026-07-28T01:00:00Z	0	plan-review	reconcile-three-independently-authored-extensions-to-plugin	2	R-COH-PATTERN-SOURCE-MISSING	1	blocking	0	-
PRPs-agentic-eng	2026-07-28T01:00:00Z	0	plan-review	reconcile-three-independently-authored-extensions-to-plugin	2	R-COH-TASK-AC-MISSING	1	blocking	0	-
PRPs-agentic-eng	2026-07-28T01:00:00Z	0	plan-review	reconcile-three-independently-authored-extensions-to-plugin	2	R-COH-VALIDATE-ALWAYS-PASS	1	blocking	0	-
PRPs-agentic-eng	2026-07-28T01:00:00Z	0	plan-review	reconcile-three-independently-authored-extensions-to-plugin	2	R-COH-VALIDATE-FRAMEWORK-MISMATCH	1	blocking	0	-
PRPs-agentic-eng	2026-07-28T01:00:00Z	0	plan-review	reconcile-three-independently-authored-extensions-to-plugin	2	R-COH-VALIDATE-SEARCH-AMBIGUOUS	1	blocking	0	-
PRPs-agentic-eng	2026-07-28T01:00:00Z	0	plan-review	reconcile-three-independently-authored-extensions-to-plugin	2	R1	1	blocking	0	-
PRPs-agentic-eng	2026-07-28T01:00:00Z	0	plan-review	reconcile-three-independently-authored-extensions-to-plugin	2	R2	1	blocking	0	-
PRPs-agentic-eng	2026-07-28T01:00:00Z	0	plan-review	reconcile-three-independently-authored-extensions-to-plugin	2	R3	1	blocking	0	-
PRPs-agentic-eng	2026-07-28T01:00:00Z	0	plan-review	reconcile-three-independently-authored-extensions-to-plugin	2	R4	1	blocking	0	-
PRPs-agentic-eng	2026-07-28T01:00:00Z	0	plan-review	reconcile-three-independently-authored-extensions-to-plugin	2	R5	1	blocking	0	-
PRPs-agentic-eng	2026-07-28T01:00:00Z	0	plan-review	reconcile-three-independently-authored-extensions-to-plugin	2	R6	1	blocking	0	-
PRPs-agentic-eng	2026-07-28T01:00:00Z	0	plan-review	reconcile-three-independently-authored-extensions-to-plugin	2	R7	1	blocking	0	-
PRPs-agentic-eng	2026-07-28T01:00:00Z	0	plan-review	reconcile-three-independently-authored-extensions-to-plugin	2	R8-desc-min-ac	1	blocking	0	-
PRPs-agentic-eng	2026-07-28T01:00:00Z	0	plan-review	reconcile-three-independently-authored-extensions-to-plugin	2	R8a	1	blocking	0	-
PRPs-agentic-eng	2026-07-28T01:00:00Z	0	plan-review	reconcile-three-independently-authored-extensions-to-plugin	2	R8b	1	blocking	0	-
PRPs-agentic-eng	2026-07-28T01:00:00Z	0	plan-review	reconcile-three-independently-authored-extensions-to-plugin	2	R8c	1	blocking	0	-
PRPs-agentic-eng	2026-07-12T00:00:00Z	0	plan-review	relay-qa-report-command-phase-1-command-file	1	R-COH-FILES-UNTOUCHED	1	blocking	0	-
PRPs-agentic-eng	2026-07-12T00:00:00Z	0	plan-review	relay-qa-report-command-phase-1-command-file	1	R-COH-MANDATORY-READING-IRRELEVANT	0	blocking	0	-
PRPs-agentic-eng	2026-07-12T00:00:00Z	0	plan-review	relay-qa-report-command-phase-1-command-file	1	R-COH-MANDATORY-READING-MISSING	1	blocking	0	-
PRPs-agentic-eng	2026-07-12T00:00:00Z	0	plan-review	relay-qa-report-command-phase-1-command-file	1	R-COH-PATTERN-SOURCE-MISSING	1	blocking	0	-
PRPs-agentic-eng	2026-07-12T00:00:00Z	0	plan-review	relay-qa-report-command-phase-1-command-file	1	R-COH-TASK-AC-MISSING	0	blocking	0	-
PRPs-agentic-eng	2026-07-12T00:00:00Z	0	plan-review	relay-qa-report-command-phase-1-command-file	1	R-COH-VALIDATE-FRAMEWORK-MISMATCH	1	blocking	0	-
PRPs-agentic-eng	2026-07-12T00:00:00Z	0	plan-review	relay-qa-report-command-phase-1-command-file	1	R1	1	blocking	0	-
PRPs-agentic-eng	2026-07-12T00:00:00Z	0	plan-review	relay-qa-report-command-phase-1-command-file	1	R2	1	blocking	0	-
PRPs-agentic-eng	2026-07-12T00:00:00Z	0	plan-review	relay-qa-report-command-phase-1-command-file	1	R3	1	blocking	0	-
PRPs-agentic-eng	2026-07-12T00:00:00Z	0	plan-review	relay-qa-report-command-phase-1-command-file	1	R4	1	blocking	0	-
PRPs-agentic-eng	2026-07-12T00:00:00Z	0	plan-review	relay-qa-report-command-phase-1-command-file	1	R5	0	blocking	0	-
PRPs-agentic-eng	2026-07-12T00:00:00Z	0	plan-review	relay-qa-report-command-phase-1-command-file	1	R6	1	blocking	0	-
PRPs-agentic-eng	2026-07-12T00:00:00Z	0	plan-review	relay-qa-report-command-phase-1-command-file	1	R7	1	blocking	0	-
PRPs-agentic-eng	2026-07-12T00:00:00Z	0	plan-review	relay-qa-report-command-phase-1-command-file	1	R8	1	blocking	0	-
PRPs-agentic-eng	2026-07-12T00:05:00Z	0	plan-review	relay-qa-report-command-phase-1-command-file	2	R-COH-FILES-UNTOUCHED	1	blocking	0	-
PRPs-agentic-eng	2026-07-12T00:05:00Z	0	plan-review	relay-qa-report-command-phase-1-command-file	2	R-COH-MANDATORY-READING-MISSING	1	blocking	0	-
PRPs-agentic-eng	2026-07-12T00:05:00Z	0	plan-review	relay-qa-report-command-phase-1-command-file	2	R-COH-PATTERN-SOURCE-MISSING	1	blocking	0	-
PRPs-agentic-eng	2026-07-12T00:05:00Z	0	plan-review	relay-qa-report-command-phase-1-command-file	2	R-COH-TASK-AC-MISSING	1	blocking	0	-
PRPs-agentic-eng	2026-07-12T00:05:00Z	0	plan-review	relay-qa-report-command-phase-1-command-file	2	R-COH-VALIDATE-FRAMEWORK-MISMATCH	1	blocking	0	-
PRPs-agentic-eng	2026-07-12T00:05:00Z	0	plan-review	relay-qa-report-command-phase-1-command-file	2	R1	1	blocking	0	-
PRPs-agentic-eng	2026-07-12T00:05:00Z	0	plan-review	relay-qa-report-command-phase-1-command-file	2	R2	1	blocking	0	-
PRPs-agentic-eng	2026-07-12T00:05:00Z	0	plan-review	relay-qa-report-command-phase-1-command-file	2	R3	1	blocking	0	-
PRPs-agentic-eng	2026-07-12T00:05:00Z	0	plan-review	relay-qa-report-command-phase-1-command-file	2	R4	1	blocking	0	-
PRPs-agentic-eng	2026-07-12T00:05:00Z	0	plan-review	relay-qa-report-command-phase-1-command-file	2	R5	1	blocking	0	-
PRPs-agentic-eng	2026-07-12T00:05:00Z	0	plan-review	relay-qa-report-command-phase-1-command-file	2	R6	1	blocking	0	-
PRPs-agentic-eng	2026-07-12T00:05:00Z	0	plan-review	relay-qa-report-command-phase-1-command-file	2	R7	1	blocking	0	-
PRPs-agentic-eng	2026-07-12T00:05:00Z	0	plan-review	relay-qa-report-command-phase-1-command-file	2	R8	1	blocking	0	-
PRPs-agentic-eng	2026-07-12T00:00:00Z	0	plan-review	relay-qa-report-command-phase-2-canonical-docs	1	R-COH-FILES-UNTOUCHED	1	blocking	0	-
PRPs-agentic-eng	2026-07-12T00:00:00Z	0	plan-review	relay-qa-report-command-phase-2-canonical-docs	1	R-COH-MANDATORY-READING-MISSING	1	blocking	0	-
PRPs-agentic-eng	2026-07-12T00:00:00Z	0	plan-review	relay-qa-report-command-phase-2-canonical-docs	1	R-COH-PATTERN-SOURCE-MISSING	1	blocking	0	-
PRPs-agentic-eng	2026-07-12T00:00:00Z	0	plan-review	relay-qa-report-command-phase-2-canonical-docs	1	R-COH-PATTERN-TASK-DRIFT	0	blocking	0	-
PRPs-agentic-eng	2026-07-12T00:00:00Z	0	plan-review	relay-qa-report-command-phase-2-canonical-docs	1	R-COH-TASK-AC-MISSING	0	blocking	0	-
PRPs-agentic-eng	2026-07-12T00:00:00Z	0	plan-review	relay-qa-report-command-phase-2-canonical-docs	1	R-COH-VALIDATE-FRAMEWORK-MISMATCH	1	blocking	0	-
PRPs-agentic-eng	2026-07-12T00:00:00Z	0	plan-review	relay-qa-report-command-phase-2-canonical-docs	1	R1	1	blocking	0	-
PRPs-agentic-eng	2026-07-12T00:00:00Z	0	plan-review	relay-qa-report-command-phase-2-canonical-docs	1	R2	1	blocking	0	-
PRPs-agentic-eng	2026-07-12T00:00:00Z	0	plan-review	relay-qa-report-command-phase-2-canonical-docs	1	R3	1	blocking	0	-
PRPs-agentic-eng	2026-07-12T00:00:00Z	0	plan-review	relay-qa-report-command-phase-2-canonical-docs	1	R4	1	blocking	0	-
PRPs-agentic-eng	2026-07-12T00:00:00Z	0	plan-review	relay-qa-report-command-phase-2-canonical-docs	1	R5	1	blocking	0	-
PRPs-agentic-eng	2026-07-12T00:00:00Z	0	plan-review	relay-qa-report-command-phase-2-canonical-docs	1	R6	1	blocking	0	-
PRPs-agentic-eng	2026-07-12T00:00:00Z	0	plan-review	relay-qa-report-command-phase-2-canonical-docs	1	R7	1	blocking	0	-
PRPs-agentic-eng	2026-07-12T00:00:00Z	0	plan-review	relay-qa-report-command-phase-2-canonical-docs	1	R8	1	blocking	0	-
PRPs-agentic-eng	2026-07-12T00:05:00Z	0	plan-review	relay-qa-report-command-phase-2-canonical-docs	2	R-COH-FILES-UNTOUCHED	1	blocking	0	-
PRPs-agentic-eng	2026-07-12T00:05:00Z	0	plan-review	relay-qa-report-command-phase-2-canonical-docs	2	R-COH-MANDATORY-READING-MISSING	1	blocking	0	-
PRPs-agentic-eng	2026-07-12T00:05:00Z	0	plan-review	relay-qa-report-command-phase-2-canonical-docs	2	R-COH-PATTERN-SOURCE-MISSING	1	blocking	0	-
PRPs-agentic-eng	2026-07-12T00:05:00Z	0	plan-review	relay-qa-report-command-phase-2-canonical-docs	2	R-COH-TASK-AC-MISSING	1	blocking	0	-
PRPs-agentic-eng	2026-07-12T00:05:00Z	0	plan-review	relay-qa-report-command-phase-2-canonical-docs	2	R-COH-VALIDATE-FRAMEWORK-MISMATCH	1	blocking	0	-
PRPs-agentic-eng	2026-07-12T00:05:00Z	0	plan-review	relay-qa-report-command-phase-2-canonical-docs	2	R1	1	blocking	0	-
PRPs-agentic-eng	2026-07-12T00:05:00Z	0	plan-review	relay-qa-report-command-phase-2-canonical-docs	2	R2	1	blocking	0	-
PRPs-agentic-eng	2026-07-12T00:05:00Z	0	plan-review	relay-qa-report-command-phase-2-canonical-docs	2	R3	1	blocking	0	-
PRPs-agentic-eng	2026-07-12T00:05:00Z	0	plan-review	relay-qa-report-command-phase-2-canonical-docs	2	R4	1	blocking	0	-
PRPs-agentic-eng	2026-07-12T00:05:00Z	0	plan-review	relay-qa-report-command-phase-2-canonical-docs	2	R5	1	blocking	0	-
PRPs-agentic-eng	2026-07-12T00:05:00Z	0	plan-review	relay-qa-report-command-phase-2-canonical-docs	2	R6	1	blocking	0	-
PRPs-agentic-eng	2026-07-12T00:05:00Z	0	plan-review	relay-qa-report-command-phase-2-canonical-docs	2	R7	1	blocking	0	-
PRPs-agentic-eng	2026-07-12T00:05:00Z	0	plan-review	relay-qa-report-command-phase-2-canonical-docs	2	R8	1	blocking	0	-
PRPs-agentic-eng	2026-07-12T00:00:00Z	0	plan-review	relay-qa-report-command-phase-3-documentation-site-plugin-bump	1	R-COH-FILES-UNTOUCHED	1	blocking	0	-
PRPs-agentic-eng	2026-07-12T00:00:00Z	0	plan-review	relay-qa-report-command-phase-3-documentation-site-plugin-bump	1	R-COH-MANDATORY-READING-MISSING	1	blocking	0	-
PRPs-agentic-eng	2026-07-12T00:00:00Z	0	plan-review	relay-qa-report-command-phase-3-documentation-site-plugin-bump	1	R-COH-PATTERN-SOURCE-MISSING	1	blocking	0	-
PRPs-agentic-eng	2026-07-12T00:00:00Z	0	plan-review	relay-qa-report-command-phase-3-documentation-site-plugin-bump	1	R-COH-TASK-AC-MISSING	0	blocking	0	-
PRPs-agentic-eng	2026-07-12T00:00:00Z	0	plan-review	relay-qa-report-command-phase-3-documentation-site-plugin-bump	1	R-COH-VALIDATE-FRAMEWORK-MISMATCH	1	blocking	0	-
PRPs-agentic-eng	2026-07-12T00:00:00Z	0	plan-review	relay-qa-report-command-phase-3-documentation-site-plugin-bump	1	R1	1	blocking	0	-
PRPs-agentic-eng	2026-07-12T00:00:00Z	0	plan-review	relay-qa-report-command-phase-3-documentation-site-plugin-bump	1	R2	1	blocking	0	-
PRPs-agentic-eng	2026-07-12T00:00:00Z	0	plan-review	relay-qa-report-command-phase-3-documentation-site-plugin-bump	1	R3	1	blocking	0	-
PRPs-agentic-eng	2026-07-12T00:00:00Z	0	plan-review	relay-qa-report-command-phase-3-documentation-site-plugin-bump	1	R4	1	blocking	0	-
PRPs-agentic-eng	2026-07-12T00:00:00Z	0	plan-review	relay-qa-report-command-phase-3-documentation-site-plugin-bump	1	R5	1	blocking	0	-
PRPs-agentic-eng	2026-07-12T00:00:00Z	0	plan-review	relay-qa-report-command-phase-3-documentation-site-plugin-bump	1	R6	1	blocking	0	-
PRPs-agentic-eng	2026-07-12T00:00:00Z	0	plan-review	relay-qa-report-command-phase-3-documentation-site-plugin-bump	1	R7	1	blocking	0	-
PRPs-agentic-eng	2026-07-12T00:00:00Z	0	plan-review	relay-qa-report-command-phase-3-documentation-site-plugin-bump	1	R8	1	blocking	0	-
PRPs-agentic-eng	2026-07-12T00:15:00Z	0	plan-review	relay-qa-report-command-phase-3-documentation-site-plugin-bump	2	R-COH-FILES-UNTOUCHED	1	blocking	0	-
PRPs-agentic-eng	2026-07-12T00:15:00Z	0	plan-review	relay-qa-report-command-phase-3-documentation-site-plugin-bump	2	R-COH-MANDATORY-READING-MISSING	1	blocking	0	-
PRPs-agentic-eng	2026-07-12T00:15:00Z	0	plan-review	relay-qa-report-command-phase-3-documentation-site-plugin-bump	2	R-COH-PATTERN-SOURCE-MISSING	1	blocking	0	-
PRPs-agentic-eng	2026-07-12T00:15:00Z	0	plan-review	relay-qa-report-command-phase-3-documentation-site-plugin-bump	2	R-COH-TASK-AC-MISSING	1	blocking	0	-
PRPs-agentic-eng	2026-07-12T00:15:00Z	0	plan-review	relay-qa-report-command-phase-3-documentation-site-plugin-bump	2	R-COH-VALIDATE-FRAMEWORK-MISMATCH	1	blocking	0	-
PRPs-agentic-eng	2026-07-12T00:15:00Z	0	plan-review	relay-qa-report-command-phase-3-documentation-site-plugin-bump	2	R1	1	blocking	0	-
PRPs-agentic-eng	2026-07-12T00:15:00Z	0	plan-review	relay-qa-report-command-phase-3-documentation-site-plugin-bump	2	R2	1	blocking	0	-
PRPs-agentic-eng	2026-07-12T00:15:00Z	0	plan-review	relay-qa-report-command-phase-3-documentation-site-plugin-bump	2	R3	1	blocking	0	-
PRPs-agentic-eng	2026-07-12T00:15:00Z	0	plan-review	relay-qa-report-command-phase-3-documentation-site-plugin-bump	2	R4	1	blocking	0	-
PRPs-agentic-eng	2026-07-12T00:15:00Z	0	plan-review	relay-qa-report-command-phase-3-documentation-site-plugin-bump	2	R5	1	blocking	0	-
PRPs-agentic-eng	2026-07-12T00:15:00Z	0	plan-review	relay-qa-report-command-phase-3-documentation-site-plugin-bump	2	R6	1	blocking	0	-
PRPs-agentic-eng	2026-07-12T00:15:00Z	0	plan-review	relay-qa-report-command-phase-3-documentation-site-plugin-bump	2	R7	1	blocking	0	-
PRPs-agentic-eng	2026-07-12T00:15:00Z	0	plan-review	relay-qa-report-command-phase-3-documentation-site-plugin-bump	2	R8	1	blocking	0	-
PRPs-agentic-eng	2026-07-12T00:00:00Z	0	plan-review	relay-qa-report-command-phase-4-dogfood	1	R-COH-FILES-UNTOUCHED	1	blocking	0	-
PRPs-agentic-eng	2026-07-12T00:00:00Z	0	plan-review	relay-qa-report-command-phase-4-dogfood	1	R-COH-MANDATORY-READING-MISSING	1	blocking	0	-
PRPs-agentic-eng	2026-07-12T00:00:00Z	0	plan-review	relay-qa-report-command-phase-4-dogfood	1	R-COH-PATTERN-SOURCE-MISSING	1	blocking	0	-
PRPs-agentic-eng	2026-07-12T00:00:00Z	0	plan-review	relay-qa-report-command-phase-4-dogfood	1	R-COH-TASK-AC-MISSING	0	blocking	0	-
PRPs-agentic-eng	2026-07-12T00:00:00Z	0	plan-review	relay-qa-report-command-phase-4-dogfood	1	R-COH-VALIDATE-FRAMEWORK-MISMATCH	1	blocking	0	-
PRPs-agentic-eng	2026-07-12T00:00:00Z	0	plan-review	relay-qa-report-command-phase-4-dogfood	1	R1	1	blocking	0	-
PRPs-agentic-eng	2026-07-12T00:00:00Z	0	plan-review	relay-qa-report-command-phase-4-dogfood	1	R2	1	blocking	0	-
PRPs-agentic-eng	2026-07-12T00:00:00Z	0	plan-review	relay-qa-report-command-phase-4-dogfood	1	R3	1	blocking	0	-
PRPs-agentic-eng	2026-07-12T00:00:00Z	0	plan-review	relay-qa-report-command-phase-4-dogfood	1	R4	1	blocking	0	-
PRPs-agentic-eng	2026-07-12T00:00:00Z	0	plan-review	relay-qa-report-command-phase-4-dogfood	1	R5	1	blocking	0	-
PRPs-agentic-eng	2026-07-12T00:00:00Z	0	plan-review	relay-qa-report-command-phase-4-dogfood	1	R6	1	blocking	0	-
PRPs-agentic-eng	2026-07-12T00:00:00Z	0	plan-review	relay-qa-report-command-phase-4-dogfood	1	R7	1	blocking	0	-
PRPs-agentic-eng	2026-07-12T00:00:00Z	0	plan-review	relay-qa-report-command-phase-4-dogfood	1	R8	1	blocking	0	-
PRPs-agentic-eng	2026-07-12T00:05:00Z	0	plan-review	relay-qa-report-command-phase-4-dogfood	2	R-COH-FILES-UNTOUCHED	1	blocking	0	-
PRPs-agentic-eng	2026-07-12T00:05:00Z	0	plan-review	relay-qa-report-command-phase-4-dogfood	2	R-COH-MANDATORY-READING-MISSING	1	blocking	0	-
PRPs-agentic-eng	2026-07-12T00:05:00Z	0	plan-review	relay-qa-report-command-phase-4-dogfood	2	R-COH-PATTERN-SOURCE-MISSING	1	blocking	0	-
PRPs-agentic-eng	2026-07-12T00:05:00Z	0	plan-review	relay-qa-report-command-phase-4-dogfood	2	R-COH-TASK-AC-MISSING	1	blocking	0	-
PRPs-agentic-eng	2026-07-12T00:05:00Z	0	plan-review	relay-qa-report-command-phase-4-dogfood	2	R-COH-VALIDATE-FRAMEWORK-MISMATCH	1	blocking	0	-
PRPs-agentic-eng	2026-07-12T00:05:00Z	0	plan-review	relay-qa-report-command-phase-4-dogfood	2	R1	1	blocking	0	-
PRPs-agentic-eng	2026-07-12T00:05:00Z	0	plan-review	relay-qa-report-command-phase-4-dogfood	2	R2	1	blocking	0	-
PRPs-agentic-eng	2026-07-12T00:05:00Z	0	plan-review	relay-qa-report-command-phase-4-dogfood	2	R3	1	blocking	0	-
PRPs-agentic-eng	2026-07-12T00:05:00Z	0	plan-review	relay-qa-report-command-phase-4-dogfood	2	R4	1	blocking	0	-
PRPs-agentic-eng	2026-07-12T00:05:00Z	0	plan-review	relay-qa-report-command-phase-4-dogfood	2	R5	1	blocking	0	-
PRPs-agentic-eng	2026-07-12T00:05:00Z	0	plan-review	relay-qa-report-command-phase-4-dogfood	2	R6	1	blocking	0	-
PRPs-agentic-eng	2026-07-12T00:05:00Z	0	plan-review	relay-qa-report-command-phase-4-dogfood	2	R7	1	blocking	0	-
PRPs-agentic-eng	2026-07-12T00:05:00Z	0	plan-review	relay-qa-report-command-phase-4-dogfood	2	R8	1	blocking	0	-
PRPs-agentic-eng	2026-07-30T00:00:00Z	0	plan-review	shift-left-writers-self-check-the-rubric-items-that-reject	1	R-COH-AC-UNVERIFIABLE	0	blocking	0	-
PRPs-agentic-eng	2026-07-30T00:00:00Z	0	plan-review	shift-left-writers-self-check-the-rubric-items-that-reject	1	R-COH-ACTION-VALIDATE-CONTRADICTION	1	blocking	0	-
PRPs-agentic-eng	2026-07-30T00:00:00Z	0	plan-review	shift-left-writers-self-check-the-rubric-items-that-reject	1	R-COH-FILES-UNTOUCHED	1	blocking	0	-
PRPs-agentic-eng	2026-07-30T00:00:00Z	0	plan-review	shift-left-writers-self-check-the-rubric-items-that-reject	1	R-COH-MANDATORY-READING-MISSING	1	blocking	0	-
PRPs-agentic-eng	2026-07-30T00:00:00Z	0	plan-review	shift-left-writers-self-check-the-rubric-items-that-reject	1	R-COH-PATTERN-SOURCE-MISSING	1	blocking	0	-
PRPs-agentic-eng	2026-07-30T00:00:00Z	0	plan-review	shift-left-writers-self-check-the-rubric-items-that-reject	1	R-COH-PATTERN-TASK-DRIFT	0	blocking	0	-
PRPs-agentic-eng	2026-07-30T00:00:00Z	0	plan-review	shift-left-writers-self-check-the-rubric-items-that-reject	1	R-COH-TASK-AC-MISSING	1	blocking	0	-
PRPs-agentic-eng	2026-07-30T00:00:00Z	0	plan-review	shift-left-writers-self-check-the-rubric-items-that-reject	1	R-COH-VALIDATE-ALWAYS-PASS	1	blocking	0	-
PRPs-agentic-eng	2026-07-30T00:00:00Z	0	plan-review	shift-left-writers-self-check-the-rubric-items-that-reject	1	R-COH-VALIDATE-FORBIDDEN-GREP-SCOPE	1	blocking	0	-
PRPs-agentic-eng	2026-07-30T00:00:00Z	0	plan-review	shift-left-writers-self-check-the-rubric-items-that-reject	1	R-COH-VALIDATE-FRAMEWORK-MISMATCH	1	blocking	0	-
PRPs-agentic-eng	2026-07-30T00:00:00Z	0	plan-review	shift-left-writers-self-check-the-rubric-items-that-reject	1	R-COH-VALIDATE-SEARCH-AMBIGUOUS	1	blocking	0	-
PRPs-agentic-eng	2026-07-30T00:00:00Z	0	plan-review	shift-left-writers-self-check-the-rubric-items-that-reject	1	R1	1	blocking	0	-
PRPs-agentic-eng	2026-07-30T00:00:00Z	0	plan-review	shift-left-writers-self-check-the-rubric-items-that-reject	1	R2	1	blocking	0	-
PRPs-agentic-eng	2026-07-30T00:00:00Z	0	plan-review	shift-left-writers-self-check-the-rubric-items-that-reject	1	R3	1	blocking	0	-
PRPs-agentic-eng	2026-07-30T00:00:00Z	0	plan-review	shift-left-writers-self-check-the-rubric-items-that-reject	1	R4	1	blocking	0	-
PRPs-agentic-eng	2026-07-30T00:00:00Z	0	plan-review	shift-left-writers-self-check-the-rubric-items-that-reject	1	R5	1	blocking	0	-
PRPs-agentic-eng	2026-07-30T00:00:00Z	0	plan-review	shift-left-writers-self-check-the-rubric-items-that-reject	1	R6	1	blocking	0	-
PRPs-agentic-eng	2026-07-30T00:00:00Z	0	plan-review	shift-left-writers-self-check-the-rubric-items-that-reject	1	R7	1	blocking	0	-
PRPs-agentic-eng	2026-07-30T00:00:00Z	0	plan-review	shift-left-writers-self-check-the-rubric-items-that-reject	1	R8	1	blocking	0	-
PRPs-agentic-eng	2026-07-30T00:00:00Z	0	plan-review	shift-left-writers-self-check-the-rubric-items-that-reject	2	R-COH-AC-UNVERIFIABLE	1	blocking	0	-
PRPs-agentic-eng	2026-07-30T00:00:00Z	0	plan-review	shift-left-writers-self-check-the-rubric-items-that-reject	2	R-COH-ACTION-VALIDATE-CONTRADICTION	1	blocking	0	-
PRPs-agentic-eng	2026-07-30T00:00:00Z	0	plan-review	shift-left-writers-self-check-the-rubric-items-that-reject	2	R-COH-FILES-UNTOUCHED	1	blocking	0	-
PRPs-agentic-eng	2026-07-30T00:00:00Z	0	plan-review	shift-left-writers-self-check-the-rubric-items-that-reject	2	R-COH-MANDATORY-READING-MISSING	1	blocking	0	-
PRPs-agentic-eng	2026-07-30T00:00:00Z	0	plan-review	shift-left-writers-self-check-the-rubric-items-that-reject	2	R-COH-PATTERN-SOURCE-MISSING	1	blocking	0	-
PRPs-agentic-eng	2026-07-30T00:00:00Z	0	plan-review	shift-left-writers-self-check-the-rubric-items-that-reject	2	R-COH-PATTERN-TASK-DRIFT	1	blocking	0	-
PRPs-agentic-eng	2026-07-30T00:00:00Z	0	plan-review	shift-left-writers-self-check-the-rubric-items-that-reject	2	R-COH-TASK-AC-MISSING	1	blocking	0	-
PRPs-agentic-eng	2026-07-30T00:00:00Z	0	plan-review	shift-left-writers-self-check-the-rubric-items-that-reject	2	R-COH-VALIDATE-ALWAYS-PASS	1	blocking	0	-
PRPs-agentic-eng	2026-07-30T00:00:00Z	0	plan-review	shift-left-writers-self-check-the-rubric-items-that-reject	2	R-COH-VALIDATE-FORBIDDEN-GREP-SCOPE	1	blocking	0	-
PRPs-agentic-eng	2026-07-30T00:00:00Z	0	plan-review	shift-left-writers-self-check-the-rubric-items-that-reject	2	R-COH-VALIDATE-FRAMEWORK-MISMATCH	1	blocking	0	-
PRPs-agentic-eng	2026-07-30T00:00:00Z	0	plan-review	shift-left-writers-self-check-the-rubric-items-that-reject	2	R-COH-VALIDATE-SEARCH-AMBIGUOUS	1	blocking	0	-
PRPs-agentic-eng	2026-07-30T00:00:00Z	0	plan-review	shift-left-writers-self-check-the-rubric-items-that-reject	2	R1	1	blocking	0	-
PRPs-agentic-eng	2026-07-30T00:00:00Z	0	plan-review	shift-left-writers-self-check-the-rubric-items-that-reject	2	R2	1	blocking	0	-
PRPs-agentic-eng	2026-07-30T00:00:00Z	0	plan-review	shift-left-writers-self-check-the-rubric-items-that-reject	2	R3	1	blocking	0	-
PRPs-agentic-eng	2026-07-30T00:00:00Z	0	plan-review	shift-left-writers-self-check-the-rubric-items-that-reject	2	R4	1	blocking	0	-
PRPs-agentic-eng	2026-07-30T00:00:00Z	0	plan-review	shift-left-writers-self-check-the-rubric-items-that-reject	2	R5	1	blocking	0	-
PRPs-agentic-eng	2026-07-30T00:00:00Z	0	plan-review	shift-left-writers-self-check-the-rubric-items-that-reject	2	R6	1	blocking	0	-
PRPs-agentic-eng	2026-07-30T00:00:00Z	0	plan-review	shift-left-writers-self-check-the-rubric-items-that-reject	2	R7	1	blocking	0	-
PRPs-agentic-eng	2026-07-30T00:00:00Z	0	plan-review	shift-left-writers-self-check-the-rubric-items-that-reject	2	R8	1	blocking	0	-
PRPs-agentic-eng	2026-07-30T00:00:00Z	0	plan-review	shift-left-writers-self-check-the-rubric-items-that-reject	3	AC-A5	1	blocking	0	-
PRPs-agentic-eng	2026-07-30T00:00:00Z	0	plan-review	targeted-retry-writers-consume-reviewer-feedback-in-relay	1	R-COH-AC-TASK-DECOUPLED	0	blocking	0	-
PRPs-agentic-eng	2026-07-30T00:00:00Z	0	plan-review	targeted-retry-writers-consume-reviewer-feedback-in-relay	1	R-COH-ACTION-VALIDATE-CONTRADICTION	1	blocking	0	-
PRPs-agentic-eng	2026-07-30T00:00:00Z	0	plan-review	targeted-retry-writers-consume-reviewer-feedback-in-relay	1	R-COH-FILES-UNTOUCHED	1	blocking	0	-
PRPs-agentic-eng	2026-07-30T00:00:00Z	0	plan-review	targeted-retry-writers-consume-reviewer-feedback-in-relay	1	R-COH-MANDATORY-READING-MISSING	1	blocking	0	-
PRPs-agentic-eng	2026-07-30T00:00:00Z	0	plan-review	targeted-retry-writers-consume-reviewer-feedback-in-relay	1	R-COH-PATTERN-SOURCE-MISSING	1	blocking	0	-
PRPs-agentic-eng	2026-07-30T00:00:00Z	0	plan-review	targeted-retry-writers-consume-reviewer-feedback-in-relay	1	R-COH-PATTERN-TASK-DRIFT	0	blocking	0	-
PRPs-agentic-eng	2026-07-30T00:00:00Z	0	plan-review	targeted-retry-writers-consume-reviewer-feedback-in-relay	1	R-COH-TASK-AC-MISSING	0	blocking	0	-
PRPs-agentic-eng	2026-07-30T00:00:00Z	0	plan-review	targeted-retry-writers-consume-reviewer-feedback-in-relay	1	R-COH-VALIDATE-ALWAYS-PASS	1	blocking	0	-
PRPs-agentic-eng	2026-07-30T00:00:00Z	0	plan-review	targeted-retry-writers-consume-reviewer-feedback-in-relay	1	R-COH-VALIDATE-FORBIDDEN-GREP-SCOPE	1	blocking	0	-
PRPs-agentic-eng	2026-07-30T00:00:00Z	0	plan-review	targeted-retry-writers-consume-reviewer-feedback-in-relay	1	R-COH-VALIDATE-FRAMEWORK-MISMATCH	1	blocking	0	-
PRPs-agentic-eng	2026-07-30T00:00:00Z	0	plan-review	targeted-retry-writers-consume-reviewer-feedback-in-relay	1	R-COH-VALIDATE-SEARCH-AMBIGUOUS	1	blocking	0	-
PRPs-agentic-eng	2026-07-30T00:00:00Z	0	plan-review	targeted-retry-writers-consume-reviewer-feedback-in-relay	1	R1	1	blocking	0	-
PRPs-agentic-eng	2026-07-30T00:00:00Z	0	plan-review	targeted-retry-writers-consume-reviewer-feedback-in-relay	1	R2	1	blocking	0	-
PRPs-agentic-eng	2026-07-30T00:00:00Z	0	plan-review	targeted-retry-writers-consume-reviewer-feedback-in-relay	1	R3	1	blocking	0	-
PRPs-agentic-eng	2026-07-30T00:00:00Z	0	plan-review	targeted-retry-writers-consume-reviewer-feedback-in-relay	1	R4	1	blocking	0	-
PRPs-agentic-eng	2026-07-30T00:00:00Z	0	plan-review	targeted-retry-writers-consume-reviewer-feedback-in-relay	1	R5	1	blocking	0	-
PRPs-agentic-eng	2026-07-30T00:00:00Z	0	plan-review	targeted-retry-writers-consume-reviewer-feedback-in-relay	1	R6	1	blocking	0	-
PRPs-agentic-eng	2026-07-30T00:00:00Z	0	plan-review	targeted-retry-writers-consume-reviewer-feedback-in-relay	1	R7	1	blocking	0	-
PRPs-agentic-eng	2026-07-30T00:00:00Z	0	plan-review	targeted-retry-writers-consume-reviewer-feedback-in-relay	1	R8	1	blocking	0	-
PRPs-agentic-eng	2026-07-30T00:00:00Z	0	plan-review	targeted-retry-writers-consume-reviewer-feedback-in-relay	2	R-COH-AC-UNVERIFIABLE	0	blocking	0	-
PRPs-agentic-eng	2026-07-30T00:00:00Z	0	plan-review	targeted-retry-writers-consume-reviewer-feedback-in-relay	2	R-COH-ACTION-VALIDATE-CONTRADICTION	1	blocking	0	-
PRPs-agentic-eng	2026-07-30T00:00:00Z	0	plan-review	targeted-retry-writers-consume-reviewer-feedback-in-relay	2	R-COH-FILES-UNTOUCHED	1	blocking	0	-
PRPs-agentic-eng	2026-07-30T00:00:00Z	0	plan-review	targeted-retry-writers-consume-reviewer-feedback-in-relay	2	R-COH-MANDATORY-READING-MISSING	1	blocking	0	-
PRPs-agentic-eng	2026-07-30T00:00:00Z	0	plan-review	targeted-retry-writers-consume-reviewer-feedback-in-relay	2	R-COH-OTHER-INTERNAL-CONTRADICTION	0	blocking	0	-
PRPs-agentic-eng	2026-07-30T00:00:00Z	0	plan-review	targeted-retry-writers-consume-reviewer-feedback-in-relay	2	R-COH-PATTERN-SOURCE-MISSING	1	blocking	0	-
PRPs-agentic-eng	2026-07-30T00:00:00Z	0	plan-review	targeted-retry-writers-consume-reviewer-feedback-in-relay	2	R-COH-TASK-AC-MISSING	1	blocking	0	-
PRPs-agentic-eng	2026-07-30T00:00:00Z	0	plan-review	targeted-retry-writers-consume-reviewer-feedback-in-relay	2	R-COH-VALIDATE-ALWAYS-PASS	1	blocking	0	-
PRPs-agentic-eng	2026-07-30T00:00:00Z	0	plan-review	targeted-retry-writers-consume-reviewer-feedback-in-relay	2	R-COH-VALIDATE-FORBIDDEN-GREP-SCOPE	1	blocking	0	-
PRPs-agentic-eng	2026-07-30T00:00:00Z	0	plan-review	targeted-retry-writers-consume-reviewer-feedback-in-relay	2	R-COH-VALIDATE-FRAMEWORK-MISMATCH	1	blocking	0	-
PRPs-agentic-eng	2026-07-30T00:00:00Z	0	plan-review	targeted-retry-writers-consume-reviewer-feedback-in-relay	2	R-COH-VALIDATE-SEARCH-AMBIGUOUS	1	blocking	0	-
PRPs-agentic-eng	2026-07-30T00:00:00Z	0	plan-review	targeted-retry-writers-consume-reviewer-feedback-in-relay	2	R1	1	blocking	0	-
PRPs-agentic-eng	2026-07-30T00:00:00Z	0	plan-review	targeted-retry-writers-consume-reviewer-feedback-in-relay	2	R2	1	blocking	0	-
PRPs-agentic-eng	2026-07-30T00:00:00Z	0	plan-review	targeted-retry-writers-consume-reviewer-feedback-in-relay	2	R3	1	blocking	0	-
PRPs-agentic-eng	2026-07-30T00:00:00Z	0	plan-review	targeted-retry-writers-consume-reviewer-feedback-in-relay	2	R4	1	blocking	0	-
PRPs-agentic-eng	2026-07-30T00:00:00Z	0	plan-review	targeted-retry-writers-consume-reviewer-feedback-in-relay	2	R5	1	blocking	0	-
PRPs-agentic-eng	2026-07-30T00:00:00Z	0	plan-review	targeted-retry-writers-consume-reviewer-feedback-in-relay	2	R6	1	blocking	0	-
PRPs-agentic-eng	2026-07-30T00:00:00Z	0	plan-review	targeted-retry-writers-consume-reviewer-feedback-in-relay	2	R7	1	blocking	0	-
PRPs-agentic-eng	2026-07-30T00:00:00Z	0	plan-review	targeted-retry-writers-consume-reviewer-feedback-in-relay	2	R8	1	blocking	0	-
PRPs-agentic-eng	2026-07-30T00:00:00Z	0	plan-review	targeted-retry-writers-consume-reviewer-feedback-in-relay	3	R-COH-AC-UNVERIFIABLE	0	blocking	0	-
PRPs-agentic-eng	2026-07-30T00:00:00Z	0	plan-review	targeted-retry-writers-consume-reviewer-feedback-in-relay	3	R-COH-ACTION-VALIDATE-CONTRADICTION	1	blocking	0	-
PRPs-agentic-eng	2026-07-30T00:00:00Z	0	plan-review	targeted-retry-writers-consume-reviewer-feedback-in-relay	3	R-COH-FILES-UNTOUCHED	1	blocking	0	-
PRPs-agentic-eng	2026-07-30T00:00:00Z	0	plan-review	targeted-retry-writers-consume-reviewer-feedback-in-relay	3	R-COH-MANDATORY-READING-MISSING	1	blocking	0	-
PRPs-agentic-eng	2026-07-30T00:00:00Z	0	plan-review	targeted-retry-writers-consume-reviewer-feedback-in-relay	3	R-COH-OTHER-INTERNAL-CONTRADICTION	0	blocking	0	-
PRPs-agentic-eng	2026-07-30T00:00:00Z	0	plan-review	targeted-retry-writers-consume-reviewer-feedback-in-relay	3	R-COH-PATTERN-SOURCE-MISSING	1	blocking	0	-
PRPs-agentic-eng	2026-07-30T00:00:00Z	0	plan-review	targeted-retry-writers-consume-reviewer-feedback-in-relay	3	R-COH-TASK-AC-MISSING	1	blocking	0	-
PRPs-agentic-eng	2026-07-30T00:00:00Z	0	plan-review	targeted-retry-writers-consume-reviewer-feedback-in-relay	3	R-COH-VALIDATE-ALWAYS-PASS	1	blocking	0	-
PRPs-agentic-eng	2026-07-30T00:00:00Z	0	plan-review	targeted-retry-writers-consume-reviewer-feedback-in-relay	3	R-COH-VALIDATE-FORBIDDEN-GREP-SCOPE	1	blocking	0	-
PRPs-agentic-eng	2026-07-30T00:00:00Z	0	plan-review	targeted-retry-writers-consume-reviewer-feedback-in-relay	3	R-COH-VALIDATE-FRAMEWORK-MISMATCH	1	blocking	0	-
PRPs-agentic-eng	2026-07-30T00:00:00Z	0	plan-review	targeted-retry-writers-consume-reviewer-feedback-in-relay	3	R-COH-VALIDATE-SEARCH-AMBIGUOUS	1	blocking	0	-
PRPs-agentic-eng	2026-07-30T00:00:00Z	0	plan-review	targeted-retry-writers-consume-reviewer-feedback-in-relay	3	R1	1	blocking	0	-
PRPs-agentic-eng	2026-07-30T00:00:00Z	0	plan-review	targeted-retry-writers-consume-reviewer-feedback-in-relay	3	R2	1	blocking	0	-
PRPs-agentic-eng	2026-07-30T00:00:00Z	0	plan-review	targeted-retry-writers-consume-reviewer-feedback-in-relay	3	R3	1	blocking	0	-
PRPs-agentic-eng	2026-07-30T00:00:00Z	0	plan-review	targeted-retry-writers-consume-reviewer-feedback-in-relay	3	R4	1	blocking	0	-
PRPs-agentic-eng	2026-07-30T00:00:00Z	0	plan-review	targeted-retry-writers-consume-reviewer-feedback-in-relay	3	R5	1	blocking	0	-
PRPs-agentic-eng	2026-07-30T00:00:00Z	0	plan-review	targeted-retry-writers-consume-reviewer-feedback-in-relay	3	R6	1	blocking	0	-
PRPs-agentic-eng	2026-07-30T00:00:00Z	0	plan-review	targeted-retry-writers-consume-reviewer-feedback-in-relay	3	R7	1	blocking	0	-
PRPs-agentic-eng	2026-07-30T00:00:00Z	0	plan-review	targeted-retry-writers-consume-reviewer-feedback-in-relay	3	R8	1	blocking	0	-
PRPs-agentic-eng	2026-07-09T00:00:00Z	0	plan-review	test-pair-universalization-phase-1-rename-behavior-preserving	1	R-COH-FILES-UNTOUCHED	1	blocking	0	-
PRPs-agentic-eng	2026-07-09T00:00:00Z	0	plan-review	test-pair-universalization-phase-1-rename-behavior-preserving	1	R-COH-MANDATORY-READING-IRRELEVANT	0	blocking	0	-
PRPs-agentic-eng	2026-07-09T00:00:00Z	0	plan-review	test-pair-universalization-phase-1-rename-behavior-preserving	1	R-COH-MANDATORY-READING-MISSING	1	blocking	0	-
PRPs-agentic-eng	2026-07-09T00:00:00Z	0	plan-review	test-pair-universalization-phase-1-rename-behavior-preserving	1	R-COH-PATTERN-SOURCE-MISSING	1	blocking	0	-
PRPs-agentic-eng	2026-07-09T00:00:00Z	0	plan-review	test-pair-universalization-phase-1-rename-behavior-preserving	1	R-COH-TASK-AC-MISSING	0	blocking	0	-
PRPs-agentic-eng	2026-07-09T00:00:00Z	0	plan-review	test-pair-universalization-phase-1-rename-behavior-preserving	1	R-COH-VALIDATE-FRAMEWORK-MISMATCH	1	blocking	0	-
PRPs-agentic-eng	2026-07-09T00:00:00Z	0	plan-review	test-pair-universalization-phase-1-rename-behavior-preserving	1	R1	1	blocking	0	-
PRPs-agentic-eng	2026-07-09T00:00:00Z	0	plan-review	test-pair-universalization-phase-1-rename-behavior-preserving	1	R2	1	blocking	0	-
PRPs-agentic-eng	2026-07-09T00:00:00Z	0	plan-review	test-pair-universalization-phase-1-rename-behavior-preserving	1	R3	1	blocking	0	-
PRPs-agentic-eng	2026-07-09T00:00:00Z	0	plan-review	test-pair-universalization-phase-1-rename-behavior-preserving	1	R4	1	blocking	0	-
PRPs-agentic-eng	2026-07-09T00:00:00Z	0	plan-review	test-pair-universalization-phase-1-rename-behavior-preserving	1	R5	1	blocking	0	-
PRPs-agentic-eng	2026-07-09T00:00:00Z	0	plan-review	test-pair-universalization-phase-1-rename-behavior-preserving	1	R6	1	blocking	0	-
PRPs-agentic-eng	2026-07-09T00:00:00Z	0	plan-review	test-pair-universalization-phase-1-rename-behavior-preserving	1	R7	1	blocking	0	-
PRPs-agentic-eng	2026-07-09T00:00:00Z	0	plan-review	test-pair-universalization-phase-1-rename-behavior-preserving	1	R8	1	blocking	0	-
PRPs-agentic-eng	2026-07-09T00:00:00Z	0	plan-review	test-pair-universalization-phase-1-rename-behavior-preserving	2	R-COH-FILES-UNTOUCHED	1	blocking	0	-
PRPs-agentic-eng	2026-07-09T00:00:00Z	0	plan-review	test-pair-universalization-phase-1-rename-behavior-preserving	2	R-COH-MANDATORY-READING-MISSING	1	blocking	0	-
PRPs-agentic-eng	2026-07-09T00:00:00Z	0	plan-review	test-pair-universalization-phase-1-rename-behavior-preserving	2	R-COH-PATTERN-SOURCE-MISSING	1	blocking	0	-
PRPs-agentic-eng	2026-07-09T00:00:00Z	0	plan-review	test-pair-universalization-phase-1-rename-behavior-preserving	2	R-COH-TASK-AC-MISSING	1	blocking	0	-
PRPs-agentic-eng	2026-07-09T00:00:00Z	0	plan-review	test-pair-universalization-phase-1-rename-behavior-preserving	2	R-COH-VALIDATE-FRAMEWORK-MISMATCH	1	blocking	0	-
PRPs-agentic-eng	2026-07-09T00:00:00Z	0	plan-review	test-pair-universalization-phase-1-rename-behavior-preserving	2	R1	1	blocking	0	-
PRPs-agentic-eng	2026-07-09T00:00:00Z	0	plan-review	test-pair-universalization-phase-1-rename-behavior-preserving	2	R2	1	blocking	0	-
PRPs-agentic-eng	2026-07-09T00:00:00Z	0	plan-review	test-pair-universalization-phase-1-rename-behavior-preserving	2	R3	1	blocking	0	-
PRPs-agentic-eng	2026-07-09T00:00:00Z	0	plan-review	test-pair-universalization-phase-1-rename-behavior-preserving	2	R4	1	blocking	0	-
PRPs-agentic-eng	2026-07-09T00:00:00Z	0	plan-review	test-pair-universalization-phase-1-rename-behavior-preserving	2	R5	1	blocking	0	-
PRPs-agentic-eng	2026-07-09T00:00:00Z	0	plan-review	test-pair-universalization-phase-1-rename-behavior-preserving	2	R6	1	blocking	0	-
PRPs-agentic-eng	2026-07-09T00:00:00Z	0	plan-review	test-pair-universalization-phase-1-rename-behavior-preserving	2	R7	1	blocking	0	-
PRPs-agentic-eng	2026-07-09T00:00:00Z	0	plan-review	test-pair-universalization-phase-1-rename-behavior-preserving	2	R8	1	blocking	0	-
PRPs-agentic-eng	2026-07-09T00:00:00Z	0	plan-review	test-pair-universalization-phase-2-test-writer-mode-lifecycle	1	R-COH-FILES-UNTOUCHED	1	blocking	0	-
PRPs-agentic-eng	2026-07-09T00:00:00Z	0	plan-review	test-pair-universalization-phase-2-test-writer-mode-lifecycle	1	R-COH-MANDATORY-READING-MISSING	1	blocking	0	-
PRPs-agentic-eng	2026-07-09T00:00:00Z	0	plan-review	test-pair-universalization-phase-2-test-writer-mode-lifecycle	1	R-COH-PATTERN-SOURCE-MISSING	1	blocking	0	-
PRPs-agentic-eng	2026-07-09T00:00:00Z	0	plan-review	test-pair-universalization-phase-2-test-writer-mode-lifecycle	1	R-COH-TASK-AC-MISSING	1	blocking	0	-
PRPs-agentic-eng	2026-07-09T00:00:00Z	0	plan-review	test-pair-universalization-phase-2-test-writer-mode-lifecycle	1	R-COH-VALIDATE-FRAMEWORK-MISMATCH	1	blocking	0	-
PRPs-agentic-eng	2026-07-09T00:00:00Z	0	plan-review	test-pair-universalization-phase-2-test-writer-mode-lifecycle	1	R1	1	blocking	0	-
PRPs-agentic-eng	2026-07-09T00:00:00Z	0	plan-review	test-pair-universalization-phase-2-test-writer-mode-lifecycle	1	R2	1	blocking	0	-
PRPs-agentic-eng	2026-07-09T00:00:00Z	0	plan-review	test-pair-universalization-phase-2-test-writer-mode-lifecycle	1	R3	1	blocking	0	-
PRPs-agentic-eng	2026-07-09T00:00:00Z	0	plan-review	test-pair-universalization-phase-2-test-writer-mode-lifecycle	1	R4	1	blocking	0	-
PRPs-agentic-eng	2026-07-09T00:00:00Z	0	plan-review	test-pair-universalization-phase-2-test-writer-mode-lifecycle	1	R5	1	blocking	0	-
PRPs-agentic-eng	2026-07-09T00:00:00Z	0	plan-review	test-pair-universalization-phase-2-test-writer-mode-lifecycle	1	R6	1	blocking	0	-
PRPs-agentic-eng	2026-07-09T00:00:00Z	0	plan-review	test-pair-universalization-phase-2-test-writer-mode-lifecycle	1	R7	1	blocking	0	-
PRPs-agentic-eng	2026-07-09T00:00:00Z	0	plan-review	test-pair-universalization-phase-2-test-writer-mode-lifecycle	1	R8	1	blocking	0	-
PRPs-agentic-eng	2026-07-10T00:00:00Z	0	plan-review	test-pair-universalization-phase-3-test-reviewer-mode-legitimacy	1	R-COH-FILES-UNTOUCHED	1	blocking	0	-
PRPs-agentic-eng	2026-07-10T00:00:00Z	0	plan-review	test-pair-universalization-phase-3-test-reviewer-mode-legitimacy	1	R-COH-MANDATORY-READING-MISSING	1	blocking	0	-
PRPs-agentic-eng	2026-07-10T00:00:00Z	0	plan-review	test-pair-universalization-phase-3-test-reviewer-mode-legitimacy	1	R-COH-PATTERN-SOURCE-MISSING	1	blocking	0	-
PRPs-agentic-eng	2026-07-10T00:00:00Z	0	plan-review	test-pair-universalization-phase-3-test-reviewer-mode-legitimacy	1	R-COH-TASK-AC-MISSING	0	blocking	0	-
PRPs-agentic-eng	2026-07-10T00:00:00Z	0	plan-review	test-pair-universalization-phase-3-test-reviewer-mode-legitimacy	1	R-COH-VALIDATE-FRAMEWORK-MISMATCH	1	blocking	0	-
PRPs-agentic-eng	2026-07-10T00:00:00Z	0	plan-review	test-pair-universalization-phase-3-test-reviewer-mode-legitimacy	1	R1	1	blocking	0	-
PRPs-agentic-eng	2026-07-10T00:00:00Z	0	plan-review	test-pair-universalization-phase-3-test-reviewer-mode-legitimacy	1	R2	1	blocking	0	-
PRPs-agentic-eng	2026-07-10T00:00:00Z	0	plan-review	test-pair-universalization-phase-3-test-reviewer-mode-legitimacy	1	R3	1	blocking	0	-
PRPs-agentic-eng	2026-07-10T00:00:00Z	0	plan-review	test-pair-universalization-phase-3-test-reviewer-mode-legitimacy	1	R4	1	blocking	0	-
PRPs-agentic-eng	2026-07-10T00:00:00Z	0	plan-review	test-pair-universalization-phase-3-test-reviewer-mode-legitimacy	1	R5	1	blocking	0	-
PRPs-agentic-eng	2026-07-10T00:00:00Z	0	plan-review	test-pair-universalization-phase-3-test-reviewer-mode-legitimacy	1	R6	1	blocking	0	-
PRPs-agentic-eng	2026-07-10T00:00:00Z	0	plan-review	test-pair-universalization-phase-3-test-reviewer-mode-legitimacy	1	R7	1	blocking	0	-
PRPs-agentic-eng	2026-07-10T00:00:00Z	0	plan-review	test-pair-universalization-phase-3-test-reviewer-mode-legitimacy	1	R8	1	blocking	0	-
PRPs-agentic-eng	2026-07-10T00:15:00Z	0	plan-review	test-pair-universalization-phase-3-test-reviewer-mode-legitimacy	2	R-COH-FILES-UNTOUCHED	1	blocking	0	-
PRPs-agentic-eng	2026-07-10T00:15:00Z	0	plan-review	test-pair-universalization-phase-3-test-reviewer-mode-legitimacy	2	R-COH-MANDATORY-READING-MISSING	1	blocking	0	-
PRPs-agentic-eng	2026-07-10T00:15:00Z	0	plan-review	test-pair-universalization-phase-3-test-reviewer-mode-legitimacy	2	R-COH-PATTERN-SOURCE-MISSING	1	blocking	0	-
PRPs-agentic-eng	2026-07-10T00:15:00Z	0	plan-review	test-pair-universalization-phase-3-test-reviewer-mode-legitimacy	2	R-COH-TASK-AC-MISSING	1	blocking	0	-
PRPs-agentic-eng	2026-07-10T00:15:00Z	0	plan-review	test-pair-universalization-phase-3-test-reviewer-mode-legitimacy	2	R-COH-VALIDATE-FRAMEWORK-MISMATCH	1	blocking	0	-
PRPs-agentic-eng	2026-07-10T00:15:00Z	0	plan-review	test-pair-universalization-phase-3-test-reviewer-mode-legitimacy	2	R1	1	blocking	0	-
PRPs-agentic-eng	2026-07-10T00:15:00Z	0	plan-review	test-pair-universalization-phase-3-test-reviewer-mode-legitimacy	2	R2	1	blocking	0	-
PRPs-agentic-eng	2026-07-10T00:15:00Z	0	plan-review	test-pair-universalization-phase-3-test-reviewer-mode-legitimacy	2	R3	1	blocking	0	-
PRPs-agentic-eng	2026-07-10T00:15:00Z	0	plan-review	test-pair-universalization-phase-3-test-reviewer-mode-legitimacy	2	R4	1	blocking	0	-
PRPs-agentic-eng	2026-07-10T00:15:00Z	0	plan-review	test-pair-universalization-phase-3-test-reviewer-mode-legitimacy	2	R5	1	blocking	0	-
PRPs-agentic-eng	2026-07-10T00:15:00Z	0	plan-review	test-pair-universalization-phase-3-test-reviewer-mode-legitimacy	2	R6	1	blocking	0	-
PRPs-agentic-eng	2026-07-10T00:15:00Z	0	plan-review	test-pair-universalization-phase-3-test-reviewer-mode-legitimacy	2	R7	1	blocking	0	-
PRPs-agentic-eng	2026-07-10T00:15:00Z	0	plan-review	test-pair-universalization-phase-3-test-reviewer-mode-legitimacy	2	R8	1	blocking	0	-
PRPs-agentic-eng	2026-07-10T12:00:00Z	0	plan-review	test-pair-universalization-phase-4-post-green-b5-ledger-awareness	1	R-COH-FILES-UNTOUCHED	1	blocking	0	-
PRPs-agentic-eng	2026-07-10T12:00:00Z	0	plan-review	test-pair-universalization-phase-4-post-green-b5-ledger-awareness	1	R-COH-MANDATORY-READING-MISSING	1	blocking	0	-
PRPs-agentic-eng	2026-07-10T12:00:00Z	0	plan-review	test-pair-universalization-phase-4-post-green-b5-ledger-awareness	1	R-COH-OTHER-INTERNAL-CONTRADICTION	0	blocking	0	-
PRPs-agentic-eng	2026-07-10T12:00:00Z	0	plan-review	test-pair-universalization-phase-4-post-green-b5-ledger-awareness	1	R-COH-PATTERN-SOURCE-MISSING	1	blocking	0	-
PRPs-agentic-eng	2026-07-10T12:00:00Z	0	plan-review	test-pair-universalization-phase-4-post-green-b5-ledger-awareness	1	R-COH-TASK-AC-MISSING	1	blocking	0	-
PRPs-agentic-eng	2026-07-10T12:00:00Z	0	plan-review	test-pair-universalization-phase-4-post-green-b5-ledger-awareness	1	R-COH-VALIDATE-FRAMEWORK-MISMATCH	1	blocking	0	-
PRPs-agentic-eng	2026-07-10T12:00:00Z	0	plan-review	test-pair-universalization-phase-4-post-green-b5-ledger-awareness	1	R1	1	blocking	0	-
PRPs-agentic-eng	2026-07-10T12:00:00Z	0	plan-review	test-pair-universalization-phase-4-post-green-b5-ledger-awareness	1	R2	1	blocking	0	-
PRPs-agentic-eng	2026-07-10T12:00:00Z	0	plan-review	test-pair-universalization-phase-4-post-green-b5-ledger-awareness	1	R3	1	blocking	0	-
PRPs-agentic-eng	2026-07-10T12:00:00Z	0	plan-review	test-pair-universalization-phase-4-post-green-b5-ledger-awareness	1	R4	1	blocking	0	-
PRPs-agentic-eng	2026-07-10T12:00:00Z	0	plan-review	test-pair-universalization-phase-4-post-green-b5-ledger-awareness	1	R5	1	blocking	0	-
PRPs-agentic-eng	2026-07-10T12:00:00Z	0	plan-review	test-pair-universalization-phase-4-post-green-b5-ledger-awareness	1	R6	1	blocking	0	-
PRPs-agentic-eng	2026-07-10T12:00:00Z	0	plan-review	test-pair-universalization-phase-4-post-green-b5-ledger-awareness	1	R7	1	blocking	0	-
PRPs-agentic-eng	2026-07-10T12:00:00Z	0	plan-review	test-pair-universalization-phase-4-post-green-b5-ledger-awareness	1	R8	1	blocking	0	-
PRPs-agentic-eng	2026-07-10T18:00:00Z	0	plan-review	test-pair-universalization-phase-4-post-green-b5-ledger-awareness	2	R-COH-FILES-UNTOUCHED	1	blocking	0	-
PRPs-agentic-eng	2026-07-10T18:00:00Z	0	plan-review	test-pair-universalization-phase-4-post-green-b5-ledger-awareness	2	R-COH-MANDATORY-READING-MISSING	1	blocking	0	-
PRPs-agentic-eng	2026-07-10T18:00:00Z	0	plan-review	test-pair-universalization-phase-4-post-green-b5-ledger-awareness	2	R-COH-PATTERN-SOURCE-MISSING	1	blocking	0	-
PRPs-agentic-eng	2026-07-10T18:00:00Z	0	plan-review	test-pair-universalization-phase-4-post-green-b5-ledger-awareness	2	R-COH-TASK-AC-MISSING	1	blocking	0	-
PRPs-agentic-eng	2026-07-10T18:00:00Z	0	plan-review	test-pair-universalization-phase-4-post-green-b5-ledger-awareness	2	R-COH-VALIDATE-FRAMEWORK-MISMATCH	1	blocking	0	-
PRPs-agentic-eng	2026-07-10T18:00:00Z	0	plan-review	test-pair-universalization-phase-4-post-green-b5-ledger-awareness	2	R1	1	blocking	0	-
PRPs-agentic-eng	2026-07-10T18:00:00Z	0	plan-review	test-pair-universalization-phase-4-post-green-b5-ledger-awareness	2	R2	1	blocking	0	-
PRPs-agentic-eng	2026-07-10T18:00:00Z	0	plan-review	test-pair-universalization-phase-4-post-green-b5-ledger-awareness	2	R3	1	blocking	0	-
PRPs-agentic-eng	2026-07-10T18:00:00Z	0	plan-review	test-pair-universalization-phase-4-post-green-b5-ledger-awareness	2	R4	1	blocking	0	-
PRPs-agentic-eng	2026-07-10T18:00:00Z	0	plan-review	test-pair-universalization-phase-4-post-green-b5-ledger-awareness	2	R5	1	blocking	0	-
PRPs-agentic-eng	2026-07-10T18:00:00Z	0	plan-review	test-pair-universalization-phase-4-post-green-b5-ledger-awareness	2	R6	1	blocking	0	-
PRPs-agentic-eng	2026-07-10T18:00:00Z	0	plan-review	test-pair-universalization-phase-4-post-green-b5-ledger-awareness	2	R7	1	blocking	0	-
PRPs-agentic-eng	2026-07-10T18:00:00Z	0	plan-review	test-pair-universalization-phase-4-post-green-b5-ledger-awareness	2	R8	1	blocking	0	-
PRPs-agentic-eng	2026-07-12T00:00:00Z	0	plan-review	validation-suite-phase-1-harness-scaffold	1	R-COH-FILES-UNTOUCHED	1	blocking	0	-
PRPs-agentic-eng	2026-07-12T00:00:00Z	0	plan-review	validation-suite-phase-1-harness-scaffold	1	R-COH-MANDATORY-READING-MISSING	1	blocking	0	-
PRPs-agentic-eng	2026-07-12T00:00:00Z	0	plan-review	validation-suite-phase-1-harness-scaffold	1	R-COH-PATTERN-SOURCE-MISSING	1	blocking	0	-
PRPs-agentic-eng	2026-07-12T00:00:00Z	0	plan-review	validation-suite-phase-1-harness-scaffold	1	R-COH-TASK-AC-MISSING	0	blocking	0	-
PRPs-agentic-eng	2026-07-12T00:00:00Z	0	plan-review	validation-suite-phase-1-harness-scaffold	1	R-COH-VALIDATE-ALWAYS-PASS	1	blocking	0	-
PRPs-agentic-eng	2026-07-12T00:00:00Z	0	plan-review	validation-suite-phase-1-harness-scaffold	1	R-COH-VALIDATE-FRAMEWORK-MISMATCH	1	blocking	0	-
PRPs-agentic-eng	2026-07-12T00:00:00Z	0	plan-review	validation-suite-phase-1-harness-scaffold	1	R1	1	blocking	0	-
PRPs-agentic-eng	2026-07-12T00:00:00Z	0	plan-review	validation-suite-phase-1-harness-scaffold	1	R2	1	blocking	0	-
PRPs-agentic-eng	2026-07-12T00:00:00Z	0	plan-review	validation-suite-phase-1-harness-scaffold	1	R3	1	blocking	0	-
PRPs-agentic-eng	2026-07-12T00:00:00Z	0	plan-review	validation-suite-phase-1-harness-scaffold	1	R4	1	blocking	0	-
PRPs-agentic-eng	2026-07-12T00:00:00Z	0	plan-review	validation-suite-phase-1-harness-scaffold	1	R5	1	blocking	0	-
PRPs-agentic-eng	2026-07-12T00:00:00Z	0	plan-review	validation-suite-phase-1-harness-scaffold	1	R6	1	blocking	0	-
PRPs-agentic-eng	2026-07-12T00:00:00Z	0	plan-review	validation-suite-phase-1-harness-scaffold	1	R7	1	blocking	0	-
PRPs-agentic-eng	2026-07-12T00:00:00Z	0	plan-review	validation-suite-phase-1-harness-scaffold	1	R8	1	blocking	0	-
PRPs-agentic-eng	2026-07-12T12:00:00Z	0	plan-review	validation-suite-phase-1-harness-scaffold	2	R-COH-FILES-UNTOUCHED	1	blocking	0	-
PRPs-agentic-eng	2026-07-12T12:00:00Z	0	plan-review	validation-suite-phase-1-harness-scaffold	2	R-COH-MANDATORY-READING-MISSING	1	blocking	0	-
PRPs-agentic-eng	2026-07-12T12:00:00Z	0	plan-review	validation-suite-phase-1-harness-scaffold	2	R-COH-PATTERN-SOURCE-MISSING	1	blocking	0	-
PRPs-agentic-eng	2026-07-12T12:00:00Z	0	plan-review	validation-suite-phase-1-harness-scaffold	2	R-COH-TASK-AC-MISSING	1	blocking	0	-
PRPs-agentic-eng	2026-07-12T12:00:00Z	0	plan-review	validation-suite-phase-1-harness-scaffold	2	R-COH-VALIDATE-ALWAYS-PASS	1	blocking	0	-
PRPs-agentic-eng	2026-07-12T12:00:00Z	0	plan-review	validation-suite-phase-1-harness-scaffold	2	R-COH-VALIDATE-FRAMEWORK-MISMATCH	1	blocking	0	-
PRPs-agentic-eng	2026-07-12T12:00:00Z	0	plan-review	validation-suite-phase-1-harness-scaffold	2	R1	1	blocking	0	-
PRPs-agentic-eng	2026-07-12T12:00:00Z	0	plan-review	validation-suite-phase-1-harness-scaffold	2	R2	1	blocking	0	-
PRPs-agentic-eng	2026-07-12T12:00:00Z	0	plan-review	validation-suite-phase-1-harness-scaffold	2	R3	1	blocking	0	-
PRPs-agentic-eng	2026-07-12T12:00:00Z	0	plan-review	validation-suite-phase-1-harness-scaffold	2	R4	1	blocking	0	-
PRPs-agentic-eng	2026-07-12T12:00:00Z	0	plan-review	validation-suite-phase-1-harness-scaffold	2	R5	1	blocking	0	-
PRPs-agentic-eng	2026-07-12T12:00:00Z	0	plan-review	validation-suite-phase-1-harness-scaffold	2	R6	1	blocking	0	-
PRPs-agentic-eng	2026-07-12T12:00:00Z	0	plan-review	validation-suite-phase-1-harness-scaffold	2	R7	1	blocking	0	-
PRPs-agentic-eng	2026-07-12T12:00:00Z	0	plan-review	validation-suite-phase-1-harness-scaffold	2	R8	1	blocking	0	-
PRPs-agentic-eng	2026-07-13T00:00:00Z	0	plan-review	validation-suite-phase-2-static-checks	1	R-COH-FILES-UNTOUCHED	1	blocking	0	-
PRPs-agentic-eng	2026-07-13T00:00:00Z	0	plan-review	validation-suite-phase-2-static-checks	1	R-COH-MANDATORY-READING-MISSING	1	blocking	0	-
PRPs-agentic-eng	2026-07-13T00:00:00Z	0	plan-review	validation-suite-phase-2-static-checks	1	R-COH-PATTERN-SOURCE-MISSING	1	blocking	0	-
PRPs-agentic-eng	2026-07-13T00:00:00Z	0	plan-review	validation-suite-phase-2-static-checks	1	R-COH-TASK-AC-MISSING	1	blocking	0	-
PRPs-agentic-eng	2026-07-13T00:00:00Z	0	plan-review	validation-suite-phase-2-static-checks	1	R-COH-VALIDATE-ALWAYS-PASS	1	blocking	0	-
PRPs-agentic-eng	2026-07-13T00:00:00Z	0	plan-review	validation-suite-phase-2-static-checks	1	R-COH-VALIDATE-FRAMEWORK-MISMATCH	1	blocking	0	-
PRPs-agentic-eng	2026-07-13T00:00:00Z	0	plan-review	validation-suite-phase-2-static-checks	1	R1	1	blocking	0	-
PRPs-agentic-eng	2026-07-13T00:00:00Z	0	plan-review	validation-suite-phase-2-static-checks	1	R2	1	blocking	0	-
PRPs-agentic-eng	2026-07-13T00:00:00Z	0	plan-review	validation-suite-phase-2-static-checks	1	R3	1	blocking	0	-
PRPs-agentic-eng	2026-07-13T00:00:00Z	0	plan-review	validation-suite-phase-2-static-checks	1	R4	1	blocking	0	-
PRPs-agentic-eng	2026-07-13T00:00:00Z	0	plan-review	validation-suite-phase-2-static-checks	1	R5	1	blocking	0	-
PRPs-agentic-eng	2026-07-13T00:00:00Z	0	plan-review	validation-suite-phase-2-static-checks	1	R6	1	blocking	0	-
PRPs-agentic-eng	2026-07-13T00:00:00Z	0	plan-review	validation-suite-phase-2-static-checks	1	R7	1	blocking	0	-
PRPs-agentic-eng	2026-07-13T00:00:00Z	0	plan-review	validation-suite-phase-2-static-checks	1	R8	1	blocking	0	-
PRPs-agentic-eng	2026-07-13T12:00:00Z	0	plan-review	validation-suite-phase-3-go-green	1	R-COH-FILES-UNTOUCHED	1	blocking	0	-
PRPs-agentic-eng	2026-07-13T12:00:00Z	0	plan-review	validation-suite-phase-3-go-green	1	R-COH-MANDATORY-READING-MISSING	1	blocking	0	-
PRPs-agentic-eng	2026-07-13T12:00:00Z	0	plan-review	validation-suite-phase-3-go-green	1	R-COH-PATTERN-SOURCE-MISSING	1	blocking	0	-
PRPs-agentic-eng	2026-07-13T12:00:00Z	0	plan-review	validation-suite-phase-3-go-green	1	R-COH-TASK-AC-MISSING	1	blocking	0	-
PRPs-agentic-eng	2026-07-13T12:00:00Z	0	plan-review	validation-suite-phase-3-go-green	1	R-COH-VALIDATE-ALWAYS-PASS	1	blocking	0	-
PRPs-agentic-eng	2026-07-13T12:00:00Z	0	plan-review	validation-suite-phase-3-go-green	1	R-COH-VALIDATE-FRAMEWORK-MISMATCH	1	blocking	0	-
PRPs-agentic-eng	2026-07-13T12:00:00Z	0	plan-review	validation-suite-phase-3-go-green	1	R1	1	blocking	0	-
PRPs-agentic-eng	2026-07-13T12:00:00Z	0	plan-review	validation-suite-phase-3-go-green	1	R2	1	blocking	0	-
PRPs-agentic-eng	2026-07-13T12:00:00Z	0	plan-review	validation-suite-phase-3-go-green	1	R3	1	blocking	0	-
PRPs-agentic-eng	2026-07-13T12:00:00Z	0	plan-review	validation-suite-phase-3-go-green	1	R4	1	blocking	0	-
PRPs-agentic-eng	2026-07-13T12:00:00Z	0	plan-review	validation-suite-phase-3-go-green	1	R5	1	blocking	0	-
PRPs-agentic-eng	2026-07-13T12:00:00Z	0	plan-review	validation-suite-phase-3-go-green	1	R6	1	blocking	0	-
PRPs-agentic-eng	2026-07-13T12:00:00Z	0	plan-review	validation-suite-phase-3-go-green	1	R7	1	blocking	0	-
PRPs-agentic-eng	2026-07-13T12:00:00Z	0	plan-review	validation-suite-phase-3-go-green	1	R8	1	blocking	0	-
PRPs-agentic-eng	2026-07-13T00:00:00Z	0	plan-review	validation-suite-phase-4-pre-commit-wiring	1	R-COH-FILES-UNTOUCHED	1	blocking	0	-
PRPs-agentic-eng	2026-07-13T00:00:00Z	0	plan-review	validation-suite-phase-4-pre-commit-wiring	1	R-COH-MANDATORY-READING-MISSING	1	blocking	0	-
PRPs-agentic-eng	2026-07-13T00:00:00Z	0	plan-review	validation-suite-phase-4-pre-commit-wiring	1	R-COH-PATTERN-SOURCE-MISSING	1	blocking	0	-
PRPs-agentic-eng	2026-07-13T00:00:00Z	0	plan-review	validation-suite-phase-4-pre-commit-wiring	1	R-COH-TASK-AC-MISSING	1	blocking	0	-
PRPs-agentic-eng	2026-07-13T00:00:00Z	0	plan-review	validation-suite-phase-4-pre-commit-wiring	1	R-COH-VALIDATE-ALWAYS-PASS	0	blocking	0	-
PRPs-agentic-eng	2026-07-13T00:00:00Z	0	plan-review	validation-suite-phase-4-pre-commit-wiring	1	R-COH-VALIDATE-FRAMEWORK-MISMATCH	0	blocking	0	-
PRPs-agentic-eng	2026-07-13T00:00:00Z	0	plan-review	validation-suite-phase-4-pre-commit-wiring	1	R1	1	blocking	0	-
PRPs-agentic-eng	2026-07-13T00:00:00Z	0	plan-review	validation-suite-phase-4-pre-commit-wiring	1	R2	1	blocking	0	-
PRPs-agentic-eng	2026-07-13T00:00:00Z	0	plan-review	validation-suite-phase-4-pre-commit-wiring	1	R3	1	blocking	0	-
PRPs-agentic-eng	2026-07-13T00:00:00Z	0	plan-review	validation-suite-phase-4-pre-commit-wiring	1	R4	1	blocking	0	-
PRPs-agentic-eng	2026-07-13T00:00:00Z	0	plan-review	validation-suite-phase-4-pre-commit-wiring	1	R5	1	blocking	0	-
PRPs-agentic-eng	2026-07-13T00:00:00Z	0	plan-review	validation-suite-phase-4-pre-commit-wiring	1	R6	1	blocking	0	-
PRPs-agentic-eng	2026-07-13T00:00:00Z	0	plan-review	validation-suite-phase-4-pre-commit-wiring	1	R7	1	blocking	0	-
PRPs-agentic-eng	2026-07-13T00:00:00Z	0	plan-review	validation-suite-phase-4-pre-commit-wiring	1	R8	1	blocking	0	-
PRPs-agentic-eng	2026-07-13T00:05:00Z	0	plan-review	validation-suite-phase-4-pre-commit-wiring	2	R-COH-FILES-UNTOUCHED	1	blocking	0	-
PRPs-agentic-eng	2026-07-13T00:05:00Z	0	plan-review	validation-suite-phase-4-pre-commit-wiring	2	R-COH-MANDATORY-READING-MISSING	1	blocking	0	-
PRPs-agentic-eng	2026-07-13T00:05:00Z	0	plan-review	validation-suite-phase-4-pre-commit-wiring	2	R-COH-PATTERN-SOURCE-MISSING	1	blocking	0	-
PRPs-agentic-eng	2026-07-13T00:05:00Z	0	plan-review	validation-suite-phase-4-pre-commit-wiring	2	R-COH-TASK-AC-MISSING	1	blocking	0	-
PRPs-agentic-eng	2026-07-13T00:05:00Z	0	plan-review	validation-suite-phase-4-pre-commit-wiring	2	R-COH-VALIDATE-ALWAYS-PASS	1	blocking	0	-
PRPs-agentic-eng	2026-07-13T00:05:00Z	0	plan-review	validation-suite-phase-4-pre-commit-wiring	2	R-COH-VALIDATE-FRAMEWORK-MISMATCH	1	blocking	0	-
PRPs-agentic-eng	2026-07-13T00:05:00Z	0	plan-review	validation-suite-phase-4-pre-commit-wiring	2	R1	1	blocking	0	-
PRPs-agentic-eng	2026-07-13T00:05:00Z	0	plan-review	validation-suite-phase-4-pre-commit-wiring	2	R2	1	blocking	0	-
PRPs-agentic-eng	2026-07-13T00:05:00Z	0	plan-review	validation-suite-phase-4-pre-commit-wiring	2	R3	1	blocking	0	-
PRPs-agentic-eng	2026-07-13T00:05:00Z	0	plan-review	validation-suite-phase-4-pre-commit-wiring	2	R4	1	blocking	0	-
PRPs-agentic-eng	2026-07-13T00:05:00Z	0	plan-review	validation-suite-phase-4-pre-commit-wiring	2	R5	1	blocking	0	-
PRPs-agentic-eng	2026-07-13T00:05:00Z	0	plan-review	validation-suite-phase-4-pre-commit-wiring	2	R6	1	blocking	0	-
PRPs-agentic-eng	2026-07-13T00:05:00Z	0	plan-review	validation-suite-phase-4-pre-commit-wiring	2	R7	1	blocking	0	-
PRPs-agentic-eng	2026-07-13T00:05:00Z	0	plan-review	validation-suite-phase-4-pre-commit-wiring	2	R8	1	blocking	0	-
PRPs-agentic-eng	2026-07-13T00:00:00Z	0	plan-review	validation-suite-phase-5-eval-layer	1	R-COH-FILES-UNTOUCHED	1	blocking	0	-
PRPs-agentic-eng	2026-07-13T00:00:00Z	0	plan-review	validation-suite-phase-5-eval-layer	1	R-COH-MANDATORY-READING-MISSING	1	blocking	0	-
PRPs-agentic-eng	2026-07-13T00:00:00Z	0	plan-review	validation-suite-phase-5-eval-layer	1	R-COH-PATTERN-SOURCE-MISSING	1	blocking	0	-
PRPs-agentic-eng	2026-07-13T00:00:00Z	0	plan-review	validation-suite-phase-5-eval-layer	1	R-COH-TASK-AC-MISSING	1	blocking	0	-
PRPs-agentic-eng	2026-07-13T00:00:00Z	0	plan-review	validation-suite-phase-5-eval-layer	1	R-COH-VALIDATE-ALWAYS-PASS	1	blocking	0	-
PRPs-agentic-eng	2026-07-13T00:00:00Z	0	plan-review	validation-suite-phase-5-eval-layer	1	R-COH-VALIDATE-FRAMEWORK-MISMATCH	1	blocking	0	-
PRPs-agentic-eng	2026-07-13T00:00:00Z	0	plan-review	validation-suite-phase-5-eval-layer	1	R1	1	blocking	0	-
PRPs-agentic-eng	2026-07-13T00:00:00Z	0	plan-review	validation-suite-phase-5-eval-layer	1	R2	1	blocking	0	-
PRPs-agentic-eng	2026-07-13T00:00:00Z	0	plan-review	validation-suite-phase-5-eval-layer	1	R3	1	blocking	0	-
PRPs-agentic-eng	2026-07-13T00:00:00Z	0	plan-review	validation-suite-phase-5-eval-layer	1	R4	1	blocking	0	-
PRPs-agentic-eng	2026-07-13T00:00:00Z	0	plan-review	validation-suite-phase-5-eval-layer	1	R5	1	blocking	0	-
PRPs-agentic-eng	2026-07-13T00:00:00Z	0	plan-review	validation-suite-phase-5-eval-layer	1	R6	1	blocking	0	-
PRPs-agentic-eng	2026-07-13T00:00:00Z	0	plan-review	validation-suite-phase-5-eval-layer	1	R7	1	blocking	0	-
PRPs-agentic-eng	2026-07-13T00:00:00Z	0	plan-review	validation-suite-phase-5-eval-layer	1	R8	1	blocking	0	-
PRPs-agentic-eng	2026-07-31T18:54:44Z	0	test-write-review	add-an-11th-static-check-to-scriptsvalidate-that	1	R-AC-COVERAGE	0	blocking	0	-
PRPs-agentic-eng	2026-07-31T18:54:44Z	0	test-write-review	add-an-11th-static-check-to-scriptsvalidate-that	1	R-DUPLICATE	1	blocking	0	-
PRPs-agentic-eng	2026-07-31T18:54:44Z	0	test-write-review	add-an-11th-static-check-to-scriptsvalidate-that	1	R-GREEN-LEGITIMATE	1	blocking	0	-
PRPs-agentic-eng	2026-07-31T18:54:44Z	0	test-write-review	add-an-11th-static-check-to-scriptsvalidate-that	1	R-IMPL-LEAK	1	blocking	0	-
PRPs-agentic-eng	2026-07-31T18:54:44Z	0	test-write-review	add-an-11th-static-check-to-scriptsvalidate-that	1	R-LIFECYCLE-LEGITIMATE	1	blocking	0	-
PRPs-agentic-eng	2026-07-31T18:54:44Z	0	test-write-review	add-an-11th-static-check-to-scriptsvalidate-that	1	R-MOCK-ABUSE	1	blocking	0	-
PRPs-agentic-eng	2026-07-31T18:54:44Z	0	test-write-review	add-an-11th-static-check-to-scriptsvalidate-that	1	R-TRIVIAL-ASSERT	1	blocking	0	-
PRPs-agentic-eng	2026-07-31T19:01:39Z	0	test-write-review	add-an-11th-static-check-to-scriptsvalidate-that	2	R-AC-COVERAGE	1	blocking	0	-
PRPs-agentic-eng	2026-07-31T19:01:39Z	0	test-write-review	add-an-11th-static-check-to-scriptsvalidate-that	2	R-DUPLICATE	1	blocking	0	-
PRPs-agentic-eng	2026-07-31T19:01:39Z	0	test-write-review	add-an-11th-static-check-to-scriptsvalidate-that	2	R-GREEN-LEGITIMATE	1	blocking	0	-
PRPs-agentic-eng	2026-07-31T19:01:39Z	0	test-write-review	add-an-11th-static-check-to-scriptsvalidate-that	2	R-IMPL-LEAK	1	blocking	0	-
PRPs-agentic-eng	2026-07-31T19:01:39Z	0	test-write-review	add-an-11th-static-check-to-scriptsvalidate-that	2	R-LIFECYCLE-LEGITIMATE	1	blocking	0	-
PRPs-agentic-eng	2026-07-31T19:01:39Z	0	test-write-review	add-an-11th-static-check-to-scriptsvalidate-that	2	R-MOCK-ABUSE	1	blocking	0	-
PRPs-agentic-eng	2026-07-31T19:01:39Z	0	test-write-review	add-an-11th-static-check-to-scriptsvalidate-that	2	R-TRIVIAL-ASSERT	1	blocking	0	-
PRPs-agentic-eng	2026-07-28T16:40:37Z	0	test-write-review	add-an-8th-fixed-deterministic-check-r-coh-validate-search	1	R-AC-COVERAGE	0	blocking	0	-
PRPs-agentic-eng	2026-07-28T16:40:37Z	0	test-write-review	add-an-8th-fixed-deterministic-check-r-coh-validate-search	1	R-DUPLICATE	1	blocking	0	-
PRPs-agentic-eng	2026-07-28T16:40:37Z	0	test-write-review	add-an-8th-fixed-deterministic-check-r-coh-validate-search	1	R-GREEN-LEGITIMATE	1	blocking	0	-
PRPs-agentic-eng	2026-07-28T16:40:37Z	0	test-write-review	add-an-8th-fixed-deterministic-check-r-coh-validate-search	1	R-IMPL-LEAK	1	blocking	0	-
PRPs-agentic-eng	2026-07-28T16:40:37Z	0	test-write-review	add-an-8th-fixed-deterministic-check-r-coh-validate-search	1	R-LIFECYCLE-LEGITIMATE	1	blocking	0	-
PRPs-agentic-eng	2026-07-28T16:40:37Z	0	test-write-review	add-an-8th-fixed-deterministic-check-r-coh-validate-search	1	R-MOCK-ABUSE	1	blocking	0	-
PRPs-agentic-eng	2026-07-28T16:40:37Z	0	test-write-review	add-an-8th-fixed-deterministic-check-r-coh-validate-search	1	R-TRIVIAL-ASSERT	1	blocking	0	-
PRPs-agentic-eng	2026-07-28T17:02:07Z	0	test-write-review	add-an-8th-fixed-deterministic-check-r-coh-validate-search	2	R-AC-COVERAGE	1	blocking	0	-
PRPs-agentic-eng	2026-07-28T17:02:07Z	0	test-write-review	add-an-8th-fixed-deterministic-check-r-coh-validate-search	2	R-DUPLICATE	1	blocking	0	-
PRPs-agentic-eng	2026-07-28T17:02:07Z	0	test-write-review	add-an-8th-fixed-deterministic-check-r-coh-validate-search	2	R-GREEN-LEGITIMATE	1	blocking	0	-
PRPs-agentic-eng	2026-07-28T17:02:07Z	0	test-write-review	add-an-8th-fixed-deterministic-check-r-coh-validate-search	2	R-IMPL-LEAK	1	blocking	0	-
PRPs-agentic-eng	2026-07-28T17:02:07Z	0	test-write-review	add-an-8th-fixed-deterministic-check-r-coh-validate-search	2	R-LIFECYCLE-LEGITIMATE	1	blocking	0	-
PRPs-agentic-eng	2026-07-28T17:02:07Z	0	test-write-review	add-an-8th-fixed-deterministic-check-r-coh-validate-search	2	R-MOCK-ABUSE	1	blocking	0	-
PRPs-agentic-eng	2026-07-28T17:02:07Z	0	test-write-review	add-an-8th-fixed-deterministic-check-r-coh-validate-search	2	R-TRIVIAL-ASSERT	1	blocking	0	-
PRPs-agentic-eng	2026-07-29T12:17:37Z	0	test-write-review	changelog-position-assertions	1	R-AC-COVERAGE	1	blocking	0	-
PRPs-agentic-eng	2026-07-29T12:17:37Z	0	test-write-review	changelog-position-assertions	1	R-DUPLICATE	1	blocking	0	-
PRPs-agentic-eng	2026-07-29T12:17:37Z	0	test-write-review	changelog-position-assertions	1	R-GREEN-LEGITIMATE	1	blocking	0	-
PRPs-agentic-eng	2026-07-29T12:17:37Z	0	test-write-review	changelog-position-assertions	1	R-IMPL-LEAK	1	blocking	0	-
PRPs-agentic-eng	2026-07-29T12:17:37Z	0	test-write-review	changelog-position-assertions	1	R-LIFECYCLE-LEGITIMATE	1	blocking	0	-
PRPs-agentic-eng	2026-07-29T12:17:37Z	0	test-write-review	changelog-position-assertions	1	R-MOCK-ABUSE	1	blocking	0	-
PRPs-agentic-eng	2026-07-29T12:17:37Z	0	test-write-review	changelog-position-assertions	1	R-TRIVIAL-ASSERT	1	blocking	0	-
PRPs-agentic-eng	2026-07-29T12:42:08Z	0	test-write-review	changelog-position-assertions	2	R-AC-COVERAGE	1	blocking	0	-
PRPs-agentic-eng	2026-07-29T12:42:08Z	0	test-write-review	changelog-position-assertions	2	R-DUPLICATE	1	blocking	0	-
PRPs-agentic-eng	2026-07-29T12:42:08Z	0	test-write-review	changelog-position-assertions	2	R-GREEN-LEGITIMATE	1	blocking	0	-
PRPs-agentic-eng	2026-07-29T12:42:08Z	0	test-write-review	changelog-position-assertions	2	R-IMPL-LEAK	1	blocking	0	-
PRPs-agentic-eng	2026-07-29T12:42:08Z	0	test-write-review	changelog-position-assertions	2	R-LIFECYCLE-LEGITIMATE	1	blocking	0	-
PRPs-agentic-eng	2026-07-29T12:42:08Z	0	test-write-review	changelog-position-assertions	2	R-MOCK-ABUSE	1	blocking	0	-
PRPs-agentic-eng	2026-07-29T12:42:08Z	0	test-write-review	changelog-position-assertions	2	R-TRIVIAL-ASSERT	1	blocking	0	-
PRPs-agentic-eng	2026-07-31T22:03:00Z	0	test-write-review	close-the-consumer-half-of-the-v0250-reviewstartedat	1	R-AC-COVERAGE	0	blocking	0	-
PRPs-agentic-eng	2026-07-31T22:03:00Z	0	test-write-review	close-the-consumer-half-of-the-v0250-reviewstartedat	1	R-DUPLICATE	1	blocking	0	-
PRPs-agentic-eng	2026-07-31T22:03:00Z	0	test-write-review	close-the-consumer-half-of-the-v0250-reviewstartedat	1	R-GREEN-LEGITIMATE	1	blocking	0	-
PRPs-agentic-eng	2026-07-31T22:03:00Z	0	test-write-review	close-the-consumer-half-of-the-v0250-reviewstartedat	1	R-IMPL-LEAK	1	blocking	0	-
PRPs-agentic-eng	2026-07-31T22:03:00Z	0	test-write-review	close-the-consumer-half-of-the-v0250-reviewstartedat	1	R-LIFECYCLE-LEGITIMATE	1	blocking	0	-
PRPs-agentic-eng	2026-07-31T22:03:00Z	0	test-write-review	close-the-consumer-half-of-the-v0250-reviewstartedat	1	R-MOCK-ABUSE	1	blocking	0	-
PRPs-agentic-eng	2026-07-31T22:03:00Z	0	test-write-review	close-the-consumer-half-of-the-v0250-reviewstartedat	1	R-TRIVIAL-ASSERT	1	blocking	0	-
PRPs-agentic-eng	2026-07-31T22:19:31Z	0	test-write-review	close-the-consumer-half-of-the-v0250-reviewstartedat	2	R-AC-COVERAGE	1	blocking	0	-
PRPs-agentic-eng	2026-07-31T22:19:31Z	0	test-write-review	close-the-consumer-half-of-the-v0250-reviewstartedat	2	R-DUPLICATE	1	blocking	0	-
PRPs-agentic-eng	2026-07-31T22:19:31Z	0	test-write-review	close-the-consumer-half-of-the-v0250-reviewstartedat	2	R-GREEN-LEGITIMATE	1	blocking	0	-
PRPs-agentic-eng	2026-07-31T22:19:31Z	0	test-write-review	close-the-consumer-half-of-the-v0250-reviewstartedat	2	R-IMPL-LEAK	1	blocking	0	-
PRPs-agentic-eng	2026-07-31T22:19:31Z	0	test-write-review	close-the-consumer-half-of-the-v0250-reviewstartedat	2	R-LIFECYCLE-LEGITIMATE	1	blocking	0	-
PRPs-agentic-eng	2026-07-31T22:19:31Z	0	test-write-review	close-the-consumer-half-of-the-v0250-reviewstartedat	2	R-MOCK-ABUSE	1	blocking	0	-
PRPs-agentic-eng	2026-07-31T22:19:31Z	0	test-write-review	close-the-consumer-half-of-the-v0250-reviewstartedat	2	R-TRIVIAL-ASSERT	1	blocking	0	-
PRPs-agentic-eng	2026-07-31T15:20:45Z	0	test-write-review	close-the-validation-docs-debt-recorded-in	1	R-AC-COVERAGE	1	blocking	0	-
PRPs-agentic-eng	2026-07-31T15:20:45Z	0	test-write-review	close-the-validation-docs-debt-recorded-in	1	R-DUPLICATE	0	blocking	0	-
PRPs-agentic-eng	2026-07-31T15:20:45Z	0	test-write-review	close-the-validation-docs-debt-recorded-in	1	R-GREEN-LEGITIMATE	1	blocking	0	-
PRPs-agentic-eng	2026-07-31T15:20:45Z	0	test-write-review	close-the-validation-docs-debt-recorded-in	1	R-IMPL-LEAK	0	blocking	0	-
PRPs-agentic-eng	2026-07-31T15:20:45Z	0	test-write-review	close-the-validation-docs-debt-recorded-in	1	R-LIFECYCLE-LEGITIMATE	1	blocking	0	-
PRPs-agentic-eng	2026-07-31T15:20:45Z	0	test-write-review	close-the-validation-docs-debt-recorded-in	1	R-MOCK-ABUSE	1	blocking	0	-
PRPs-agentic-eng	2026-07-31T15:20:45Z	0	test-write-review	close-the-validation-docs-debt-recorded-in	1	R-TRIVIAL-ASSERT	1	blocking	0	-
PRPs-agentic-eng	2026-07-31T16:10:00Z	0	test-write-review	close-the-validation-docs-debt-recorded-in	2	R-AC-COVERAGE	1	blocking	0	-
PRPs-agentic-eng	2026-07-31T16:10:00Z	0	test-write-review	close-the-validation-docs-debt-recorded-in	2	R-DUPLICATE	1	blocking	0	-
PRPs-agentic-eng	2026-07-31T16:10:00Z	0	test-write-review	close-the-validation-docs-debt-recorded-in	2	R-GREEN-LEGITIMATE	1	blocking	0	-
PRPs-agentic-eng	2026-07-31T16:10:00Z	0	test-write-review	close-the-validation-docs-debt-recorded-in	2	R-IMPL-LEAK	1	blocking	0	-
PRPs-agentic-eng	2026-07-31T16:10:00Z	0	test-write-review	close-the-validation-docs-debt-recorded-in	2	R-LIFECYCLE-LEGITIMATE	1	blocking	0	-
PRPs-agentic-eng	2026-07-31T16:10:00Z	0	test-write-review	close-the-validation-docs-debt-recorded-in	2	R-MOCK-ABUSE	1	blocking	0	-
PRPs-agentic-eng	2026-07-31T16:10:00Z	0	test-write-review	close-the-validation-docs-debt-recorded-in	2	R-TRIVIAL-ASSERT	1	blocking	0	-
PRPs-agentic-eng	2026-07-24T00:43:44Z	0	test-write-review	enforce-figma-component-reuse-per-ac-2-of-figma-implementation-track	1	R-AC-COVERAGE	1	blocking	0	-
PRPs-agentic-eng	2026-07-24T00:43:44Z	0	test-write-review	enforce-figma-component-reuse-per-ac-2-of-figma-implementation-track	1	R-DUPLICATE	1	blocking	0	-
PRPs-agentic-eng	2026-07-24T00:43:44Z	0	test-write-review	enforce-figma-component-reuse-per-ac-2-of-figma-implementation-track	1	R-GREEN-LEGITIMATE	1	blocking	0	-
PRPs-agentic-eng	2026-07-24T00:43:44Z	0	test-write-review	enforce-figma-component-reuse-per-ac-2-of-figma-implementation-track	1	R-IMPL-LEAK	1	blocking	0	-
PRPs-agentic-eng	2026-07-24T00:43:44Z	0	test-write-review	enforce-figma-component-reuse-per-ac-2-of-figma-implementation-track	1	R-LIFECYCLE-LEGITIMATE	1	blocking	0	-
PRPs-agentic-eng	2026-07-24T00:43:44Z	0	test-write-review	enforce-figma-component-reuse-per-ac-2-of-figma-implementation-track	1	R-MOCK-ABUSE	1	blocking	0	-
PRPs-agentic-eng	2026-07-24T00:43:44Z	0	test-write-review	enforce-figma-component-reuse-per-ac-2-of-figma-implementation-track	1	R-TRIVIAL-ASSERT	1	blocking	0	-
PRPs-agentic-eng	2026-07-23T00:26:48Z	0	test-write-review	figma-implementation-track	1	R-AC-COVERAGE	1	blocking	0	-
PRPs-agentic-eng	2026-07-23T00:26:48Z	0	test-write-review	figma-implementation-track	1	R-DUPLICATE	1	blocking	0	-
PRPs-agentic-eng	2026-07-23T00:26:48Z	0	test-write-review	figma-implementation-track	1	R-GREEN-LEGITIMATE	1	blocking	0	-
PRPs-agentic-eng	2026-07-23T00:26:48Z	0	test-write-review	figma-implementation-track	1	R-IMPL-LEAK	1	blocking	0	-
PRPs-agentic-eng	2026-07-23T00:26:48Z	0	test-write-review	figma-implementation-track	1	R-LIFECYCLE-LEGITIMATE	1	blocking	0	-
PRPs-agentic-eng	2026-07-23T00:26:48Z	0	test-write-review	figma-implementation-track	1	R-MOCK-ABUSE	1	blocking	0	-
PRPs-agentic-eng	2026-07-23T00:26:48Z	0	test-write-review	figma-implementation-track	1	R-TRIVIAL-ASSERT	1	blocking	0	-
PRPs-agentic-eng	2026-07-23T20:39:10Z	0	test-write-review	figma-implementation-track	10	R-AC-COVERAGE	1	blocking	0	-
PRPs-agentic-eng	2026-07-23T20:39:10Z	0	test-write-review	figma-implementation-track	10	R-DUPLICATE	1	blocking	0	-
PRPs-agentic-eng	2026-07-23T20:39:10Z	0	test-write-review	figma-implementation-track	10	R-GREEN-LEGITIMATE	1	blocking	0	-
PRPs-agentic-eng	2026-07-23T20:39:10Z	0	test-write-review	figma-implementation-track	10	R-IMPL-LEAK	1	blocking	0	-
PRPs-agentic-eng	2026-07-23T20:39:10Z	0	test-write-review	figma-implementation-track	10	R-LIFECYCLE-LEGITIMATE	1	blocking	0	-
PRPs-agentic-eng	2026-07-23T20:39:10Z	0	test-write-review	figma-implementation-track	10	R-MOCK-ABUSE	1	blocking	0	-
PRPs-agentic-eng	2026-07-23T20:39:10Z	0	test-write-review	figma-implementation-track	10	R-TRIVIAL-ASSERT	1	blocking	0	-
PRPs-agentic-eng	2026-07-23T22:40:36Z	0	test-write-review	figma-implementation-track	11	R-AC-COVERAGE	1	blocking	0	-
PRPs-agentic-eng	2026-07-23T22:40:36Z	0	test-write-review	figma-implementation-track	11	R-DUPLICATE	1	blocking	0	-
PRPs-agentic-eng	2026-07-23T22:40:36Z	0	test-write-review	figma-implementation-track	11	R-GREEN-LEGITIMATE	1	blocking	0	-
PRPs-agentic-eng	2026-07-23T22:40:36Z	0	test-write-review	figma-implementation-track	11	R-IMPL-LEAK	1	blocking	0	-
PRPs-agentic-eng	2026-07-23T22:40:36Z	0	test-write-review	figma-implementation-track	11	R-LIFECYCLE-LEGITIMATE	1	blocking	0	-
PRPs-agentic-eng	2026-07-23T22:40:36Z	0	test-write-review	figma-implementation-track	11	R-MOCK-ABUSE	1	blocking	0	-
PRPs-agentic-eng	2026-07-23T22:40:36Z	0	test-write-review	figma-implementation-track	11	R-TRIVIAL-ASSERT	1	blocking	0	-
PRPs-agentic-eng	2026-07-23T02:37:52Z	0	test-write-review	figma-implementation-track	2	R-AC-COVERAGE	1	blocking	0	-
PRPs-agentic-eng	2026-07-23T02:37:52Z	0	test-write-review	figma-implementation-track	2	R-DUPLICATE	1	blocking	0	-
PRPs-agentic-eng	2026-07-23T02:37:52Z	0	test-write-review	figma-implementation-track	2	R-GREEN-LEGITIMATE	1	blocking	0	-
PRPs-agentic-eng	2026-07-23T02:37:52Z	0	test-write-review	figma-implementation-track	2	R-IMPL-LEAK	1	blocking	0	-
PRPs-agentic-eng	2026-07-23T02:37:52Z	0	test-write-review	figma-implementation-track	2	R-LIFECYCLE-LEGITIMATE	1	blocking	0	-
PRPs-agentic-eng	2026-07-23T02:37:52Z	0	test-write-review	figma-implementation-track	2	R-MOCK-ABUSE	1	blocking	0	-
PRPs-agentic-eng	2026-07-23T02:37:52Z	0	test-write-review	figma-implementation-track	2	R-TRIVIAL-ASSERT	1	blocking	0	-
PRPs-agentic-eng	2026-07-23T03:36:59Z	0	test-write-review	figma-implementation-track	3	R-AC-COVERAGE	1	blocking	0	-
PRPs-agentic-eng	2026-07-23T03:36:59Z	0	test-write-review	figma-implementation-track	3	R-DUPLICATE	1	blocking	0	-
PRPs-agentic-eng	2026-07-23T03:36:59Z	0	test-write-review	figma-implementation-track	3	R-GREEN-LEGITIMATE	1	blocking	0	-
PRPs-agentic-eng	2026-07-23T03:36:59Z	0	test-write-review	figma-implementation-track	3	R-IMPL-LEAK	1	blocking	0	-
PRPs-agentic-eng	2026-07-23T03:36:59Z	0	test-write-review	figma-implementation-track	3	R-LIFECYCLE-LEGITIMATE	1	blocking	0	-
PRPs-agentic-eng	2026-07-23T03:36:59Z	0	test-write-review	figma-implementation-track	3	R-MOCK-ABUSE	1	blocking	0	-
PRPs-agentic-eng	2026-07-23T03:36:59Z	0	test-write-review	figma-implementation-track	3	R-TRIVIAL-ASSERT	1	blocking	0	-
PRPs-agentic-eng	2026-07-23T16:20:19Z	0	test-write-review	figma-implementation-track	4	R-AC-COVERAGE	1	blocking	0	-
PRPs-agentic-eng	2026-07-23T16:20:19Z	0	test-write-review	figma-implementation-track	4	R-DUPLICATE	1	blocking	0	-
PRPs-agentic-eng	2026-07-23T16:20:19Z	0	test-write-review	figma-implementation-track	4	R-GREEN-LEGITIMATE	1	blocking	0	-
PRPs-agentic-eng	2026-07-23T16:20:19Z	0	test-write-review	figma-implementation-track	4	R-IMPL-LEAK	1	blocking	0	-
PRPs-agentic-eng	2026-07-23T16:20:19Z	0	test-write-review	figma-implementation-track	4	R-LIFECYCLE-LEGITIMATE	1	blocking	0	-
PRPs-agentic-eng	2026-07-23T16:20:19Z	0	test-write-review	figma-implementation-track	4	R-MOCK-ABUSE	1	blocking	0	-
PRPs-agentic-eng	2026-07-23T16:20:19Z	0	test-write-review	figma-implementation-track	4	R-TRIVIAL-ASSERT	1	blocking	0	-
PRPs-agentic-eng	2026-07-23T16:32:25Z	0	test-write-review	figma-implementation-track	5	R-AC-COVERAGE	1	blocking	0	-
PRPs-agentic-eng	2026-07-23T16:32:25Z	0	test-write-review	figma-implementation-track	5	R-DUPLICATE	1	blocking	0	-
PRPs-agentic-eng	2026-07-23T16:32:25Z	0	test-write-review	figma-implementation-track	5	R-GREEN-LEGITIMATE	1	blocking	0	-
PRPs-agentic-eng	2026-07-23T16:32:25Z	0	test-write-review	figma-implementation-track	5	R-IMPL-LEAK	1	blocking	0	-
PRPs-agentic-eng	2026-07-23T16:32:25Z	0	test-write-review	figma-implementation-track	5	R-LIFECYCLE-LEGITIMATE	0	blocking	0	-
PRPs-agentic-eng	2026-07-23T16:32:25Z	0	test-write-review	figma-implementation-track	5	R-MOCK-ABUSE	1	blocking	0	-
PRPs-agentic-eng	2026-07-23T16:32:25Z	0	test-write-review	figma-implementation-track	5	R-TRIVIAL-ASSERT	1	blocking	0	-
PRPs-agentic-eng	2026-07-23T16:38:25Z	0	test-write-review	figma-implementation-track	6	R-AC-COVERAGE	1	blocking	0	-
PRPs-agentic-eng	2026-07-23T16:38:25Z	0	test-write-review	figma-implementation-track	6	R-DUPLICATE	1	blocking	0	-
PRPs-agentic-eng	2026-07-23T16:38:25Z	0	test-write-review	figma-implementation-track	6	R-GREEN-LEGITIMATE	1	blocking	0	-
PRPs-agentic-eng	2026-07-23T16:38:25Z	0	test-write-review	figma-implementation-track	6	R-IMPL-LEAK	1	blocking	0	-
PRPs-agentic-eng	2026-07-23T16:38:25Z	0	test-write-review	figma-implementation-track	6	R-LIFECYCLE-LEGITIMATE	1	blocking	0	-
PRPs-agentic-eng	2026-07-23T16:38:25Z	0	test-write-review	figma-implementation-track	6	R-MOCK-ABUSE	1	blocking	0	-
PRPs-agentic-eng	2026-07-23T16:38:25Z	0	test-write-review	figma-implementation-track	6	R-TRIVIAL-ASSERT	1	blocking	0	-
PRPs-agentic-eng	2026-07-23T18:16:15Z	0	test-write-review	figma-implementation-track	7	R-AC-COVERAGE	1	blocking	0	-
PRPs-agentic-eng	2026-07-23T18:16:15Z	0	test-write-review	figma-implementation-track	7	R-DUPLICATE	1	blocking	0	-
PRPs-agentic-eng	2026-07-23T18:16:15Z	0	test-write-review	figma-implementation-track	7	R-GREEN-LEGITIMATE	0	blocking	0	-
PRPs-agentic-eng	2026-07-23T18:16:15Z	0	test-write-review	figma-implementation-track	7	R-IMPL-LEAK	1	blocking	0	-
PRPs-agentic-eng	2026-07-23T18:16:15Z	0	test-write-review	figma-implementation-track	7	R-LIFECYCLE-LEGITIMATE	1	blocking	0	-
PRPs-agentic-eng	2026-07-23T18:16:15Z	0	test-write-review	figma-implementation-track	7	R-MOCK-ABUSE	1	blocking	0	-
PRPs-agentic-eng	2026-07-23T18:16:15Z	0	test-write-review	figma-implementation-track	7	R-TRIVIAL-ASSERT	1	blocking	0	-
PRPs-agentic-eng	2026-07-23T18:23:45Z	0	test-write-review	figma-implementation-track	8	R-AC-COVERAGE	1	blocking	0	-
PRPs-agentic-eng	2026-07-23T18:23:45Z	0	test-write-review	figma-implementation-track	8	R-DUPLICATE	1	blocking	0	-
PRPs-agentic-eng	2026-07-23T18:23:45Z	0	test-write-review	figma-implementation-track	8	R-GREEN-LEGITIMATE	1	blocking	0	-
PRPs-agentic-eng	2026-07-23T18:23:45Z	0	test-write-review	figma-implementation-track	8	R-IMPL-LEAK	1	blocking	0	-
PRPs-agentic-eng	2026-07-23T18:23:45Z	0	test-write-review	figma-implementation-track	8	R-LIFECYCLE-LEGITIMATE	1	blocking	0	-
PRPs-agentic-eng	2026-07-23T18:23:45Z	0	test-write-review	figma-implementation-track	8	R-MOCK-ABUSE	1	blocking	0	-
PRPs-agentic-eng	2026-07-23T18:23:45Z	0	test-write-review	figma-implementation-track	8	R-TRIVIAL-ASSERT	1	blocking	0	-
PRPs-agentic-eng	2026-07-23T18:38:40Z	0	test-write-review	figma-implementation-track	9	R-AC-COVERAGE	1	blocking	0	-
PRPs-agentic-eng	2026-07-23T18:38:40Z	0	test-write-review	figma-implementation-track	9	R-DUPLICATE	1	blocking	0	-
PRPs-agentic-eng	2026-07-23T18:38:40Z	0	test-write-review	figma-implementation-track	9	R-GREEN-LEGITIMATE	1	blocking	0	-
PRPs-agentic-eng	2026-07-23T18:38:40Z	0	test-write-review	figma-implementation-track	9	R-IMPL-LEAK	1	blocking	0	-
PRPs-agentic-eng	2026-07-23T18:38:40Z	0	test-write-review	figma-implementation-track	9	R-LIFECYCLE-LEGITIMATE	1	blocking	0	-
PRPs-agentic-eng	2026-07-23T18:38:40Z	0	test-write-review	figma-implementation-track	9	R-MOCK-ABUSE	1	blocking	0	-
PRPs-agentic-eng	2026-07-23T18:38:40Z	0	test-write-review	figma-implementation-track	9	R-TRIVIAL-ASSERT	1	blocking	0	-
PRPs-agentic-eng	2026-07-24T14:05:00Z	0	test-write-review	figma-visual-first-track	1	R-AC-COVERAGE	1	blocking	0	-
PRPs-agentic-eng	2026-07-24T14:05:00Z	0	test-write-review	figma-visual-first-track	1	R-DUPLICATE	1	blocking	0	-
PRPs-agentic-eng	2026-07-24T14:05:00Z	0	test-write-review	figma-visual-first-track	1	R-GREEN-LEGITIMATE	1	blocking	0	-
PRPs-agentic-eng	2026-07-24T14:05:00Z	0	test-write-review	figma-visual-first-track	1	R-IMPL-LEAK	1	blocking	0	-
PRPs-agentic-eng	2026-07-24T14:05:00Z	0	test-write-review	figma-visual-first-track	1	R-LIFECYCLE-LEGITIMATE	1	blocking	0	-
PRPs-agentic-eng	2026-07-24T14:05:00Z	0	test-write-review	figma-visual-first-track	1	R-MOCK-ABUSE	1	blocking	0	-
PRPs-agentic-eng	2026-07-24T14:05:00Z	0	test-write-review	figma-visual-first-track	1	R-TRIVIAL-ASSERT	1	blocking	0	-
PRPs-agentic-eng	2026-07-25T17:45:00Z	0	test-write-review	figma-visual-first-track	2	R-AC-COVERAGE	1	blocking	0	-
PRPs-agentic-eng	2026-07-25T17:45:00Z	0	test-write-review	figma-visual-first-track	2	R-DUPLICATE	1	blocking	0	-
PRPs-agentic-eng	2026-07-25T17:45:00Z	0	test-write-review	figma-visual-first-track	2	R-GREEN-LEGITIMATE	1	blocking	0	-
PRPs-agentic-eng	2026-07-25T17:45:00Z	0	test-write-review	figma-visual-first-track	2	R-IMPL-LEAK	1	blocking	0	-
PRPs-agentic-eng	2026-07-25T17:45:00Z	0	test-write-review	figma-visual-first-track	2	R-LIFECYCLE-LEGITIMATE	1	blocking	0	-
PRPs-agentic-eng	2026-07-25T17:45:00Z	0	test-write-review	figma-visual-first-track	2	R-MOCK-ABUSE	1	blocking	0	-
PRPs-agentic-eng	2026-07-25T17:45:00Z	0	test-write-review	figma-visual-first-track	2	R-TRIVIAL-ASSERT	1	blocking	0	-
PRPs-agentic-eng	2026-07-25T20:15:00Z	0	test-write-review	figma-visual-first-track	3	R-AC-COVERAGE	1	blocking	0	-
PRPs-agentic-eng	2026-07-25T20:15:00Z	0	test-write-review	figma-visual-first-track	3	R-DUPLICATE	1	blocking	0	-
PRPs-agentic-eng	2026-07-25T20:15:00Z	0	test-write-review	figma-visual-first-track	3	R-GREEN-LEGITIMATE	1	blocking	0	-
PRPs-agentic-eng	2026-07-25T20:15:00Z	0	test-write-review	figma-visual-first-track	3	R-IMPL-LEAK	1	blocking	0	-
PRPs-agentic-eng	2026-07-25T20:15:00Z	0	test-write-review	figma-visual-first-track	3	R-LIFECYCLE-LEGITIMATE	1	blocking	0	-
PRPs-agentic-eng	2026-07-25T20:15:00Z	0	test-write-review	figma-visual-first-track	3	R-MOCK-ABUSE	1	blocking	0	-
PRPs-agentic-eng	2026-07-25T20:15:00Z	0	test-write-review	figma-visual-first-track	3	R-TRIVIAL-ASSERT	1	blocking	0	-
PRPs-agentic-eng	2026-07-26T04:14:48Z	0	test-write-review	figma-visual-first-track	4	R-AC-COVERAGE	1	blocking	0	-
PRPs-agentic-eng	2026-07-26T04:14:48Z	0	test-write-review	figma-visual-first-track	4	R-DUPLICATE	1	blocking	0	-
PRPs-agentic-eng	2026-07-26T04:14:48Z	0	test-write-review	figma-visual-first-track	4	R-GREEN-LEGITIMATE	1	blocking	0	-
PRPs-agentic-eng	2026-07-26T04:14:48Z	0	test-write-review	figma-visual-first-track	4	R-IMPL-LEAK	1	blocking	0	-
PRPs-agentic-eng	2026-07-26T04:14:48Z	0	test-write-review	figma-visual-first-track	4	R-LIFECYCLE-LEGITIMATE	1	blocking	0	-
PRPs-agentic-eng	2026-07-26T04:14:48Z	0	test-write-review	figma-visual-first-track	4	R-MOCK-ABUSE	1	blocking	0	-
PRPs-agentic-eng	2026-07-26T04:14:48Z	0	test-write-review	figma-visual-first-track	4	R-TRIVIAL-ASSERT	1	blocking	0	-
PRPs-agentic-eng	2026-07-27T14:32:35Z	0	test-write-review	figma-visual-first-track	5	R-AC-COVERAGE	1	blocking	0	-
PRPs-agentic-eng	2026-07-27T14:32:35Z	0	test-write-review	figma-visual-first-track	5	R-DUPLICATE	1	blocking	0	-
PRPs-agentic-eng	2026-07-27T14:32:35Z	0	test-write-review	figma-visual-first-track	5	R-GREEN-LEGITIMATE	1	blocking	0	-
PRPs-agentic-eng	2026-07-27T14:32:35Z	0	test-write-review	figma-visual-first-track	5	R-IMPL-LEAK	1	blocking	0	-
PRPs-agentic-eng	2026-07-27T14:32:35Z	0	test-write-review	figma-visual-first-track	5	R-LIFECYCLE-LEGITIMATE	1	blocking	0	-
PRPs-agentic-eng	2026-07-27T14:32:35Z	0	test-write-review	figma-visual-first-track	5	R-MOCK-ABUSE	1	blocking	0	-
PRPs-agentic-eng	2026-07-27T14:32:35Z	0	test-write-review	figma-visual-first-track	5	R-TRIVIAL-ASSERT	1	blocking	0	-
PRPs-agentic-eng	2026-07-27T18:20:00Z	0	test-write-review	figma-visual-first-track	6	R-AC-COVERAGE	1	blocking	0	-
PRPs-agentic-eng	2026-07-27T18:20:00Z	0	test-write-review	figma-visual-first-track	6	R-DUPLICATE	1	blocking	0	-
PRPs-agentic-eng	2026-07-27T18:20:00Z	0	test-write-review	figma-visual-first-track	6	R-GREEN-LEGITIMATE	1	blocking	0	-
PRPs-agentic-eng	2026-07-27T18:20:00Z	0	test-write-review	figma-visual-first-track	6	R-IMPL-LEAK	1	blocking	0	-
PRPs-agentic-eng	2026-07-27T18:20:00Z	0	test-write-review	figma-visual-first-track	6	R-LIFECYCLE-LEGITIMATE	1	blocking	0	-
PRPs-agentic-eng	2026-07-27T18:20:00Z	0	test-write-review	figma-visual-first-track	6	R-MOCK-ABUSE	1	blocking	0	-
PRPs-agentic-eng	2026-07-27T18:20:00Z	0	test-write-review	figma-visual-first-track	6	R-TRIVIAL-ASSERT	1	blocking	0	-
PRPs-agentic-eng	2026-07-27T21:45:00Z	0	test-write-review	figma-visual-first-track	7	R-AC-COVERAGE	1	blocking	0	-
PRPs-agentic-eng	2026-07-27T21:45:00Z	0	test-write-review	figma-visual-first-track	7	R-DUPLICATE	1	blocking	0	-
PRPs-agentic-eng	2026-07-27T21:45:00Z	0	test-write-review	figma-visual-first-track	7	R-GREEN-LEGITIMATE	1	blocking	0	-
PRPs-agentic-eng	2026-07-27T21:45:00Z	0	test-write-review	figma-visual-first-track	7	R-IMPL-LEAK	1	blocking	0	-
PRPs-agentic-eng	2026-07-27T21:45:00Z	0	test-write-review	figma-visual-first-track	7	R-LIFECYCLE-LEGITIMATE	1	blocking	0	-
PRPs-agentic-eng	2026-07-27T21:45:00Z	0	test-write-review	figma-visual-first-track	7	R-MOCK-ABUSE	1	blocking	0	-
PRPs-agentic-eng	2026-07-27T21:45:00Z	0	test-write-review	figma-visual-first-track	7	R-TRIVIAL-ASSERT	1	blocking	0	-
PRPs-agentic-eng	2026-07-24T02:55:24Z	0	test-write-review	fix-design-system-config-producer	1	R-AC-COVERAGE	1	blocking	0	-
PRPs-agentic-eng	2026-07-24T02:55:24Z	0	test-write-review	fix-design-system-config-producer	1	R-DUPLICATE	1	blocking	0	-
PRPs-agentic-eng	2026-07-24T02:55:24Z	0	test-write-review	fix-design-system-config-producer	1	R-GREEN-LEGITIMATE	1	blocking	0	-
PRPs-agentic-eng	2026-07-24T02:55:24Z	0	test-write-review	fix-design-system-config-producer	1	R-IMPL-LEAK	1	blocking	0	-
PRPs-agentic-eng	2026-07-24T02:55:24Z	0	test-write-review	fix-design-system-config-producer	1	R-LIFECYCLE-LEGITIMATE	1	blocking	0	-
PRPs-agentic-eng	2026-07-24T02:55:24Z	0	test-write-review	fix-design-system-config-producer	1	R-MOCK-ABUSE	1	blocking	0	-
PRPs-agentic-eng	2026-07-24T02:55:24Z	0	test-write-review	fix-design-system-config-producer	1	R-TRIVIAL-ASSERT	1	blocking	0	-
PRPs-agentic-eng	2026-07-15T15:52:12Z	0	test-write-review	implement-phase-docs-sync	1	R-AC-COVERAGE	0	blocking	0	-
PRPs-agentic-eng	2026-07-15T15:52:12Z	0	test-write-review	implement-phase-docs-sync	1	R-DUPLICATE	1	blocking	0	-
PRPs-agentic-eng	2026-07-15T15:52:12Z	0	test-write-review	implement-phase-docs-sync	1	R-GREEN-LEGITIMATE	1	blocking	0	-
PRPs-agentic-eng	2026-07-15T15:52:12Z	0	test-write-review	implement-phase-docs-sync	1	R-IMPL-LEAK	1	blocking	0	-
PRPs-agentic-eng	2026-07-15T15:52:12Z	0	test-write-review	implement-phase-docs-sync	1	R-LIFECYCLE-LEGITIMATE	1	blocking	0	-
PRPs-agentic-eng	2026-07-15T15:52:12Z	0	test-write-review	implement-phase-docs-sync	1	R-MOCK-ABUSE	1	blocking	0	-
PRPs-agentic-eng	2026-07-15T15:52:12Z	0	test-write-review	implement-phase-docs-sync	1	R-TRIVIAL-ASSERT	1	blocking	0	-
PRPs-agentic-eng	2026-07-15T16:06:03Z	0	test-write-review	implement-phase-docs-sync	2	R-AC-COVERAGE	1	blocking	0	-
PRPs-agentic-eng	2026-07-15T16:06:03Z	0	test-write-review	implement-phase-docs-sync	2	R-DUPLICATE	1	blocking	0	-
PRPs-agentic-eng	2026-07-15T16:06:03Z	0	test-write-review	implement-phase-docs-sync	2	R-GREEN-LEGITIMATE	1	blocking	0	-
PRPs-agentic-eng	2026-07-15T16:06:03Z	0	test-write-review	implement-phase-docs-sync	2	R-IMPL-LEAK	1	blocking	0	-
PRPs-agentic-eng	2026-07-15T16:06:03Z	0	test-write-review	implement-phase-docs-sync	2	R-LIFECYCLE-LEGITIMATE	1	blocking	0	-
PRPs-agentic-eng	2026-07-15T16:06:03Z	0	test-write-review	implement-phase-docs-sync	2	R-MOCK-ABUSE	1	blocking	0	-
PRPs-agentic-eng	2026-07-15T16:06:03Z	0	test-write-review	implement-phase-docs-sync	2	R-TRIVIAL-ASSERT	1	blocking	0	-
PRPs-agentic-eng	2026-07-16T00:00:00Z	0	test-write-review	implement-phase-docs-sync	3	R-AC-COVERAGE	1	blocking	0	-
PRPs-agentic-eng	2026-07-16T00:00:00Z	0	test-write-review	implement-phase-docs-sync	3	R-DUPLICATE	1	blocking	0	-
PRPs-agentic-eng	2026-07-16T00:00:00Z	0	test-write-review	implement-phase-docs-sync	3	R-GREEN-LEGITIMATE	1	blocking	0	-
PRPs-agentic-eng	2026-07-16T00:00:00Z	0	test-write-review	implement-phase-docs-sync	3	R-IMPL-LEAK	1	blocking	0	-
PRPs-agentic-eng	2026-07-16T00:00:00Z	0	test-write-review	implement-phase-docs-sync	3	R-LIFECYCLE-LEGITIMATE	1	blocking	0	-
PRPs-agentic-eng	2026-07-16T00:00:00Z	0	test-write-review	implement-phase-docs-sync	3	R-MOCK-ABUSE	1	blocking	0	-
PRPs-agentic-eng	2026-07-16T00:00:00Z	0	test-write-review	implement-phase-docs-sync	3	R-TRIVIAL-ASSERT	1	blocking	0	-
PRPs-agentic-eng	2026-07-16T19:07:08Z	0	test-write-review	implement-phase-docs-sync	4	R-AC-COVERAGE	1	blocking	0	-
PRPs-agentic-eng	2026-07-16T19:07:08Z	0	test-write-review	implement-phase-docs-sync	4	R-DUPLICATE	1	blocking	0	-
PRPs-agentic-eng	2026-07-16T19:07:08Z	0	test-write-review	implement-phase-docs-sync	4	R-GREEN-LEGITIMATE	1	blocking	0	-
PRPs-agentic-eng	2026-07-16T19:07:08Z	0	test-write-review	implement-phase-docs-sync	4	R-IMPL-LEAK	1	blocking	0	-
PRPs-agentic-eng	2026-07-16T19:07:08Z	0	test-write-review	implement-phase-docs-sync	4	R-LIFECYCLE-LEGITIMATE	1	blocking	0	-
PRPs-agentic-eng	2026-07-16T19:07:08Z	0	test-write-review	implement-phase-docs-sync	4	R-MOCK-ABUSE	1	blocking	0	-
PRPs-agentic-eng	2026-07-16T19:07:08Z	0	test-write-review	implement-phase-docs-sync	4	R-TRIVIAL-ASSERT	1	blocking	0	-
PRPs-agentic-eng	2026-07-16T20:15:00Z	0	test-write-review	implement-phase-docs-sync	5	R-AC-COVERAGE	0	blocking	0	-
PRPs-agentic-eng	2026-07-16T20:15:00Z	0	test-write-review	implement-phase-docs-sync	5	R-DUPLICATE	1	blocking	0	-
PRPs-agentic-eng	2026-07-16T20:15:00Z	0	test-write-review	implement-phase-docs-sync	5	R-GREEN-LEGITIMATE	1	blocking	0	-
PRPs-agentic-eng	2026-07-16T20:15:00Z	0	test-write-review	implement-phase-docs-sync	5	R-IMPL-LEAK	1	blocking	0	-
PRPs-agentic-eng	2026-07-16T20:15:00Z	0	test-write-review	implement-phase-docs-sync	5	R-LIFECYCLE-LEGITIMATE	1	blocking	0	-
PRPs-agentic-eng	2026-07-16T20:15:00Z	0	test-write-review	implement-phase-docs-sync	5	R-MOCK-ABUSE	1	blocking	0	-
PRPs-agentic-eng	2026-07-16T20:15:00Z	0	test-write-review	implement-phase-docs-sync	5	R-TRIVIAL-ASSERT	1	blocking	0	-
PRPs-agentic-eng	2026-07-16T21:30:00Z	0	test-write-review	implement-phase-docs-sync	6	R-AC-COVERAGE	0	blocking	0	-
PRPs-agentic-eng	2026-07-16T21:30:00Z	0	test-write-review	implement-phase-docs-sync	6	R-DUPLICATE	1	blocking	0	-
PRPs-agentic-eng	2026-07-16T21:30:00Z	0	test-write-review	implement-phase-docs-sync	6	R-GREEN-LEGITIMATE	1	blocking	0	-
PRPs-agentic-eng	2026-07-16T21:30:00Z	0	test-write-review	implement-phase-docs-sync	6	R-IMPL-LEAK	1	blocking	0	-
PRPs-agentic-eng	2026-07-16T21:30:00Z	0	test-write-review	implement-phase-docs-sync	6	R-LIFECYCLE-LEGITIMATE	1	blocking	0	-
PRPs-agentic-eng	2026-07-16T21:30:00Z	0	test-write-review	implement-phase-docs-sync	6	R-MOCK-ABUSE	1	blocking	0	-
PRPs-agentic-eng	2026-07-16T21:30:00Z	0	test-write-review	implement-phase-docs-sync	6	R-TRIVIAL-ASSERT	1	blocking	0	-
PRPs-agentic-eng	2026-07-16T22:10:00Z	0	test-write-review	implement-phase-docs-sync	7	R-AC-COVERAGE	0	blocking	0	-
PRPs-agentic-eng	2026-07-16T22:10:00Z	0	test-write-review	implement-phase-docs-sync	7	R-DUPLICATE	1	blocking	0	-
PRPs-agentic-eng	2026-07-16T22:10:00Z	0	test-write-review	implement-phase-docs-sync	7	R-GREEN-LEGITIMATE	1	blocking	0	-
PRPs-agentic-eng	2026-07-16T22:10:00Z	0	test-write-review	implement-phase-docs-sync	7	R-IMPL-LEAK	1	blocking	0	-
PRPs-agentic-eng	2026-07-16T22:10:00Z	0	test-write-review	implement-phase-docs-sync	7	R-LIFECYCLE-LEGITIMATE	1	blocking	0	-
PRPs-agentic-eng	2026-07-16T22:10:00Z	0	test-write-review	implement-phase-docs-sync	7	R-MOCK-ABUSE	1	blocking	0	-
PRPs-agentic-eng	2026-07-16T22:10:00Z	0	test-write-review	implement-phase-docs-sync	7	R-TRIVIAL-ASSERT	1	blocking	0	-
PRPs-agentic-eng	2026-07-16T22:45:00Z	0	test-write-review	implement-phase-docs-sync	8	R-AC-COVERAGE	1	blocking	0	-
PRPs-agentic-eng	2026-07-16T22:45:00Z	0	test-write-review	implement-phase-docs-sync	8	R-DUPLICATE	1	blocking	0	-
PRPs-agentic-eng	2026-07-16T22:45:00Z	0	test-write-review	implement-phase-docs-sync	8	R-GREEN-LEGITIMATE	1	blocking	0	-
PRPs-agentic-eng	2026-07-16T22:45:00Z	0	test-write-review	implement-phase-docs-sync	8	R-IMPL-LEAK	1	blocking	0	-
PRPs-agentic-eng	2026-07-16T22:45:00Z	0	test-write-review	implement-phase-docs-sync	8	R-LIFECYCLE-LEGITIMATE	1	blocking	0	-
PRPs-agentic-eng	2026-07-16T22:45:00Z	0	test-write-review	implement-phase-docs-sync	8	R-MOCK-ABUSE	1	blocking	0	-
PRPs-agentic-eng	2026-07-16T22:45:00Z	0	test-write-review	implement-phase-docs-sync	8	R-TRIVIAL-ASSERT	1	blocking	0	-
PRPs-agentic-eng	2026-07-28T17:24:50Z	0	test-write-review	make-the-silent-failure-paths-in	1	R-AC-COVERAGE	1	blocking	0	-
PRPs-agentic-eng	2026-07-28T17:24:50Z	0	test-write-review	make-the-silent-failure-paths-in	1	R-DUPLICATE	1	blocking	0	-
PRPs-agentic-eng	2026-07-28T17:24:50Z	0	test-write-review	make-the-silent-failure-paths-in	1	R-GREEN-LEGITIMATE	1	blocking	0	-
PRPs-agentic-eng	2026-07-28T17:24:50Z	0	test-write-review	make-the-silent-failure-paths-in	1	R-IMPL-LEAK	1	blocking	0	-
PRPs-agentic-eng	2026-07-28T17:24:50Z	0	test-write-review	make-the-silent-failure-paths-in	1	R-LIFECYCLE-LEGITIMATE	1	blocking	0	-
PRPs-agentic-eng	2026-07-28T17:24:50Z	0	test-write-review	make-the-silent-failure-paths-in	1	R-MOCK-ABUSE	1	blocking	0	-
PRPs-agentic-eng	2026-07-28T17:24:50Z	0	test-write-review	make-the-silent-failure-paths-in	1	R-TRIVIAL-ASSERT	1	blocking	0	-
PRPs-agentic-eng	2026-07-29T11:36:42Z	0	test-write-review	normalizer-integration	1	R-AC-COVERAGE	1	blocking	0	-
PRPs-agentic-eng	2026-07-29T11:36:42Z	0	test-write-review	normalizer-integration	1	R-DUPLICATE	1	blocking	0	-
PRPs-agentic-eng	2026-07-29T11:36:42Z	0	test-write-review	normalizer-integration	1	R-GREEN-LEGITIMATE	1	blocking	0	-
PRPs-agentic-eng	2026-07-29T11:36:42Z	0	test-write-review	normalizer-integration	1	R-IMPL-LEAK	1	blocking	0	-
PRPs-agentic-eng	2026-07-29T11:36:42Z	0	test-write-review	normalizer-integration	1	R-LIFECYCLE-LEGITIMATE	1	blocking	0	-
PRPs-agentic-eng	2026-07-29T11:36:42Z	0	test-write-review	normalizer-integration	1	R-MOCK-ABUSE	1	blocking	0	-
PRPs-agentic-eng	2026-07-29T11:36:42Z	0	test-write-review	normalizer-integration	1	R-TRIVIAL-ASSERT	0	blocking	0	-
PRPs-agentic-eng	2026-07-29T11:51:02Z	0	test-write-review	normalizer-integration	2	R-AC-COVERAGE	1	blocking	0	-
PRPs-agentic-eng	2026-07-29T11:51:02Z	0	test-write-review	normalizer-integration	2	R-DUPLICATE	1	blocking	0	-
PRPs-agentic-eng	2026-07-29T11:51:02Z	0	test-write-review	normalizer-integration	2	R-GREEN-LEGITIMATE	1	blocking	0	-
PRPs-agentic-eng	2026-07-29T11:51:02Z	0	test-write-review	normalizer-integration	2	R-IMPL-LEAK	1	blocking	0	-
PRPs-agentic-eng	2026-07-29T11:51:02Z	0	test-write-review	normalizer-integration	2	R-LIFECYCLE-LEGITIMATE	1	blocking	0	-
PRPs-agentic-eng	2026-07-29T11:51:02Z	0	test-write-review	normalizer-integration	2	R-MOCK-ABUSE	1	blocking	0	-
PRPs-agentic-eng	2026-07-29T11:51:02Z	0	test-write-review	normalizer-integration	2	R-TRIVIAL-ASSERT	1	blocking	0	-
PRPs-agentic-eng	2026-07-26T14:38:29Z	0	test-write-review	plan-reviewer-action-validate-contradiction-check	1	R-AC-COVERAGE	1	blocking	0	-
PRPs-agentic-eng	2026-07-26T14:38:29Z	0	test-write-review	plan-reviewer-action-validate-contradiction-check	1	R-DUPLICATE	1	blocking	0	-
PRPs-agentic-eng	2026-07-26T14:38:29Z	0	test-write-review	plan-reviewer-action-validate-contradiction-check	1	R-GREEN-LEGITIMATE	1	blocking	0	-
PRPs-agentic-eng	2026-07-26T14:38:29Z	0	test-write-review	plan-reviewer-action-validate-contradiction-check	1	R-IMPL-LEAK	1	blocking	0	-
PRPs-agentic-eng	2026-07-26T14:38:29Z	0	test-write-review	plan-reviewer-action-validate-contradiction-check	1	R-LIFECYCLE-LEGITIMATE	1	blocking	0	-
PRPs-agentic-eng	2026-07-26T14:38:29Z	0	test-write-review	plan-reviewer-action-validate-contradiction-check	1	R-MOCK-ABUSE	1	blocking	0	-
PRPs-agentic-eng	2026-07-26T14:38:29Z	0	test-write-review	plan-reviewer-action-validate-contradiction-check	1	R-TRIVIAL-ASSERT	1	blocking	0	-
PRPs-agentic-eng	2026-07-29T00:40:47Z	0	test-write-review	rubric-reconciliation	1	R-AC-COVERAGE	1	blocking	0	-
PRPs-agentic-eng	2026-07-29T00:40:47Z	0	test-write-review	rubric-reconciliation	1	R-DUPLICATE	1	blocking	0	-
PRPs-agentic-eng	2026-07-29T00:40:47Z	0	test-write-review	rubric-reconciliation	1	R-GREEN-LEGITIMATE	0	blocking	0	-
PRPs-agentic-eng	2026-07-29T00:40:47Z	0	test-write-review	rubric-reconciliation	1	R-IMPL-LEAK	1	blocking	0	-
PRPs-agentic-eng	2026-07-29T00:40:47Z	0	test-write-review	rubric-reconciliation	1	R-LIFECYCLE-LEGITIMATE	1	blocking	0	-
PRPs-agentic-eng	2026-07-29T00:40:47Z	0	test-write-review	rubric-reconciliation	1	R-MOCK-ABUSE	1	blocking	0	-
PRPs-agentic-eng	2026-07-29T00:40:47Z	0	test-write-review	rubric-reconciliation	1	R-TRIVIAL-ASSERT	1	blocking	0	-
PRPs-agentic-eng	2026-07-29T01:01:21Z	0	test-write-review	rubric-reconciliation	2	R-AC-COVERAGE	1	blocking	0	-
PRPs-agentic-eng	2026-07-29T01:01:21Z	0	test-write-review	rubric-reconciliation	2	R-DUPLICATE	1	blocking	0	-
PRPs-agentic-eng	2026-07-29T01:01:21Z	0	test-write-review	rubric-reconciliation	2	R-GREEN-LEGITIMATE	1	blocking	0	-
PRPs-agentic-eng	2026-07-29T01:01:21Z	0	test-write-review	rubric-reconciliation	2	R-IMPL-LEAK	1	blocking	0	-
PRPs-agentic-eng	2026-07-29T01:01:21Z	0	test-write-review	rubric-reconciliation	2	R-LIFECYCLE-LEGITIMATE	1	blocking	0	-
PRPs-agentic-eng	2026-07-29T01:01:21Z	0	test-write-review	rubric-reconciliation	2	R-MOCK-ABUSE	1	blocking	0	-
PRPs-agentic-eng	2026-07-29T01:01:21Z	0	test-write-review	rubric-reconciliation	2	R-TRIVIAL-ASSERT	1	blocking	0	-
PRPs-agentic-eng	2026-07-13T14:14:20Z	0	test-write-review	validation-suite	1	R-AC-COVERAGE	1	blocking	0	-
PRPs-agentic-eng	2026-07-13T14:14:20Z	0	test-write-review	validation-suite	1	R-DUPLICATE	1	blocking	0	-
PRPs-agentic-eng	2026-07-13T14:14:20Z	0	test-write-review	validation-suite	1	R-GREEN-LEGITIMATE	1	blocking	0	-
PRPs-agentic-eng	2026-07-13T14:14:20Z	0	test-write-review	validation-suite	1	R-IMPL-LEAK	1	blocking	0	-
PRPs-agentic-eng	2026-07-13T14:14:20Z	0	test-write-review	validation-suite	1	R-LIFECYCLE-LEGITIMATE	1	blocking	0	-
PRPs-agentic-eng	2026-07-13T14:14:20Z	0	test-write-review	validation-suite	1	R-MOCK-ABUSE	1	blocking	0	-
PRPs-agentic-eng	2026-07-13T14:14:20Z	0	test-write-review	validation-suite	1	R-TRIVIAL-ASSERT	1	blocking	0	-
PRPs-agentic-eng	2026-07-13T17:35:39Z	0	test-write-review	validation-suite	2	R-AC-COVERAGE	1	blocking	0	-
PRPs-agentic-eng	2026-07-13T17:35:39Z	0	test-write-review	validation-suite	2	R-DUPLICATE	0	blocking	0	-
PRPs-agentic-eng	2026-07-13T17:35:39Z	0	test-write-review	validation-suite	2	R-GREEN-LEGITIMATE	1	blocking	0	-
PRPs-agentic-eng	2026-07-13T17:35:39Z	0	test-write-review	validation-suite	2	R-IMPL-LEAK	1	blocking	0	-
PRPs-agentic-eng	2026-07-13T17:35:39Z	0	test-write-review	validation-suite	2	R-LIFECYCLE-LEGITIMATE	1	blocking	0	-
PRPs-agentic-eng	2026-07-13T17:35:39Z	0	test-write-review	validation-suite	2	R-MOCK-ABUSE	1	blocking	0	-
PRPs-agentic-eng	2026-07-13T17:35:39Z	0	test-write-review	validation-suite	2	R-TRIVIAL-ASSERT	1	blocking	0	-
PRPs-agentic-eng	2026-07-13T17:43:16Z	0	test-write-review	validation-suite	3	R-AC-COVERAGE	1	blocking	0	-
PRPs-agentic-eng	2026-07-13T17:43:16Z	0	test-write-review	validation-suite	3	R-DUPLICATE	1	blocking	0	-
PRPs-agentic-eng	2026-07-13T17:43:16Z	0	test-write-review	validation-suite	3	R-GREEN-LEGITIMATE	1	blocking	0	-
PRPs-agentic-eng	2026-07-13T17:43:16Z	0	test-write-review	validation-suite	3	R-IMPL-LEAK	1	blocking	0	-
PRPs-agentic-eng	2026-07-13T17:43:16Z	0	test-write-review	validation-suite	3	R-LIFECYCLE-LEGITIMATE	1	blocking	0	-
PRPs-agentic-eng	2026-07-13T17:43:16Z	0	test-write-review	validation-suite	3	R-MOCK-ABUSE	1	blocking	0	-
PRPs-agentic-eng	2026-07-13T17:43:16Z	0	test-write-review	validation-suite	3	R-TRIVIAL-ASSERT	1	blocking	0	-
PRPs-agentic-eng	2026-07-13T19:50:54Z	0	test-write-review	validation-suite	4	R-AC-COVERAGE	1	blocking	0	-
PRPs-agentic-eng	2026-07-13T19:50:54Z	0	test-write-review	validation-suite	4	R-DUPLICATE	1	blocking	0	-
PRPs-agentic-eng	2026-07-13T19:50:54Z	0	test-write-review	validation-suite	4	R-GREEN-LEGITIMATE	1	blocking	0	-
PRPs-agentic-eng	2026-07-13T19:50:54Z	0	test-write-review	validation-suite	4	R-IMPL-LEAK	1	blocking	0	-
PRPs-agentic-eng	2026-07-13T19:50:54Z	0	test-write-review	validation-suite	4	R-LIFECYCLE-LEGITIMATE	1	blocking	0	-
PRPs-agentic-eng	2026-07-13T19:50:54Z	0	test-write-review	validation-suite	4	R-MOCK-ABUSE	1	blocking	0	-
PRPs-agentic-eng	2026-07-13T19:50:54Z	0	test-write-review	validation-suite	4	R-TRIVIAL-ASSERT	1	blocking	0	-
